"scenario_id","n","n_exposed","rho","true_beta","method","engine","variant","inference","cohort","generated_n","excluded_one_outcome_n","fitted_n","ci_available_n","ci_unavailable_fitted_n","ci_available_fraction","point_nonconverged_available_n","point_unknown_available_n","ci_nonconverged_available_n","ci_unknown_available_n","denominator_n","covered_n","interval_below_truth_n","interval_above_truth_n","coverage","mcse","mc_low","mc_high"
"C40R00",40,20,0,0.693147180559945,"brglm2|bg_asmean_default|Wald","brglm2","bg_asmean_default","Wald","available",2500,120,2380,2380,0,0.952,1,0,1,0,2380,2373,7,0,0.997058823529412,0.00111002421647387,0.994883176065123,0.999234470993701
"C40R00",40,20,0,0.693147180559945,"brglm2|bg_asmean_default|Wald","brglm2","bg_asmean_default","Wald","point_and_ci_converged",2500,120,2380,2380,0,0.952,1,0,1,0,2379,2372,7,0,0.997057587221522,0.00111049012077145,0.99488102658481,0.999234147858234
"C40R00",40,20,0,0.693147180559945,"brglm2|bg_asmean_default|Wald","brglm2","bg_asmean_default","Wald","point_converged",2500,120,2380,2380,0,0.952,1,0,1,0,2379,2372,7,0,0.997057587221522,0.00111049012077145,0.99488102658481,0.999234147858234
"C40R00",40,20,0,0.693147180559945,"brglm2|bg_asmean_epsilon12|Wald","brglm2","bg_asmean_epsilon12","Wald","available",2500,120,2380,2380,0,0.952,0,0,0,0,2380,2373,7,0,0.997058823529412,0.00111002421647387,0.994883176065123,0.999234470993701
"C40R00",40,20,0,0.693147180559945,"brglm2|bg_asmean_epsilon12|Wald","brglm2","bg_asmean_epsilon12","Wald","point_and_ci_converged",2500,120,2380,2380,0,0.952,0,0,0,0,2380,2373,7,0,0.997058823529412,0.00111002421647387,0.994883176065123,0.999234470993701
"C40R00",40,20,0,0.693147180559945,"brglm2|bg_asmean_epsilon12|Wald","brglm2","bg_asmean_epsilon12","Wald","point_converged",2500,120,2380,2380,0,0.952,0,0,0,0,2380,2373,7,0,0.997058823529412,0.00111002421647387,0.994883176065123,0.999234470993701
"C40R00",40,20,0,0.693147180559945,"brglm2|bg_asmean_maxit5000|Wald","brglm2","bg_asmean_maxit5000","Wald","available",2500,120,2380,2380,0,0.952,0,0,0,0,2380,2373,7,0,0.997058823529412,0.00111002421647387,0.994883176065123,0.999234470993701
"C40R00",40,20,0,0.693147180559945,"brglm2|bg_asmean_maxit5000|Wald","brglm2","bg_asmean_maxit5000","Wald","point_and_ci_converged",2500,120,2380,2380,0,0.952,0,0,0,0,2380,2373,7,0,0.997058823529412,0.00111002421647387,0.994883176065123,0.999234470993701
"C40R00",40,20,0,0.693147180559945,"brglm2|bg_asmean_maxit5000|Wald","brglm2","bg_asmean_maxit5000","Wald","point_converged",2500,120,2380,2380,0,0.952,0,0,0,0,2380,2373,7,0,0.997058823529412,0.00111002421647387,0.994883176065123,0.999234470993701
"C40R00",40,20,0,0.693147180559945,"brglm2|bg_mpl_default|Wald","brglm2","bg_mpl_default","Wald","available",2500,120,2380,2380,0,0.952,1,0,1,0,2380,2373,7,0,0.997058823529412,0.00111002421647387,0.994883176065123,0.999234470993701
"C40R00",40,20,0,0.693147180559945,"brglm2|bg_mpl_default|Wald","brglm2","bg_mpl_default","Wald","point_and_ci_converged",2500,120,2380,2380,0,0.952,1,0,1,0,2379,2372,7,0,0.997057587221522,0.00111049012077145,0.99488102658481,0.999234147858234
"C40R00",40,20,0,0.693147180559945,"brglm2|bg_mpl_default|Wald","brglm2","bg_mpl_default","Wald","point_converged",2500,120,2380,2380,0,0.952,1,0,1,0,2379,2372,7,0,0.997057587221522,0.00111049012077145,0.99488102658481,0.999234147858234
"C40R00",40,20,0,0.693147180559945,"brglm2|bg_mpl_epsilon12|Wald","brglm2","bg_mpl_epsilon12","Wald","available",2500,120,2380,2380,0,0.952,0,0,0,0,2380,2373,7,0,0.997058823529412,0.00111002421647387,0.994883176065123,0.999234470993701
"C40R00",40,20,0,0.693147180559945,"brglm2|bg_mpl_epsilon12|Wald","brglm2","bg_mpl_epsilon12","Wald","point_and_ci_converged",2500,120,2380,2380,0,0.952,0,0,0,0,2380,2373,7,0,0.997058823529412,0.00111002421647387,0.994883176065123,0.999234470993701
"C40R00",40,20,0,0.693147180559945,"brglm2|bg_mpl_epsilon12|Wald","brglm2","bg_mpl_epsilon12","Wald","point_converged",2500,120,2380,2380,0,0.952,0,0,0,0,2380,2373,7,0,0.997058823529412,0.00111002421647387,0.994883176065123,0.999234470993701
"C40R00",40,20,0,0.693147180559945,"brglm2|bg_mpl_maxit5000|Wald","brglm2","bg_mpl_maxit5000","Wald","available",2500,120,2380,2380,0,0.952,0,0,0,0,2380,2373,7,0,0.997058823529412,0.00111002421647387,0.994883176065123,0.999234470993701
"C40R00",40,20,0,0.693147180559945,"brglm2|bg_mpl_maxit5000|Wald","brglm2","bg_mpl_maxit5000","Wald","point_and_ci_converged",2500,120,2380,2380,0,0.952,0,0,0,0,2380,2373,7,0,0.997058823529412,0.00111002421647387,0.994883176065123,0.999234470993701
"C40R00",40,20,0,0.693147180559945,"brglm2|bg_mpl_maxit5000|Wald","brglm2","bg_mpl_maxit5000","Wald","point_converged",2500,120,2380,2380,0,0.952,0,0,0,0,2380,2373,7,0,0.997058823529412,0.00111002421647387,0.994883176065123,0.999234470993701
"C40R00",40,20,0,0.693147180559945,"logistf|lf_irls_default|PL","logistf","lf_irls_default","PL","available",2500,120,2380,2380,0,0.952,155,0,159,0,2380,2348,29,3,0.98655462184874,0.00236079675676144,0.981927460205487,0.991181783491992
"C40R00",40,20,0,0.693147180559945,"logistf|lf_irls_default|PL","logistf","lf_irls_default","PL","point_and_ci_converged",2500,120,2380,2380,0,0.952,155,0,159,0,2221,2189,29,3,0.985592075641603,0.00252857029773719,0.980636077858038,0.990548073425168
"C40R00",40,20,0,0.693147180559945,"logistf|lf_irls_default|PL","logistf","lf_irls_default","PL","point_converged",2500,120,2380,2380,0,0.952,155,0,159,0,2225,2193,29,3,0.98561797752809,0.00252405771952091,0.980670824397829,0.990565130658351
"C40R00",40,20,0,0.693147180559945,"logistf|lf_irls_default|Wald","logistf","lf_irls_default","Wald","available",2500,120,2380,2380,0,0.952,155,0,155,0,2380,2366,14,0,0.994117647058824,0.00156749423558533,0.991045358357076,0.997189935760571
"C40R00",40,20,0,0.693147180559945,"logistf|lf_irls_default|Wald","logistf","lf_irls_default","Wald","point_and_ci_converged",2500,120,2380,2380,0,0.952,155,0,155,0,2225,2211,14,0,0.993707865168539,0.00167634485614673,0.990422229250492,0.996993501086587
"C40R00",40,20,0,0.693147180559945,"logistf|lf_irls_default|Wald","logistf","lf_irls_default","Wald","point_converged",2500,120,2380,2380,0,0.952,155,0,155,0,2225,2211,14,0,0.993707865168539,0.00167634485614673,0.990422229250492,0.996993501086587
"C40R00",40,20,0,0.693147180559945,"logistf|lf_irls_fit_pl_tight|PL","logistf","lf_irls_fit_pl_tight","PL","available",2500,120,2380,2380,0,0.952,0,0,20,0,2380,2348,29,3,0.98655462184874,0.00236079675676144,0.981927460205487,0.991181783491992
"C40R00",40,20,0,0.693147180559945,"logistf|lf_irls_fit_pl_tight|PL","logistf","lf_irls_fit_pl_tight","PL","point_and_ci_converged",2500,120,2380,2380,0,0.952,0,0,20,0,2360,2328,29,3,0.986440677966102,0.00238066601739714,0.981774572572003,0.9911067833602
"C40R00",40,20,0,0.693147180559945,"logistf|lf_irls_fit_pl_tight|PL","logistf","lf_irls_fit_pl_tight","PL","point_converged",2500,120,2380,2380,0,0.952,0,0,20,0,2380,2348,29,3,0.98655462184874,0.00236079675676144,0.981927460205487,0.991181783491992
"C40R00",40,20,0,0.693147180559945,"logistf|lf_irls_fit_pl_tight|Wald","logistf","lf_irls_fit_pl_tight","Wald","available",2500,120,2380,2380,0,0.952,0,0,0,0,2380,2366,14,0,0.994117647058824,0.00156749423558533,0.991045358357076,0.997189935760571
"C40R00",40,20,0,0.693147180559945,"logistf|lf_irls_fit_pl_tight|Wald","logistf","lf_irls_fit_pl_tight","Wald","point_and_ci_converged",2500,120,2380,2380,0,0.952,0,0,0,0,2380,2366,14,0,0.994117647058824,0.00156749423558533,0.991045358357076,0.997189935760571
"C40R00",40,20,0,0.693147180559945,"logistf|lf_irls_fit_pl_tight|Wald","logistf","lf_irls_fit_pl_tight","Wald","point_converged",2500,120,2380,2380,0,0.952,0,0,0,0,2380,2366,14,0,0.994117647058824,0.00156749423558533,0.991045358357076,0.997189935760571
"C40R00",40,20,0,0.693147180559945,"logistf|lf_nr_default|PL","logistf","lf_nr_default","PL","available",2500,120,2380,2380,0,0.952,144,0,148,0,2380,2348,29,3,0.98655462184874,0.00236079675676144,0.981927460205487,0.991181783491992
"C40R00",40,20,0,0.693147180559945,"logistf|lf_nr_default|PL","logistf","lf_nr_default","PL","point_and_ci_converged",2500,120,2380,2380,0,0.952,144,0,148,0,2232,2200,29,3,0.985663082437276,0.00251619934042483,0.980731331730043,0.990594833144509
"C40R00",40,20,0,0.693147180559945,"logistf|lf_nr_default|PL","logistf","lf_nr_default","PL","point_converged",2500,120,2380,2380,0,0.952,144,0,148,0,2236,2204,29,3,0.985688729874776,0.00251173076696497,0.980765737571525,0.990611722178028
"C40R00",40,20,0,0.693147180559945,"logistf|lf_nr_default|Wald","logistf","lf_nr_default","Wald","available",2500,120,2380,2380,0,0.952,144,0,144,0,2380,2366,14,0,0.994117647058824,0.00156749423558533,0.991045358357076,0.997189935760571
"C40R00",40,20,0,0.693147180559945,"logistf|lf_nr_default|Wald","logistf","lf_nr_default","Wald","point_and_ci_converged",2500,120,2380,2380,0,0.952,144,0,144,0,2236,2222,14,0,0.993738819320215,0.0016681240596789,0.990469296163244,0.997008342477185
"C40R00",40,20,0,0.693147180559945,"logistf|lf_nr_default|Wald","logistf","lf_nr_default","Wald","point_converged",2500,120,2380,2380,0,0.952,144,0,144,0,2236,2222,14,0,0.993738819320215,0.0016681240596789,0.990469296163244,0.997008342477185
"C40R00",40,20,0,0.693147180559945,"logistf|lf_nr_fit_pl_tight|PL","logistf","lf_nr_fit_pl_tight","PL","available",2500,120,2380,2380,0,0.952,0,0,20,0,2380,2348,29,3,0.98655462184874,0.00236079675676144,0.981927460205487,0.991181783491992
"C40R00",40,20,0,0.693147180559945,"logistf|lf_nr_fit_pl_tight|PL","logistf","lf_nr_fit_pl_tight","PL","point_and_ci_converged",2500,120,2380,2380,0,0.952,0,0,20,0,2360,2328,29,3,0.986440677966102,0.00238066601739714,0.981774572572003,0.9911067833602
"C40R00",40,20,0,0.693147180559945,"logistf|lf_nr_fit_pl_tight|PL","logistf","lf_nr_fit_pl_tight","PL","point_converged",2500,120,2380,2380,0,0.952,0,0,20,0,2380,2348,29,3,0.98655462184874,0.00236079675676144,0.981927460205487,0.991181783491992
"C40R00",40,20,0,0.693147180559945,"logistf|lf_nr_fit_pl_tight|Wald","logistf","lf_nr_fit_pl_tight","Wald","available",2500,120,2380,2380,0,0.952,0,0,0,0,2380,2366,14,0,0.994117647058824,0.00156749423558533,0.991045358357076,0.997189935760571
"C40R00",40,20,0,0.693147180559945,"logistf|lf_nr_fit_pl_tight|Wald","logistf","lf_nr_fit_pl_tight","Wald","point_and_ci_converged",2500,120,2380,2380,0,0.952,0,0,0,0,2380,2366,14,0,0.994117647058824,0.00156749423558533,0.991045358357076,0.997189935760571
"C40R00",40,20,0,0.693147180559945,"logistf|lf_nr_fit_pl_tight|Wald","logistf","lf_nr_fit_pl_tight","Wald","point_converged",2500,120,2380,2380,0,0.952,0,0,0,0,2380,2366,14,0,0.994117647058824,0.00156749423558533,0.991045358357076,0.997189935760571
"C40R00",40,20,0,0.693147180559945,"logistf|lf_nr_fit_tight|PL","logistf","lf_nr_fit_tight","PL","available",2500,120,2380,2380,0,0.952,0,0,11,0,2380,2348,29,3,0.98655462184874,0.00236079675676144,0.981927460205487,0.991181783491992
"C40R00",40,20,0,0.693147180559945,"logistf|lf_nr_fit_tight|PL","logistf","lf_nr_fit_tight","PL","point_and_ci_converged",2500,120,2380,2380,0,0.952,0,0,11,0,2369,2337,29,3,0.986492190797805,0.00237168362068021,0.981843690901272,0.991140690694338
"C40R00",40,20,0,0.693147180559945,"logistf|lf_nr_fit_tight|PL","logistf","lf_nr_fit_tight","PL","point_converged",2500,120,2380,2380,0,0.952,0,0,11,0,2380,2348,29,3,0.98655462184874,0.00236079675676144,0.981927460205487,0.991181783491992
"C40R00",40,20,0,0.693147180559945,"logistf|lf_nr_fit_tight|Wald","logistf","lf_nr_fit_tight","Wald","available",2500,120,2380,2380,0,0.952,0,0,0,0,2380,2366,14,0,0.994117647058824,0.00156749423558533,0.991045358357076,0.997189935760571
"C40R00",40,20,0,0.693147180559945,"logistf|lf_nr_fit_tight|Wald","logistf","lf_nr_fit_tight","Wald","point_and_ci_converged",2500,120,2380,2380,0,0.952,0,0,0,0,2380,2366,14,0,0.994117647058824,0.00156749423558533,0.991045358357076,0.997189935760571
"C40R00",40,20,0,0.693147180559945,"logistf|lf_nr_fit_tight|Wald","logistf","lf_nr_fit_tight","Wald","point_converged",2500,120,2380,2380,0,0.952,0,0,0,0,2380,2366,14,0,0.994117647058824,0.00156749423558533,0.991045358357076,0.997189935760571
"C40R00",40,20,0,0.693147180559945,"logistf|lf_nr_maxit5000|PL","logistf","lf_nr_maxit5000","PL","available",2500,120,2380,2380,0,0.952,0,0,11,0,2380,2348,29,3,0.98655462184874,0.00236079675676144,0.981927460205487,0.991181783491992
"C40R00",40,20,0,0.693147180559945,"logistf|lf_nr_maxit5000|PL","logistf","lf_nr_maxit5000","PL","point_and_ci_converged",2500,120,2380,2380,0,0.952,0,0,11,0,2369,2337,29,3,0.986492190797805,0.00237168362068021,0.981843690901272,0.991140690694338
"C40R00",40,20,0,0.693147180559945,"logistf|lf_nr_maxit5000|PL","logistf","lf_nr_maxit5000","PL","point_converged",2500,120,2380,2380,0,0.952,0,0,11,0,2380,2348,29,3,0.98655462184874,0.00236079675676144,0.981927460205487,0.991181783491992
"C40R00",40,20,0,0.693147180559945,"logistf|lf_nr_maxit5000|Wald","logistf","lf_nr_maxit5000","Wald","available",2500,120,2380,2380,0,0.952,0,0,0,0,2380,2366,14,0,0.994117647058824,0.00156749423558533,0.991045358357076,0.997189935760571
"C40R00",40,20,0,0.693147180559945,"logistf|lf_nr_maxit5000|Wald","logistf","lf_nr_maxit5000","Wald","point_and_ci_converged",2500,120,2380,2380,0,0.952,0,0,0,0,2380,2366,14,0,0.994117647058824,0.00156749423558533,0.991045358357076,0.997189935760571
"C40R00",40,20,0,0.693147180559945,"logistf|lf_nr_maxit5000|Wald","logistf","lf_nr_maxit5000","Wald","point_converged",2500,120,2380,2380,0,0.952,0,0,0,0,2380,2366,14,0,0.994117647058824,0.00156749423558533,0.991045358357076,0.997189935760571
"C40R00",40,20,0,0.693147180559945,"logistf|lf_nr_pl_tight|PL","logistf","lf_nr_pl_tight","PL","available",2500,120,2380,2380,0,0.952,144,0,154,0,2380,2348,29,3,0.98655462184874,0.00236079675676144,0.981927460205487,0.991181783491992
"C40R00",40,20,0,0.693147180559945,"logistf|lf_nr_pl_tight|PL","logistf","lf_nr_pl_tight","PL","point_and_ci_converged",2500,120,2380,2380,0,0.952,144,0,154,0,2226,2194,29,3,0.985624438454627,0.00252293209030045,0.980679491557638,0.990569385351616
"C40R00",40,20,0,0.693147180559945,"logistf|lf_nr_pl_tight|PL","logistf","lf_nr_pl_tight","PL","point_converged",2500,120,2380,2380,0,0.952,144,0,154,0,2236,2204,29,3,0.985688729874776,0.00251173076696497,0.980765737571525,0.990611722178028
"C40R00",40,20,0,0.693147180559945,"logistf|lf_nr_pl_tight|Wald","logistf","lf_nr_pl_tight","Wald","available",2500,120,2380,2380,0,0.952,144,0,144,0,2380,2366,14,0,0.994117647058824,0.00156749423558533,0.991045358357076,0.997189935760571
"C40R00",40,20,0,0.693147180559945,"logistf|lf_nr_pl_tight|Wald","logistf","lf_nr_pl_tight","Wald","point_and_ci_converged",2500,120,2380,2380,0,0.952,144,0,144,0,2236,2222,14,0,0.993738819320215,0.0016681240596789,0.990469296163244,0.997008342477185
"C40R00",40,20,0,0.693147180559945,"logistf|lf_nr_pl_tight|Wald","logistf","lf_nr_pl_tight","Wald","point_converged",2500,120,2380,2380,0,0.952,144,0,144,0,2236,2222,14,0,0.993738819320215,0.0016681240596789,0.990469296163244,0.997008342477185
"C40R00",40,20,0,0.693147180559945,"sas_fl|default|PL","sas_fl","default","PL","available",2500,120,2380,2380,0,0.952,0,2380,0,2380,2380,2348,29,3,0.98655462184874,0.00236079675676144,0.981927460205487,0.991181783491992
"C40R00",40,20,0,0.693147180559945,"sas_fl|default|PL","sas_fl","default","PL","point_and_ci_converged",2500,120,2380,2380,0,0.952,0,2380,0,2380,0,0,0,0,,,,
"C40R00",40,20,0,0.693147180559945,"sas_fl|default|PL","sas_fl","default","PL","point_converged",2500,120,2380,2380,0,0.952,0,2380,0,2380,0,0,0,0,,,,
"C40R00",40,20,0,0.693147180559945,"sas_fl|tight|PL","sas_fl","tight","PL","available",2500,120,2380,2380,0,0.952,0,2380,0,2380,2380,2348,29,3,0.98655462184874,0.00236079675676144,0.981927460205487,0.991181783491992
"C40R00",40,20,0,0.693147180559945,"sas_fl|tight|PL","sas_fl","tight","PL","point_and_ci_converged",2500,120,2380,2380,0,0.952,0,2380,0,2380,0,0,0,0,,,,
"C40R00",40,20,0,0.693147180559945,"sas_fl|tight|PL","sas_fl","tight","PL","point_converged",2500,120,2380,2380,0,0.952,0,2380,0,2380,0,0,0,0,,,,
"C40R00",40,20,0,0.693147180559945,"sas_proc|fisher_cap|PL","sas_proc","fisher_cap","PL","available",2500,120,2380,2379,1,0.9516,101,0,0,2379,2379,2347,29,3,0.986548970155528,0.00236178234010338,0.981919876768925,0.99117806354213
"C40R00",40,20,0,0.693147180559945,"sas_proc|fisher_cap|PL","sas_proc","fisher_cap","PL","point_and_ci_converged",2500,120,2380,2379,1,0.9516,101,0,0,2379,0,0,0,0,,,,
"C40R00",40,20,0,0.693147180559945,"sas_proc|fisher_cap|PL","sas_proc","fisher_cap","PL","point_converged",2500,120,2380,2379,1,0.9516,101,0,0,2379,2278,2246,29,3,0.98595258999122,0.00246575138370171,0.981119717279165,0.990785462703276
"C40R00",40,20,0,0.693147180559945,"sas_proc|fisher_cap|Wald","sas_proc","fisher_cap","Wald","available",2500,120,2380,2380,0,0.952,101,0,101,0,2380,2373,7,0,0.997058823529412,0.00111002421647387,0.994883176065123,0.999234470993701
"C40R00",40,20,0,0.693147180559945,"sas_proc|fisher_cap|Wald","sas_proc","fisher_cap","Wald","point_and_ci_converged",2500,120,2380,2380,0,0.952,101,0,101,0,2279,2272,7,0,0.996928477402369,0.00115914214291732,0.994656558802251,0.999200396002487
"C40R00",40,20,0,0.693147180559945,"sas_proc|fisher_cap|Wald","sas_proc","fisher_cap","Wald","point_converged",2500,120,2380,2380,0,0.952,101,0,101,0,2279,2272,7,0,0.996928477402369,0.00115914214291732,0.994656558802251,0.999200396002487
"C40R00",40,20,0,0.693147180559945,"sas_proc|fisher_default|PL","sas_proc","fisher_default","PL","available",2500,120,2380,2327,53,0.9308,97,0,0,2327,2327,2296,29,2,0.986678126342931,0.00237668822130795,0.982019817429167,0.991336435256694
"C40R00",40,20,0,0.693147180559945,"sas_proc|fisher_default|PL","sas_proc","fisher_default","PL","point_and_ci_converged",2500,120,2380,2327,53,0.9308,97,0,0,2327,0,0,0,0,,,,
"C40R00",40,20,0,0.693147180559945,"sas_proc|fisher_default|PL","sas_proc","fisher_default","PL","point_converged",2500,120,2380,2327,53,0.9308,97,0,0,2327,2230,2199,29,2,0.98609865470852,0.00247934045643371,0.98123914741391,0.99095816200313
"C40R00",40,20,0,0.693147180559945,"sas_proc|fisher_default|Wald","sas_proc","fisher_default","Wald","available",2500,120,2380,2380,0,0.952,112,0,112,0,2380,2373,7,0,0.997058823529412,0.00111002421647387,0.994883176065123,0.999234470993701
"C40R00",40,20,0,0.693147180559945,"sas_proc|fisher_default|Wald","sas_proc","fisher_default","Wald","point_and_ci_converged",2500,120,2380,2380,0,0.952,112,0,112,0,2268,2261,7,0,0.996913580246914,0.00116475538192914,0.994630659698332,0.999196500795495
"C40R00",40,20,0,0.693147180559945,"sas_proc|fisher_default|Wald","sas_proc","fisher_default","Wald","point_converged",2500,120,2380,2380,0,0.952,112,0,112,0,2268,2261,7,0,0.996913580246914,0.00116475538192914,0.994630659698332,0.999196500795495
"C40R00",40,20,0,0.693147180559945,"sas_proc|fisher_gradient|PL","sas_proc","fisher_gradient","PL","available",2500,120,2380,2379,1,0.9516,101,0,0,2379,2379,2347,29,3,0.986548970155528,0.00236178234010338,0.981919876768925,0.99117806354213
"C40R00",40,20,0,0.693147180559945,"sas_proc|fisher_gradient|PL","sas_proc","fisher_gradient","PL","point_and_ci_converged",2500,120,2380,2379,1,0.9516,101,0,0,2379,0,0,0,0,,,,
"C40R00",40,20,0,0.693147180559945,"sas_proc|fisher_gradient|PL","sas_proc","fisher_gradient","PL","point_converged",2500,120,2380,2379,1,0.9516,101,0,0,2379,2278,2246,29,3,0.98595258999122,0.00246575138370171,0.981119717279165,0.990785462703276
"C40R00",40,20,0,0.693147180559945,"sas_proc|fisher_gradient|Wald","sas_proc","fisher_gradient","Wald","available",2500,120,2380,2380,0,0.952,101,0,101,0,2380,2373,7,0,0.997058823529412,0.00111002421647387,0.994883176065123,0.999234470993701
"C40R00",40,20,0,0.693147180559945,"sas_proc|fisher_gradient|Wald","sas_proc","fisher_gradient","Wald","point_and_ci_converged",2500,120,2380,2380,0,0.952,101,0,101,0,2279,2272,7,0,0.996928477402369,0.00115914214291732,0.994656558802251,0.999200396002487
"C40R00",40,20,0,0.693147180559945,"sas_proc|fisher_gradient|Wald","sas_proc","fisher_gradient","Wald","point_converged",2500,120,2380,2380,0,0.952,101,0,101,0,2279,2272,7,0,0.996928477402369,0.00115914214291732,0.994656558802251,0.999200396002487
"C40R00",40,20,0,0.693147180559945,"sas_proc|fisher_parameter|PL","sas_proc","fisher_parameter","PL","available",2500,120,2380,2379,1,0.9516,101,0,0,2379,2379,2347,29,3,0.986548970155528,0.00236178234010338,0.981919876768925,0.99117806354213
"C40R00",40,20,0,0.693147180559945,"sas_proc|fisher_parameter|PL","sas_proc","fisher_parameter","PL","point_and_ci_converged",2500,120,2380,2379,1,0.9516,101,0,0,2379,0,0,0,0,,,,
"C40R00",40,20,0,0.693147180559945,"sas_proc|fisher_parameter|PL","sas_proc","fisher_parameter","PL","point_converged",2500,120,2380,2379,1,0.9516,101,0,0,2379,2278,2246,29,3,0.98595258999122,0.00246575138370171,0.981119717279165,0.990785462703276
"C40R00",40,20,0,0.693147180559945,"sas_proc|fisher_parameter|Wald","sas_proc","fisher_parameter","Wald","available",2500,120,2380,2380,0,0.952,101,0,101,0,2380,2373,7,0,0.997058823529412,0.00111002421647387,0.994883176065123,0.999234470993701
"C40R00",40,20,0,0.693147180559945,"sas_proc|fisher_parameter|Wald","sas_proc","fisher_parameter","Wald","point_and_ci_converged",2500,120,2380,2380,0,0.952,101,0,101,0,2279,2272,7,0,0.996928477402369,0.00115914214291732,0.994656558802251,0.999200396002487
"C40R00",40,20,0,0.693147180559945,"sas_proc|fisher_parameter|Wald","sas_proc","fisher_parameter","Wald","point_converged",2500,120,2380,2380,0,0.952,101,0,101,0,2279,2272,7,0,0.996928477402369,0.00115914214291732,0.994656558802251,0.999200396002487
"C40R00",40,20,0,0.693147180559945,"sas_proc|fisher_pl|PL","sas_proc","fisher_pl","PL","available",2500,120,2380,2376,4,0.9504,101,0,0,2376,2376,2344,29,3,0.986531986531986,0.00236474403349618,0.981897088226334,0.991166884837639
"C40R00",40,20,0,0.693147180559945,"sas_proc|fisher_pl|PL","sas_proc","fisher_pl","PL","point_and_ci_converged",2500,120,2380,2376,4,0.9504,101,0,0,2376,0,0,0,0,,,,
"C40R00",40,20,0,0.693147180559945,"sas_proc|fisher_pl|PL","sas_proc","fisher_pl","PL","point_converged",2500,120,2380,2376,4,0.9504,101,0,0,2376,2275,2243,29,3,0.985934065934066,0.00246897973009067,0.981094865663088,0.990773266205044
"C40R00",40,20,0,0.693147180559945,"sas_proc|fisher_pl|Wald","sas_proc","fisher_pl","Wald","available",2500,120,2380,2380,0,0.952,101,0,101,0,2380,2373,7,0,0.997058823529412,0.00111002421647387,0.994883176065123,0.999234470993701
"C40R00",40,20,0,0.693147180559945,"sas_proc|fisher_pl|Wald","sas_proc","fisher_pl","Wald","point_and_ci_converged",2500,120,2380,2380,0,0.952,101,0,101,0,2279,2272,7,0,0.996928477402369,0.00115914214291732,0.994656558802251,0.999200396002487
"C40R00",40,20,0,0.693147180559945,"sas_proc|fisher_pl|Wald","sas_proc","fisher_pl","Wald","point_converged",2500,120,2380,2380,0,0.952,101,0,101,0,2279,2272,7,0,0.996928477402369,0.00115914214291732,0.994656558802251,0.999200396002487
"C40R00",40,20,0,0.693147180559945,"sas_proc|newton_default|PL","sas_proc","newton_default","PL","available",2500,120,2380,2327,53,0.9308,97,0,0,2327,2327,2296,29,2,0.986678126342931,0.00237668822130795,0.982019817429167,0.991336435256694
"C40R00",40,20,0,0.693147180559945,"sas_proc|newton_default|PL","sas_proc","newton_default","PL","point_and_ci_converged",2500,120,2380,2327,53,0.9308,97,0,0,2327,0,0,0,0,,,,
"C40R00",40,20,0,0.693147180559945,"sas_proc|newton_default|PL","sas_proc","newton_default","PL","point_converged",2500,120,2380,2327,53,0.9308,97,0,0,2327,2230,2199,29,2,0.98609865470852,0.00247934045643371,0.98123914741391,0.99095816200313
"C40R00",40,20,0,0.693147180559945,"sas_proc|newton_default|Wald","sas_proc","newton_default","Wald","available",2500,120,2380,2380,0,0.952,112,0,112,0,2380,2373,7,0,0.997058823529412,0.00111002421647387,0.994883176065123,0.999234470993701
"C40R00",40,20,0,0.693147180559945,"sas_proc|newton_default|Wald","sas_proc","newton_default","Wald","point_and_ci_converged",2500,120,2380,2380,0,0.952,112,0,112,0,2268,2261,7,0,0.996913580246914,0.00116475538192914,0.994630659698332,0.999196500795495
"C40R00",40,20,0,0.693147180559945,"sas_proc|newton_default|Wald","sas_proc","newton_default","Wald","point_converged",2500,120,2380,2380,0,0.952,112,0,112,0,2268,2261,7,0,0.996913580246914,0.00116475538192914,0.994630659698332,0.999196500795495
"C40R00",40,20,0,0.693147180559945,"sas_proc|newton_gradient|PL","sas_proc","newton_gradient","PL","available",2500,120,2380,2379,1,0.9516,101,0,0,2379,2379,2347,29,3,0.986548970155528,0.00236178234010338,0.981919876768925,0.99117806354213
"C40R00",40,20,0,0.693147180559945,"sas_proc|newton_gradient|PL","sas_proc","newton_gradient","PL","point_and_ci_converged",2500,120,2380,2379,1,0.9516,101,0,0,2379,0,0,0,0,,,,
"C40R00",40,20,0,0.693147180559945,"sas_proc|newton_gradient|PL","sas_proc","newton_gradient","PL","point_converged",2500,120,2380,2379,1,0.9516,101,0,0,2379,2278,2246,29,3,0.98595258999122,0.00246575138370171,0.981119717279165,0.990785462703276
"C40R00",40,20,0,0.693147180559945,"sas_proc|newton_gradient|Wald","sas_proc","newton_gradient","Wald","available",2500,120,2380,2380,0,0.952,101,0,101,0,2380,2373,7,0,0.997058823529412,0.00111002421647387,0.994883176065123,0.999234470993701
"C40R00",40,20,0,0.693147180559945,"sas_proc|newton_gradient|Wald","sas_proc","newton_gradient","Wald","point_and_ci_converged",2500,120,2380,2380,0,0.952,101,0,101,0,2279,2272,7,0,0.996928477402369,0.00115914214291732,0.994656558802251,0.999200396002487
"C40R00",40,20,0,0.693147180559945,"sas_proc|newton_gradient|Wald","sas_proc","newton_gradient","Wald","point_converged",2500,120,2380,2380,0,0.952,101,0,101,0,2279,2272,7,0,0.996928477402369,0.00115914214291732,0.994656558802251,0.999200396002487
"C40R50",40,20,0.5,0.693147180559945,"brglm2|bg_asmean_default|Wald","brglm2","bg_asmean_default","Wald","available",2500,120,2380,2380,0,0.952,3,0,3,0,2380,2375,5,0,0.997899159663866,0.000938536946085024,0.996059627249539,0.999738692078192
"C40R50",40,20,0.5,0.693147180559945,"brglm2|bg_asmean_default|Wald","brglm2","bg_asmean_default","Wald","point_and_ci_converged",2500,120,2380,2380,0,0.952,3,0,3,0,2377,2372,5,0,0.997896508203618,0.000939720220504387,0.996054656571429,0.999738359835807
"C40R50",40,20,0.5,0.693147180559945,"brglm2|bg_asmean_default|Wald","brglm2","bg_asmean_default","Wald","point_converged",2500,120,2380,2380,0,0.952,3,0,3,0,2377,2372,5,0,0.997896508203618,0.000939720220504387,0.996054656571429,0.999738359835807
"C40R50",40,20,0.5,0.693147180559945,"brglm2|bg_asmean_epsilon12|Wald","brglm2","bg_asmean_epsilon12","Wald","available",2500,120,2380,2380,0,0.952,0,0,0,0,2380,2375,5,0,0.997899159663866,0.000938536946085024,0.996059627249539,0.999738692078192
"C40R50",40,20,0.5,0.693147180559945,"brglm2|bg_asmean_epsilon12|Wald","brglm2","bg_asmean_epsilon12","Wald","point_and_ci_converged",2500,120,2380,2380,0,0.952,0,0,0,0,2380,2375,5,0,0.997899159663866,0.000938536946085024,0.996059627249539,0.999738692078192
"C40R50",40,20,0.5,0.693147180559945,"brglm2|bg_asmean_epsilon12|Wald","brglm2","bg_asmean_epsilon12","Wald","point_converged",2500,120,2380,2380,0,0.952,0,0,0,0,2380,2375,5,0,0.997899159663866,0.000938536946085024,0.996059627249539,0.999738692078192
"C40R50",40,20,0.5,0.693147180559945,"brglm2|bg_asmean_maxit5000|Wald","brglm2","bg_asmean_maxit5000","Wald","available",2500,120,2380,2380,0,0.952,0,0,0,0,2380,2375,5,0,0.997899159663866,0.000938536946085024,0.996059627249539,0.999738692078192
"C40R50",40,20,0.5,0.693147180559945,"brglm2|bg_asmean_maxit5000|Wald","brglm2","bg_asmean_maxit5000","Wald","point_and_ci_converged",2500,120,2380,2380,0,0.952,0,0,0,0,2380,2375,5,0,0.997899159663866,0.000938536946085024,0.996059627249539,0.999738692078192
"C40R50",40,20,0.5,0.693147180559945,"brglm2|bg_asmean_maxit5000|Wald","brglm2","bg_asmean_maxit5000","Wald","point_converged",2500,120,2380,2380,0,0.952,0,0,0,0,2380,2375,5,0,0.997899159663866,0.000938536946085024,0.996059627249539,0.999738692078192
"C40R50",40,20,0.5,0.693147180559945,"brglm2|bg_mpl_default|Wald","brglm2","bg_mpl_default","Wald","available",2500,120,2380,2380,0,0.952,3,0,3,0,2380,2375,5,0,0.997899159663866,0.000938536946085024,0.996059627249539,0.999738692078192
"C40R50",40,20,0.5,0.693147180559945,"brglm2|bg_mpl_default|Wald","brglm2","bg_mpl_default","Wald","point_and_ci_converged",2500,120,2380,2380,0,0.952,3,0,3,0,2377,2372,5,0,0.997896508203618,0.000939720220504387,0.996054656571429,0.999738359835807
"C40R50",40,20,0.5,0.693147180559945,"brglm2|bg_mpl_default|Wald","brglm2","bg_mpl_default","Wald","point_converged",2500,120,2380,2380,0,0.952,3,0,3,0,2377,2372,5,0,0.997896508203618,0.000939720220504387,0.996054656571429,0.999738359835807
"C40R50",40,20,0.5,0.693147180559945,"brglm2|bg_mpl_epsilon12|Wald","brglm2","bg_mpl_epsilon12","Wald","available",2500,120,2380,2380,0,0.952,0,0,0,0,2380,2375,5,0,0.997899159663866,0.000938536946085024,0.996059627249539,0.999738692078192
"C40R50",40,20,0.5,0.693147180559945,"brglm2|bg_mpl_epsilon12|Wald","brglm2","bg_mpl_epsilon12","Wald","point_and_ci_converged",2500,120,2380,2380,0,0.952,0,0,0,0,2380,2375,5,0,0.997899159663866,0.000938536946085024,0.996059627249539,0.999738692078192
"C40R50",40,20,0.5,0.693147180559945,"brglm2|bg_mpl_epsilon12|Wald","brglm2","bg_mpl_epsilon12","Wald","point_converged",2500,120,2380,2380,0,0.952,0,0,0,0,2380,2375,5,0,0.997899159663866,0.000938536946085024,0.996059627249539,0.999738692078192
"C40R50",40,20,0.5,0.693147180559945,"brglm2|bg_mpl_maxit5000|Wald","brglm2","bg_mpl_maxit5000","Wald","available",2500,120,2380,2380,0,0.952,0,0,0,0,2380,2375,5,0,0.997899159663866,0.000938536946085024,0.996059627249539,0.999738692078192
"C40R50",40,20,0.5,0.693147180559945,"brglm2|bg_mpl_maxit5000|Wald","brglm2","bg_mpl_maxit5000","Wald","point_and_ci_converged",2500,120,2380,2380,0,0.952,0,0,0,0,2380,2375,5,0,0.997899159663866,0.000938536946085024,0.996059627249539,0.999738692078192
"C40R50",40,20,0.5,0.693147180559945,"brglm2|bg_mpl_maxit5000|Wald","brglm2","bg_mpl_maxit5000","Wald","point_converged",2500,120,2380,2380,0,0.952,0,0,0,0,2380,2375,5,0,0.997899159663866,0.000938536946085024,0.996059627249539,0.999738692078192
"C40R50",40,20,0.5,0.693147180559945,"logistf|lf_irls_default|PL","logistf","lf_irls_default","PL","available",2500,120,2380,2380,0,0.952,181,0,185,0,2380,2343,33,4,0.984453781512605,0.00253583838075988,0.979483538286316,0.989424024738894
"C40R50",40,20,0.5,0.693147180559945,"logistf|lf_irls_default|PL","logistf","lf_irls_default","PL","point_and_ci_converged",2500,120,2380,2380,0,0.952,181,0,185,0,2195,2161,30,4,0.984510250569476,0.00263581578862662,0.979344051623768,0.989676449515184
"C40R50",40,20,0.5,0.693147180559945,"logistf|lf_irls_default|PL","logistf","lf_irls_default","PL","point_converged",2500,120,2380,2380,0,0.952,181,0,185,0,2199,2165,30,4,0.984538426557526,0.00263105886564804,0.979381551180856,0.989695301934196
"C40R50",40,20,0.5,0.693147180559945,"logistf|lf_irls_default|Wald","logistf","lf_irls_default","Wald","available",2500,120,2380,2380,0,0.952,181,0,181,0,2380,2359,21,0,0.991176470588235,0.00191693851030866,0.98741927110803,0.99493367006844
"C40R50",40,20,0.5,0.693147180559945,"logistf|lf_irls_default|Wald","logistf","lf_irls_default","Wald","point_and_ci_converged",2500,120,2380,2380,0,0.952,181,0,181,0,2199,2179,20,0,0.990904956798545,0.0020244440049451,0.986937046548852,0.994872867048237
"C40R50",40,20,0.5,0.693147180559945,"logistf|lf_irls_default|Wald","logistf","lf_irls_default","Wald","point_converged",2500,120,2380,2380,0,0.952,181,0,181,0,2199,2179,20,0,0.990904956798545,0.0020244440049451,0.986937046548852,0.994872867048237
"C40R50",40,20,0.5,0.693147180559945,"logistf|lf_irls_fit_pl_tight|PL","logistf","lf_irls_fit_pl_tight","PL","available",2500,120,2380,2380,0,0.952,0,0,17,0,2380,2343,33,4,0.984453781512605,0.00253583838075988,0.979483538286316,0.989424024738894
"C40R50",40,20,0.5,0.693147180559945,"logistf|lf_irls_fit_pl_tight|PL","logistf","lf_irls_fit_pl_tight","PL","point_and_ci_converged",2500,120,2380,2380,0,0.952,0,0,17,0,2363,2327,32,4,0.984765129073212,0.00251972914620222,0.979826459946656,0.989703798199768
"C40R50",40,20,0.5,0.693147180559945,"logistf|lf_irls_fit_pl_tight|PL","logistf","lf_irls_fit_pl_tight","PL","point_converged",2500,120,2380,2380,0,0.952,0,0,17,0,2380,2343,33,4,0.984453781512605,0.00253583838075988,0.979483538286316,0.989424024738894
"C40R50",40,20,0.5,0.693147180559945,"logistf|lf_irls_fit_pl_tight|Wald","logistf","lf_irls_fit_pl_tight","Wald","available",2500,120,2380,2380,0,0.952,0,0,0,0,2380,2359,21,0,0.991176470588235,0.00191693851030866,0.98741927110803,0.99493367006844
"C40R50",40,20,0.5,0.693147180559945,"logistf|lf_irls_fit_pl_tight|Wald","logistf","lf_irls_fit_pl_tight","Wald","point_and_ci_converged",2500,120,2380,2380,0,0.952,0,0,0,0,2380,2359,21,0,0.991176470588235,0.00191693851030866,0.98741927110803,0.99493367006844
"C40R50",40,20,0.5,0.693147180559945,"logistf|lf_irls_fit_pl_tight|Wald","logistf","lf_irls_fit_pl_tight","Wald","point_converged",2500,120,2380,2380,0,0.952,0,0,0,0,2380,2359,21,0,0.991176470588235,0.00191693851030866,0.98741927110803,0.99493367006844
"C40R50",40,20,0.5,0.693147180559945,"logistf|lf_nr_default|PL","logistf","lf_nr_default","PL","available",2500,120,2380,2380,0,0.952,160,0,164,0,2380,2343,33,4,0.984453781512605,0.00253583838075988,0.979483538286316,0.989424024738894
"C40R50",40,20,0.5,0.693147180559945,"logistf|lf_nr_default|PL","logistf","lf_nr_default","PL","point_and_ci_converged",2500,120,2380,2380,0,0.952,160,0,164,0,2216,2181,31,4,0.984205776173285,0.00264854417476466,0.979014629590746,0.989396922755824
"C40R50",40,20,0.5,0.693147180559945,"logistf|lf_nr_default|PL","logistf","lf_nr_default","PL","point_converged",2500,120,2380,2380,0,0.952,160,0,164,0,2220,2185,31,4,0.984234234234234,0.00264381024482162,0.979052366154384,0.989416102314085
"C40R50",40,20,0.5,0.693147180559945,"logistf|lf_nr_default|Wald","logistf","lf_nr_default","Wald","available",2500,120,2380,2380,0,0.952,160,0,160,0,2380,2359,21,0,0.991176470588235,0.00191693851030866,0.98741927110803,0.99493367006844
"C40R50",40,20,0.5,0.693147180559945,"logistf|lf_nr_default|Wald","logistf","lf_nr_default","Wald","point_and_ci_converged",2500,120,2380,2380,0,0.952,160,0,160,0,2220,2200,20,0,0.990990990990991,0.00200538091073871,0.987060444405943,0.994921537576039
"C40R50",40,20,0.5,0.693147180559945,"logistf|lf_nr_default|Wald","logistf","lf_nr_default","Wald","point_converged",2500,120,2380,2380,0,0.952,160,0,160,0,2220,2200,20,0,0.990990990990991,0.00200538091073871,0.987060444405943,0.994921537576039
"C40R50",40,20,0.5,0.693147180559945,"logistf|lf_nr_fit_pl_tight|PL","logistf","lf_nr_fit_pl_tight","PL","available",2500,120,2380,2380,0,0.952,0,0,18,0,2380,2343,33,4,0.984453781512605,0.00253583838075988,0.979483538286316,0.989424024738894
"C40R50",40,20,0.5,0.693147180559945,"logistf|lf_nr_fit_pl_tight|PL","logistf","lf_nr_fit_pl_tight","PL","point_and_ci_converged",2500,120,2380,2380,0,0.952,0,0,18,0,2362,2326,32,4,0.984758679085521,0.00252078766866126,0.979817935254945,0.989699422916097
"C40R50",40,20,0.5,0.693147180559945,"logistf|lf_nr_fit_pl_tight|PL","logistf","lf_nr_fit_pl_tight","PL","point_converged",2500,120,2380,2380,0,0.952,0,0,18,0,2380,2343,33,4,0.984453781512605,0.00253583838075988,0.979483538286316,0.989424024738894
"C40R50",40,20,0.5,0.693147180559945,"logistf|lf_nr_fit_pl_tight|Wald","logistf","lf_nr_fit_pl_tight","Wald","available",2500,120,2380,2380,0,0.952,0,0,0,0,2380,2359,21,0,0.991176470588235,0.00191693851030866,0.98741927110803,0.99493367006844
"C40R50",40,20,0.5,0.693147180559945,"logistf|lf_nr_fit_pl_tight|Wald","logistf","lf_nr_fit_pl_tight","Wald","point_and_ci_converged",2500,120,2380,2380,0,0.952,0,0,0,0,2380,2359,21,0,0.991176470588235,0.00191693851030866,0.98741927110803,0.99493367006844
"C40R50",40,20,0.5,0.693147180559945,"logistf|lf_nr_fit_pl_tight|Wald","logistf","lf_nr_fit_pl_tight","Wald","point_converged",2500,120,2380,2380,0,0.952,0,0,0,0,2380,2359,21,0,0.991176470588235,0.00191693851030866,0.98741927110803,0.99493367006844
"C40R50",40,20,0.5,0.693147180559945,"logistf|lf_nr_fit_tight|PL","logistf","lf_nr_fit_tight","PL","available",2500,120,2380,2380,0,0.952,0,0,8,0,2380,2343,33,4,0.984453781512605,0.00253583838075988,0.979483538286316,0.989424024738894
"C40R50",40,20,0.5,0.693147180559945,"logistf|lf_nr_fit_tight|PL","logistf","lf_nr_fit_tight","PL","point_and_ci_converged",2500,120,2380,2380,0,0.952,0,0,8,0,2372,2335,33,4,0.984401349072513,0.00254432319680866,0.979414475606768,0.989388222538258
"C40R50",40,20,0.5,0.693147180559945,"logistf|lf_nr_fit_tight|PL","logistf","lf_nr_fit_tight","PL","point_converged",2500,120,2380,2380,0,0.952,0,0,8,0,2380,2343,33,4,0.984453781512605,0.00253583838075988,0.979483538286316,0.989424024738894
"C40R50",40,20,0.5,0.693147180559945,"logistf|lf_nr_fit_tight|Wald","logistf","lf_nr_fit_tight","Wald","available",2500,120,2380,2380,0,0.952,0,0,0,0,2380,2359,21,0,0.991176470588235,0.00191693851030866,0.98741927110803,0.99493367006844
"C40R50",40,20,0.5,0.693147180559945,"logistf|lf_nr_fit_tight|Wald","logistf","lf_nr_fit_tight","Wald","point_and_ci_converged",2500,120,2380,2380,0,0.952,0,0,0,0,2380,2359,21,0,0.991176470588235,0.00191693851030866,0.98741927110803,0.99493367006844
"C40R50",40,20,0.5,0.693147180559945,"logistf|lf_nr_fit_tight|Wald","logistf","lf_nr_fit_tight","Wald","point_converged",2500,120,2380,2380,0,0.952,0,0,0,0,2380,2359,21,0,0.991176470588235,0.00191693851030866,0.98741927110803,0.99493367006844
"C40R50",40,20,0.5,0.693147180559945,"logistf|lf_nr_maxit5000|PL","logistf","lf_nr_maxit5000","PL","available",2500,120,2380,2380,0,0.952,0,0,8,0,2380,2343,33,4,0.984453781512605,0.00253583838075988,0.979483538286316,0.989424024738894
"C40R50",40,20,0.5,0.693147180559945,"logistf|lf_nr_maxit5000|PL","logistf","lf_nr_maxit5000","PL","point_and_ci_converged",2500,120,2380,2380,0,0.952,0,0,8,0,2372,2335,33,4,0.984401349072513,0.00254432319680866,0.979414475606768,0.989388222538258
"C40R50",40,20,0.5,0.693147180559945,"logistf|lf_nr_maxit5000|PL","logistf","lf_nr_maxit5000","PL","point_converged",2500,120,2380,2380,0,0.952,0,0,8,0,2380,2343,33,4,0.984453781512605,0.00253583838075988,0.979483538286316,0.989424024738894
"C40R50",40,20,0.5,0.693147180559945,"logistf|lf_nr_maxit5000|Wald","logistf","lf_nr_maxit5000","Wald","available",2500,120,2380,2380,0,0.952,0,0,0,0,2380,2359,21,0,0.991176470588235,0.00191693851030866,0.98741927110803,0.99493367006844
"C40R50",40,20,0.5,0.693147180559945,"logistf|lf_nr_maxit5000|Wald","logistf","lf_nr_maxit5000","Wald","point_and_ci_converged",2500,120,2380,2380,0,0.952,0,0,0,0,2380,2359,21,0,0.991176470588235,0.00191693851030866,0.98741927110803,0.99493367006844
"C40R50",40,20,0.5,0.693147180559945,"logistf|lf_nr_maxit5000|Wald","logistf","lf_nr_maxit5000","Wald","point_converged",2500,120,2380,2380,0,0.952,0,0,0,0,2380,2359,21,0,0.991176470588235,0.00191693851030866,0.98741927110803,0.99493367006844
"C40R50",40,20,0.5,0.693147180559945,"logistf|lf_nr_pl_tight|PL","logistf","lf_nr_pl_tight","PL","available",2500,120,2380,2380,0,0.952,160,0,173,0,2380,2343,33,4,0.984453781512605,0.00253583838075988,0.979483538286316,0.989424024738894
"C40R50",40,20,0.5,0.693147180559945,"logistf|lf_nr_pl_tight|PL","logistf","lf_nr_pl_tight","PL","point_and_ci_converged",2500,120,2380,2380,0,0.952,160,0,173,0,2207,2173,30,4,0.984594472134119,0.00262159633928122,0.979456143309127,0.98973280095911
"C40R50",40,20,0.5,0.693147180559945,"logistf|lf_nr_pl_tight|PL","logistf","lf_nr_pl_tight","PL","point_converged",2500,120,2380,2380,0,0.952,160,0,173,0,2220,2185,31,4,0.984234234234234,0.00264381024482162,0.979052366154384,0.989416102314085
"C40R50",40,20,0.5,0.693147180559945,"logistf|lf_nr_pl_tight|Wald","logistf","lf_nr_pl_tight","Wald","available",2500,120,2380,2380,0,0.952,160,0,160,0,2380,2359,21,0,0.991176470588235,0.00191693851030866,0.98741927110803,0.99493367006844
"C40R50",40,20,0.5,0.693147180559945,"logistf|lf_nr_pl_tight|Wald","logistf","lf_nr_pl_tight","Wald","point_and_ci_converged",2500,120,2380,2380,0,0.952,160,0,160,0,2220,2200,20,0,0.990990990990991,0.00200538091073871,0.987060444405943,0.994921537576039
"C40R50",40,20,0.5,0.693147180559945,"logistf|lf_nr_pl_tight|Wald","logistf","lf_nr_pl_tight","Wald","point_converged",2500,120,2380,2380,0,0.952,160,0,160,0,2220,2200,20,0,0.990990990990991,0.00200538091073871,0.987060444405943,0.994921537576039
"C40R50",40,20,0.5,0.693147180559945,"sas_fl|default|PL","sas_fl","default","PL","available",2500,120,2380,2380,0,0.952,0,2380,0,2380,2380,2343,33,4,0.984453781512605,0.00253583838075988,0.979483538286316,0.989424024738894
"C40R50",40,20,0.5,0.693147180559945,"sas_fl|default|PL","sas_fl","default","PL","point_and_ci_converged",2500,120,2380,2380,0,0.952,0,2380,0,2380,0,0,0,0,,,,
"C40R50",40,20,0.5,0.693147180559945,"sas_fl|default|PL","sas_fl","default","PL","point_converged",2500,120,2380,2380,0,0.952,0,2380,0,2380,0,0,0,0,,,,
"C40R50",40,20,0.5,0.693147180559945,"sas_fl|tight|PL","sas_fl","tight","PL","available",2500,120,2380,2380,0,0.952,0,2380,0,2380,2380,2343,33,4,0.984453781512605,0.00253583838075988,0.979483538286316,0.989424024738894
"C40R50",40,20,0.5,0.693147180559945,"sas_fl|tight|PL","sas_fl","tight","PL","point_and_ci_converged",2500,120,2380,2380,0,0.952,0,2380,0,2380,0,0,0,0,,,,
"C40R50",40,20,0.5,0.693147180559945,"sas_fl|tight|PL","sas_fl","tight","PL","point_converged",2500,120,2380,2380,0,0.952,0,2380,0,2380,0,0,0,0,,,,
"C40R50",40,20,0.5,0.693147180559945,"sas_proc|fisher_cap|PL","sas_proc","fisher_cap","PL","available",2500,120,2380,2379,1,0.9516,126,0,0,2379,2379,2342,33,4,0.984447246742329,0.00253689588698362,0.979474930803841,0.989419562680817
"C40R50",40,20,0.5,0.693147180559945,"sas_proc|fisher_cap|PL","sas_proc","fisher_cap","PL","point_and_ci_converged",2500,120,2380,2379,1,0.9516,126,0,0,2379,0,0,0,0,,,,
"C40R50",40,20,0.5,0.693147180559945,"sas_proc|fisher_cap|PL","sas_proc","fisher_cap","PL","point_converged",2500,120,2380,2379,1,0.9516,126,0,0,2379,2253,2218,31,4,0.984465157567687,0.00260539158132086,0.979358590068299,0.989571725067076
"C40R50",40,20,0.5,0.693147180559945,"sas_proc|fisher_cap|Wald","sas_proc","fisher_cap","Wald","available",2500,120,2380,2380,0,0.952,126,0,126,0,2380,2376,4,0,0.998319327731092,0.000839629672677408,0.996673653572645,0.99996500188954
"C40R50",40,20,0.5,0.693147180559945,"sas_proc|fisher_cap|Wald","sas_proc","fisher_cap","Wald","point_and_ci_converged",2500,120,2380,2380,0,0.952,126,0,126,0,2254,2250,4,0,0.998225377107365,0.000886523775104871,0.996487790508159,0.99996296370657
"C40R50",40,20,0.5,0.693147180559945,"sas_proc|fisher_cap|Wald","sas_proc","fisher_cap","Wald","point_converged",2500,120,2380,2380,0,0.952,126,0,126,0,2254,2250,4,0,0.998225377107365,0.000886523775104871,0.996487790508159,0.99996296370657
"C40R50",40,20,0.5,0.693147180559945,"sas_proc|fisher_default|PL","sas_proc","fisher_default","PL","available",2500,120,2380,2320,60,0.928,120,0,0,2320,2320,2284,32,4,0.98448275862069,0.0025660630484573,0.979453275045713,0.989512242195666
"C40R50",40,20,0.5,0.693147180559945,"sas_proc|fisher_default|PL","sas_proc","fisher_default","PL","point_and_ci_converged",2500,120,2380,2320,60,0.928,120,0,0,2320,0,0,0,0,,,,
"C40R50",40,20,0.5,0.693147180559945,"sas_proc|fisher_default|PL","sas_proc","fisher_default","PL","point_converged",2500,120,2380,2320,60,0.928,120,0,0,2320,2200,2167,29,4,0.985,0.00259150710801825,0.979920646068284,0.990079353931716
"C40R50",40,20,0.5,0.693147180559945,"sas_proc|fisher_default|Wald","sas_proc","fisher_default","Wald","available",2500,120,2380,2380,0,0.952,138,0,138,0,2380,2376,4,0,0.998319327731092,0.000839629672677408,0.996673653572645,0.99996500188954
"C40R50",40,20,0.5,0.693147180559945,"sas_proc|fisher_default|Wald","sas_proc","fisher_default","Wald","point_and_ci_converged",2500,120,2380,2380,0,0.952,138,0,138,0,2242,2238,4,0,0.99821587867975,0.000891264532648011,0.99646900019576,0.99996275716374
"C40R50",40,20,0.5,0.693147180559945,"sas_proc|fisher_default|Wald","sas_proc","fisher_default","Wald","point_converged",2500,120,2380,2380,0,0.952,138,0,138,0,2242,2238,4,0,0.99821587867975,0.000891264532648011,0.99646900019576,0.99996275716374
"C40R50",40,20,0.5,0.693147180559945,"sas_proc|fisher_gradient|PL","sas_proc","fisher_gradient","PL","available",2500,120,2380,2379,1,0.9516,127,0,0,2379,2379,2342,33,4,0.984447246742329,0.00253689588698362,0.979474930803841,0.989419562680817
"C40R50",40,20,0.5,0.693147180559945,"sas_proc|fisher_gradient|PL","sas_proc","fisher_gradient","PL","point_and_ci_converged",2500,120,2380,2379,1,0.9516,127,0,0,2379,0,0,0,0,,,,
"C40R50",40,20,0.5,0.693147180559945,"sas_proc|fisher_gradient|PL","sas_proc","fisher_gradient","PL","point_converged",2500,120,2380,2379,1,0.9516,127,0,0,2379,2252,2217,31,4,0.984458259325044,0.00260653937257357,0.9793494421548,0.989567076495289
"C40R50",40,20,0.5,0.693147180559945,"sas_proc|fisher_gradient|Wald","sas_proc","fisher_gradient","Wald","available",2500,120,2380,2380,0,0.952,127,0,127,0,2380,2376,4,0,0.998319327731092,0.000839629672677408,0.996673653572645,0.99996500188954
"C40R50",40,20,0.5,0.693147180559945,"sas_proc|fisher_gradient|Wald","sas_proc","fisher_gradient","Wald","point_and_ci_converged",2500,120,2380,2380,0,0.952,127,0,127,0,2253,2249,4,0,0.998224589436307,0.000886916911103134,0.996486232290545,0.999962946582069
"C40R50",40,20,0.5,0.693147180559945,"sas_proc|fisher_gradient|Wald","sas_proc","fisher_gradient","Wald","point_converged",2500,120,2380,2380,0,0.952,127,0,127,0,2253,2249,4,0,0.998224589436307,0.000886916911103134,0.996486232290545,0.999962946582069
"C40R50",40,20,0.5,0.693147180559945,"sas_proc|fisher_parameter|PL","sas_proc","fisher_parameter","PL","available",2500,120,2380,2379,1,0.9516,127,0,0,2379,2379,2342,33,4,0.984447246742329,0.00253689588698362,0.979474930803841,0.989419562680817
"C40R50",40,20,0.5,0.693147180559945,"sas_proc|fisher_parameter|PL","sas_proc","fisher_parameter","PL","point_and_ci_converged",2500,120,2380,2379,1,0.9516,127,0,0,2379,0,0,0,0,,,,
"C40R50",40,20,0.5,0.693147180559945,"sas_proc|fisher_parameter|PL","sas_proc","fisher_parameter","PL","point_converged",2500,120,2380,2379,1,0.9516,127,0,0,2379,2252,2217,31,4,0.984458259325044,0.00260653937257357,0.9793494421548,0.989567076495289
"C40R50",40,20,0.5,0.693147180559945,"sas_proc|fisher_parameter|Wald","sas_proc","fisher_parameter","Wald","available",2500,120,2380,2380,0,0.952,127,0,127,0,2380,2376,4,0,0.998319327731092,0.000839629672677408,0.996673653572645,0.99996500188954
"C40R50",40,20,0.5,0.693147180559945,"sas_proc|fisher_parameter|Wald","sas_proc","fisher_parameter","Wald","point_and_ci_converged",2500,120,2380,2380,0,0.952,127,0,127,0,2253,2249,4,0,0.998224589436307,0.000886916911103134,0.996486232290545,0.999962946582069
"C40R50",40,20,0.5,0.693147180559945,"sas_proc|fisher_parameter|Wald","sas_proc","fisher_parameter","Wald","point_converged",2500,120,2380,2380,0,0.952,127,0,127,0,2253,2249,4,0,0.998224589436307,0.000886916911103134,0.996486232290545,0.999962946582069
"C40R50",40,20,0.5,0.693147180559945,"sas_proc|fisher_pl|PL","sas_proc","fisher_pl","PL","available",2500,120,2380,2376,4,0.9504,127,0,0,2376,2376,2339,33,4,0.984427609427609,0.00254007370384823,0.979449064968067,0.989406153887152
"C40R50",40,20,0.5,0.693147180559945,"sas_proc|fisher_pl|PL","sas_proc","fisher_pl","PL","point_and_ci_converged",2500,120,2380,2376,4,0.9504,127,0,0,2376,0,0,0,0,,,,
"C40R50",40,20,0.5,0.693147180559945,"sas_proc|fisher_pl|PL","sas_proc","fisher_pl","PL","point_converged",2500,120,2380,2376,4,0.9504,127,0,0,2376,2249,2214,31,4,0.984437527790129,0.00260998882162247,0.979321949699749,0.989553105880509
"C40R50",40,20,0.5,0.693147180559945,"sas_proc|fisher_pl|Wald","sas_proc","fisher_pl","Wald","available",2500,120,2380,2380,0,0.952,127,0,127,0,2380,2376,4,0,0.998319327731092,0.000839629672677408,0.996673653572645,0.99996500188954
"C40R50",40,20,0.5,0.693147180559945,"sas_proc|fisher_pl|Wald","sas_proc","fisher_pl","Wald","point_and_ci_converged",2500,120,2380,2380,0,0.952,127,0,127,0,2253,2249,4,0,0.998224589436307,0.000886916911103134,0.996486232290545,0.999962946582069
"C40R50",40,20,0.5,0.693147180559945,"sas_proc|fisher_pl|Wald","sas_proc","fisher_pl","Wald","point_converged",2500,120,2380,2380,0,0.952,127,0,127,0,2253,2249,4,0,0.998224589436307,0.000886916911103134,0.996486232290545,0.999962946582069
"C40R50",40,20,0.5,0.693147180559945,"sas_proc|newton_default|PL","sas_proc","newton_default","PL","available",2500,120,2380,2320,60,0.928,120,0,0,2320,2320,2284,32,4,0.98448275862069,0.0025660630484573,0.979453275045713,0.989512242195666
"C40R50",40,20,0.5,0.693147180559945,"sas_proc|newton_default|PL","sas_proc","newton_default","PL","point_and_ci_converged",2500,120,2380,2320,60,0.928,120,0,0,2320,0,0,0,0,,,,
"C40R50",40,20,0.5,0.693147180559945,"sas_proc|newton_default|PL","sas_proc","newton_default","PL","point_converged",2500,120,2380,2320,60,0.928,120,0,0,2320,2200,2167,29,4,0.985,0.00259150710801825,0.979920646068284,0.990079353931716
"C40R50",40,20,0.5,0.693147180559945,"sas_proc|newton_default|Wald","sas_proc","newton_default","Wald","available",2500,120,2380,2380,0,0.952,138,0,138,0,2380,2376,4,0,0.998319327731092,0.000839629672677408,0.996673653572645,0.99996500188954
"C40R50",40,20,0.5,0.693147180559945,"sas_proc|newton_default|Wald","sas_proc","newton_default","Wald","point_and_ci_converged",2500,120,2380,2380,0,0.952,138,0,138,0,2242,2238,4,0,0.99821587867975,0.000891264532648011,0.99646900019576,0.99996275716374
"C40R50",40,20,0.5,0.693147180559945,"sas_proc|newton_default|Wald","sas_proc","newton_default","Wald","point_converged",2500,120,2380,2380,0,0.952,138,0,138,0,2242,2238,4,0,0.99821587867975,0.000891264532648011,0.99646900019576,0.99996275716374
"C40R50",40,20,0.5,0.693147180559945,"sas_proc|newton_gradient|PL","sas_proc","newton_gradient","PL","available",2500,120,2380,2379,1,0.9516,127,0,0,2379,2379,2342,33,4,0.984447246742329,0.00253689588698362,0.979474930803841,0.989419562680817
"C40R50",40,20,0.5,0.693147180559945,"sas_proc|newton_gradient|PL","sas_proc","newton_gradient","PL","point_and_ci_converged",2500,120,2380,2379,1,0.9516,127,0,0,2379,0,0,0,0,,,,
"C40R50",40,20,0.5,0.693147180559945,"sas_proc|newton_gradient|PL","sas_proc","newton_gradient","PL","point_converged",2500,120,2380,2379,1,0.9516,127,0,0,2379,2252,2217,31,4,0.984458259325044,0.00260653937257357,0.9793494421548,0.989567076495289
"C40R50",40,20,0.5,0.693147180559945,"sas_proc|newton_gradient|Wald","sas_proc","newton_gradient","Wald","available",2500,120,2380,2380,0,0.952,127,0,127,0,2380,2376,4,0,0.998319327731092,0.000839629672677408,0.996673653572645,0.99996500188954
"C40R50",40,20,0.5,0.693147180559945,"sas_proc|newton_gradient|Wald","sas_proc","newton_gradient","Wald","point_and_ci_converged",2500,120,2380,2380,0,0.952,127,0,127,0,2253,2249,4,0,0.998224589436307,0.000886916911103134,0.996486232290545,0.999962946582069
"C40R50",40,20,0.5,0.693147180559945,"sas_proc|newton_gradient|Wald","sas_proc","newton_gradient","Wald","point_converged",2500,120,2380,2380,0,0.952,127,0,127,0,2253,2249,4,0,0.998224589436307,0.000886916911103134,0.996486232290545,0.999962946582069
"C40R90",40,20,0.9,0.693147180559945,"brglm2|bg_asmean_default|Wald","brglm2","bg_asmean_default","Wald","available",2500,131,2369,2369,0,0.9476,3,0,3,0,2369,2360,9,0,0.996200928661883,0.0012639493331928,0.993723587968825,0.998678269354941
"C40R90",40,20,0.9,0.693147180559945,"brglm2|bg_asmean_default|Wald","brglm2","bg_asmean_default","Wald","point_and_ci_converged",2500,131,2369,2369,0,0.9476,3,0,3,0,2366,2357,9,0,0.996196111580727,0.00126554891417528,0.993715635708943,0.998676587452511
"C40R90",40,20,0.9,0.693147180559945,"brglm2|bg_asmean_default|Wald","brglm2","bg_asmean_default","Wald","point_converged",2500,131,2369,2369,0,0.9476,3,0,3,0,2366,2357,9,0,0.996196111580727,0.00126554891417528,0.993715635708943,0.998676587452511
"C40R90",40,20,0.9,0.693147180559945,"brglm2|bg_asmean_epsilon12|Wald","brglm2","bg_asmean_epsilon12","Wald","available",2500,131,2369,2369,0,0.9476,0,0,0,0,2369,2360,9,0,0.996200928661883,0.0012639493331928,0.993723587968825,0.998678269354941
"C40R90",40,20,0.9,0.693147180559945,"brglm2|bg_asmean_epsilon12|Wald","brglm2","bg_asmean_epsilon12","Wald","point_and_ci_converged",2500,131,2369,2369,0,0.9476,0,0,0,0,2369,2360,9,0,0.996200928661883,0.0012639493331928,0.993723587968825,0.998678269354941
"C40R90",40,20,0.9,0.693147180559945,"brglm2|bg_asmean_epsilon12|Wald","brglm2","bg_asmean_epsilon12","Wald","point_converged",2500,131,2369,2369,0,0.9476,0,0,0,0,2369,2360,9,0,0.996200928661883,0.0012639493331928,0.993723587968825,0.998678269354941
"C40R90",40,20,0.9,0.693147180559945,"brglm2|bg_asmean_maxit5000|Wald","brglm2","bg_asmean_maxit5000","Wald","available",2500,131,2369,2369,0,0.9476,0,0,0,0,2369,2360,9,0,0.996200928661883,0.0012639493331928,0.993723587968825,0.998678269354941
"C40R90",40,20,0.9,0.693147180559945,"brglm2|bg_asmean_maxit5000|Wald","brglm2","bg_asmean_maxit5000","Wald","point_and_ci_converged",2500,131,2369,2369,0,0.9476,0,0,0,0,2369,2360,9,0,0.996200928661883,0.0012639493331928,0.993723587968825,0.998678269354941
"C40R90",40,20,0.9,0.693147180559945,"brglm2|bg_asmean_maxit5000|Wald","brglm2","bg_asmean_maxit5000","Wald","point_converged",2500,131,2369,2369,0,0.9476,0,0,0,0,2369,2360,9,0,0.996200928661883,0.0012639493331928,0.993723587968825,0.998678269354941
"C40R90",40,20,0.9,0.693147180559945,"brglm2|bg_mpl_default|Wald","brglm2","bg_mpl_default","Wald","available",2500,131,2369,2369,0,0.9476,3,0,3,0,2369,2360,9,0,0.996200928661883,0.0012639493331928,0.993723587968825,0.998678269354941
"C40R90",40,20,0.9,0.693147180559945,"brglm2|bg_mpl_default|Wald","brglm2","bg_mpl_default","Wald","point_and_ci_converged",2500,131,2369,2369,0,0.9476,3,0,3,0,2366,2357,9,0,0.996196111580727,0.00126554891417528,0.993715635708943,0.998676587452511
"C40R90",40,20,0.9,0.693147180559945,"brglm2|bg_mpl_default|Wald","brglm2","bg_mpl_default","Wald","point_converged",2500,131,2369,2369,0,0.9476,3,0,3,0,2366,2357,9,0,0.996196111580727,0.00126554891417528,0.993715635708943,0.998676587452511
"C40R90",40,20,0.9,0.693147180559945,"brglm2|bg_mpl_epsilon12|Wald","brglm2","bg_mpl_epsilon12","Wald","available",2500,131,2369,2369,0,0.9476,0,0,0,0,2369,2360,9,0,0.996200928661883,0.0012639493331928,0.993723587968825,0.998678269354941
"C40R90",40,20,0.9,0.693147180559945,"brglm2|bg_mpl_epsilon12|Wald","brglm2","bg_mpl_epsilon12","Wald","point_and_ci_converged",2500,131,2369,2369,0,0.9476,0,0,0,0,2369,2360,9,0,0.996200928661883,0.0012639493331928,0.993723587968825,0.998678269354941
"C40R90",40,20,0.9,0.693147180559945,"brglm2|bg_mpl_epsilon12|Wald","brglm2","bg_mpl_epsilon12","Wald","point_converged",2500,131,2369,2369,0,0.9476,0,0,0,0,2369,2360,9,0,0.996200928661883,0.0012639493331928,0.993723587968825,0.998678269354941
"C40R90",40,20,0.9,0.693147180559945,"brglm2|bg_mpl_maxit5000|Wald","brglm2","bg_mpl_maxit5000","Wald","available",2500,131,2369,2369,0,0.9476,0,0,0,0,2369,2360,9,0,0.996200928661883,0.0012639493331928,0.993723587968825,0.998678269354941
"C40R90",40,20,0.9,0.693147180559945,"brglm2|bg_mpl_maxit5000|Wald","brglm2","bg_mpl_maxit5000","Wald","point_and_ci_converged",2500,131,2369,2369,0,0.9476,0,0,0,0,2369,2360,9,0,0.996200928661883,0.0012639493331928,0.993723587968825,0.998678269354941
"C40R90",40,20,0.9,0.693147180559945,"brglm2|bg_mpl_maxit5000|Wald","brglm2","bg_mpl_maxit5000","Wald","point_converged",2500,131,2369,2369,0,0.9476,0,0,0,0,2369,2360,9,0,0.996200928661883,0.0012639493331928,0.993723587968825,0.998678269354941
"C40R90",40,20,0.9,0.693147180559945,"logistf|lf_irls_default|PL","logistf","lf_irls_default","PL","available",2500,131,2369,2369,0,0.9476,238,0,247,0,2369,2324,39,6,0.981004643309413,0.00280463744251423,0.975507553922085,0.986501732696741
"C40R90",40,20,0.9,0.693147180559945,"logistf|lf_irls_default|PL","logistf","lf_irls_default","PL","point_and_ci_converged",2500,131,2369,2369,0,0.9476,238,0,247,0,2122,2080,36,6,0.980207351555137,0.00302369682107642,0.974280905785827,0.986133797324447
"C40R90",40,20,0.9,0.693147180559945,"logistf|lf_irls_default|PL","logistf","lf_irls_default","PL","point_converged",2500,131,2369,2369,0,0.9476,238,0,247,0,2131,2089,36,6,0.980290943219146,0.00301105501525015,0.974389275389256,0.986192611049036
"C40R90",40,20,0.9,0.693147180559945,"logistf|lf_irls_default|Wald","logistf","lf_irls_default","Wald","available",2500,131,2369,2369,0,0.9476,238,0,238,0,2369,2345,24,0,0.989869143098354,0.00205745077446731,0.985836539580398,0.99390174661631
"C40R90",40,20,0.9,0.693147180559945,"logistf|lf_irls_default|Wald","logistf","lf_irls_default","Wald","point_and_ci_converged",2500,131,2369,2369,0,0.9476,238,0,238,0,2131,2108,23,0,0.989206945096199,0.0022383296452845,0.984819818991441,0.993594071200957
"C40R90",40,20,0.9,0.693147180559945,"logistf|lf_irls_default|Wald","logistf","lf_irls_default","Wald","point_converged",2500,131,2369,2369,0,0.9476,238,0,238,0,2131,2108,23,0,0.989206945096199,0.0022383296452845,0.984819818991441,0.993594071200957
"C40R90",40,20,0.9,0.693147180559945,"logistf|lf_irls_fit_pl_tight|PL","logistf","lf_irls_fit_pl_tight","PL","available",2500,131,2369,2369,0,0.9476,0,0,26,0,2369,2324,39,6,0.981004643309413,0.00280463744251423,0.975507553922085,0.986501732696741
"C40R90",40,20,0.9,0.693147180559945,"logistf|lf_irls_fit_pl_tight|PL","logistf","lf_irls_fit_pl_tight","PL","point_and_ci_converged",2500,131,2369,2369,0,0.9476,0,0,26,0,2343,2298,39,6,0.980793854033291,0.00283545550238833,0.97523636124861,0.986351346817972
"C40R90",40,20,0.9,0.693147180559945,"logistf|lf_irls_fit_pl_tight|PL","logistf","lf_irls_fit_pl_tight","PL","point_converged",2500,131,2369,2369,0,0.9476,0,0,26,0,2369,2324,39,6,0.981004643309413,0.00280463744251423,0.975507553922085,0.986501732696741
"C40R90",40,20,0.9,0.693147180559945,"logistf|lf_irls_fit_pl_tight|Wald","logistf","lf_irls_fit_pl_tight","Wald","available",2500,131,2369,2369,0,0.9476,0,0,0,0,2369,2345,24,0,0.989869143098354,0.00205745077446731,0.985836539580398,0.99390174661631
"C40R90",40,20,0.9,0.693147180559945,"logistf|lf_irls_fit_pl_tight|Wald","logistf","lf_irls_fit_pl_tight","Wald","point_and_ci_converged",2500,131,2369,2369,0,0.9476,0,0,0,0,2369,2345,24,0,0.989869143098354,0.00205745077446731,0.985836539580398,0.99390174661631
"C40R90",40,20,0.9,0.693147180559945,"logistf|lf_irls_fit_pl_tight|Wald","logistf","lf_irls_fit_pl_tight","Wald","point_converged",2500,131,2369,2369,0,0.9476,0,0,0,0,2369,2345,24,0,0.989869143098354,0.00205745077446731,0.985836539580398,0.99390174661631
"C40R90",40,20,0.9,0.693147180559945,"logistf|lf_nr_default|PL","logistf","lf_nr_default","PL","available",2500,131,2369,2369,0,0.9476,218,0,228,0,2369,2324,39,6,0.981004643309413,0.00280463744251423,0.975507553922085,0.986501732696741
"C40R90",40,20,0.9,0.693147180559945,"logistf|lf_nr_default|PL","logistf","lf_nr_default","PL","point_and_ci_converged",2500,131,2369,2369,0,0.9476,218,0,228,0,2141,2098,37,6,0.979915927136852,0.00303187972489336,0.973973442876061,0.985858411397643
"C40R90",40,20,0.9,0.693147180559945,"logistf|lf_nr_default|PL","logistf","lf_nr_default","PL","point_converged",2500,131,2369,2369,0,0.9476,218,0,228,0,2151,2108,37,6,0.98000929800093,0.00301792828536236,0.97409415856162,0.98592443744024
"C40R90",40,20,0.9,0.693147180559945,"logistf|lf_nr_default|Wald","logistf","lf_nr_default","Wald","available",2500,131,2369,2369,0,0.9476,218,0,218,0,2369,2345,24,0,0.989869143098354,0.00205745077446731,0.985836539580398,0.99390174661631
"C40R90",40,20,0.9,0.693147180559945,"logistf|lf_nr_default|Wald","logistf","lf_nr_default","Wald","point_and_ci_converged",2500,131,2369,2369,0,0.9476,218,0,218,0,2151,2128,23,0,0.98930729893073,0.00221763013353551,0.984960743869,0.99365385399246
"C40R90",40,20,0.9,0.693147180559945,"logistf|lf_nr_default|Wald","logistf","lf_nr_default","Wald","point_converged",2500,131,2369,2369,0,0.9476,218,0,218,0,2151,2128,23,0,0.98930729893073,0.00221763013353551,0.984960743869,0.99365385399246
"C40R90",40,20,0.9,0.693147180559945,"logistf|lf_nr_fit_pl_tight|PL","logistf","lf_nr_fit_pl_tight","PL","available",2500,131,2369,2369,0,0.9476,0,0,30,0,2369,2324,39,6,0.981004643309413,0.00280463744251423,0.975507553922085,0.986501732696741
"C40R90",40,20,0.9,0.693147180559945,"logistf|lf_nr_fit_pl_tight|PL","logistf","lf_nr_fit_pl_tight","PL","point_and_ci_converged",2500,131,2369,2369,0,0.9476,0,0,30,0,2339,2294,39,6,0.980761008978196,0.00284025694830467,0.975194105359519,0.986327912596873
"C40R90",40,20,0.9,0.693147180559945,"logistf|lf_nr_fit_pl_tight|PL","logistf","lf_nr_fit_pl_tight","PL","point_converged",2500,131,2369,2369,0,0.9476,0,0,30,0,2369,2324,39,6,0.981004643309413,0.00280463744251423,0.975507553922085,0.986501732696741
"C40R90",40,20,0.9,0.693147180559945,"logistf|lf_nr_fit_pl_tight|Wald","logistf","lf_nr_fit_pl_tight","Wald","available",2500,131,2369,2369,0,0.9476,0,0,0,0,2369,2345,24,0,0.989869143098354,0.00205745077446731,0.985836539580398,0.99390174661631
"C40R90",40,20,0.9,0.693147180559945,"logistf|lf_nr_fit_pl_tight|Wald","logistf","lf_nr_fit_pl_tight","Wald","point_and_ci_converged",2500,131,2369,2369,0,0.9476,0,0,0,0,2369,2345,24,0,0.989869143098354,0.00205745077446731,0.985836539580398,0.99390174661631
"C40R90",40,20,0.9,0.693147180559945,"logistf|lf_nr_fit_pl_tight|Wald","logistf","lf_nr_fit_pl_tight","Wald","point_converged",2500,131,2369,2369,0,0.9476,0,0,0,0,2369,2345,24,0,0.989869143098354,0.00205745077446731,0.985836539580398,0.99390174661631
"C40R90",40,20,0.9,0.693147180559945,"logistf|lf_nr_fit_tight|PL","logistf","lf_nr_fit_tight","PL","available",2500,131,2369,2369,0,0.9476,0,0,18,0,2369,2324,39,6,0.981004643309413,0.00280463744251423,0.975507553922085,0.986501732696741
"C40R90",40,20,0.9,0.693147180559945,"logistf|lf_nr_fit_tight|PL","logistf","lf_nr_fit_tight","PL","point_and_ci_converged",2500,131,2369,2369,0,0.9476,0,0,18,0,2351,2306,39,6,0.980859208847299,0.00282590114036285,0.975320442612188,0.98639797508241
"C40R90",40,20,0.9,0.693147180559945,"logistf|lf_nr_fit_tight|PL","logistf","lf_nr_fit_tight","PL","point_converged",2500,131,2369,2369,0,0.9476,0,0,18,0,2369,2324,39,6,0.981004643309413,0.00280463744251423,0.975507553922085,0.986501732696741
"C40R90",40,20,0.9,0.693147180559945,"logistf|lf_nr_fit_tight|Wald","logistf","lf_nr_fit_tight","Wald","available",2500,131,2369,2369,0,0.9476,0,0,0,0,2369,2345,24,0,0.989869143098354,0.00205745077446731,0.985836539580398,0.99390174661631
"C40R90",40,20,0.9,0.693147180559945,"logistf|lf_nr_fit_tight|Wald","logistf","lf_nr_fit_tight","Wald","point_and_ci_converged",2500,131,2369,2369,0,0.9476,0,0,0,0,2369,2345,24,0,0.989869143098354,0.00205745077446731,0.985836539580398,0.99390174661631
"C40R90",40,20,0.9,0.693147180559945,"logistf|lf_nr_fit_tight|Wald","logistf","lf_nr_fit_tight","Wald","point_converged",2500,131,2369,2369,0,0.9476,0,0,0,0,2369,2345,24,0,0.989869143098354,0.00205745077446731,0.985836539580398,0.99390174661631
"C40R90",40,20,0.9,0.693147180559945,"logistf|lf_nr_maxit5000|PL","logistf","lf_nr_maxit5000","PL","available",2500,131,2369,2369,0,0.9476,0,0,18,0,2369,2324,39,6,0.981004643309413,0.00280463744251423,0.975507553922085,0.986501732696741
"C40R90",40,20,0.9,0.693147180559945,"logistf|lf_nr_maxit5000|PL","logistf","lf_nr_maxit5000","PL","point_and_ci_converged",2500,131,2369,2369,0,0.9476,0,0,18,0,2351,2306,39,6,0.980859208847299,0.00282590114036285,0.975320442612188,0.98639797508241
"C40R90",40,20,0.9,0.693147180559945,"logistf|lf_nr_maxit5000|PL","logistf","lf_nr_maxit5000","PL","point_converged",2500,131,2369,2369,0,0.9476,0,0,18,0,2369,2324,39,6,0.981004643309413,0.00280463744251423,0.975507553922085,0.986501732696741
"C40R90",40,20,0.9,0.693147180559945,"logistf|lf_nr_maxit5000|Wald","logistf","lf_nr_maxit5000","Wald","available",2500,131,2369,2369,0,0.9476,0,0,0,0,2369,2345,24,0,0.989869143098354,0.00205745077446731,0.985836539580398,0.99390174661631
"C40R90",40,20,0.9,0.693147180559945,"logistf|lf_nr_maxit5000|Wald","logistf","lf_nr_maxit5000","Wald","point_and_ci_converged",2500,131,2369,2369,0,0.9476,0,0,0,0,2369,2345,24,0,0.989869143098354,0.00205745077446731,0.985836539580398,0.99390174661631
"C40R90",40,20,0.9,0.693147180559945,"logistf|lf_nr_maxit5000|Wald","logistf","lf_nr_maxit5000","Wald","point_converged",2500,131,2369,2369,0,0.9476,0,0,0,0,2369,2345,24,0,0.989869143098354,0.00205745077446731,0.985836539580398,0.99390174661631
"C40R90",40,20,0.9,0.693147180559945,"logistf|lf_nr_pl_tight|PL","logistf","lf_nr_pl_tight","PL","available",2500,131,2369,2369,0,0.9476,218,0,233,0,2369,2324,39,6,0.981004643309413,0.00280463744251423,0.975507553922085,0.986501732696741
"C40R90",40,20,0.9,0.693147180559945,"logistf|lf_nr_pl_tight|PL","logistf","lf_nr_pl_tight","PL","point_and_ci_converged",2500,131,2369,2369,0,0.9476,218,0,233,0,2136,2093,37,6,0.979868913857678,0.00303890392048612,0.973912662173525,0.985825165541831
"C40R90",40,20,0.9,0.693147180559945,"logistf|lf_nr_pl_tight|PL","logistf","lf_nr_pl_tight","PL","point_converged",2500,131,2369,2369,0,0.9476,218,0,233,0,2151,2108,37,6,0.98000929800093,0.00301792828536236,0.97409415856162,0.98592443744024
"C40R90",40,20,0.9,0.693147180559945,"logistf|lf_nr_pl_tight|Wald","logistf","lf_nr_pl_tight","Wald","available",2500,131,2369,2369,0,0.9476,218,0,218,0,2369,2345,24,0,0.989869143098354,0.00205745077446731,0.985836539580398,0.99390174661631
"C40R90",40,20,0.9,0.693147180559945,"logistf|lf_nr_pl_tight|Wald","logistf","lf_nr_pl_tight","Wald","point_and_ci_converged",2500,131,2369,2369,0,0.9476,218,0,218,0,2151,2128,23,0,0.98930729893073,0.00221763013353551,0.984960743869,0.99365385399246
"C40R90",40,20,0.9,0.693147180559945,"logistf|lf_nr_pl_tight|Wald","logistf","lf_nr_pl_tight","Wald","point_converged",2500,131,2369,2369,0,0.9476,218,0,218,0,2151,2128,23,0,0.98930729893073,0.00221763013353551,0.984960743869,0.99365385399246
"C40R90",40,20,0.9,0.693147180559945,"sas_fl|default|PL","sas_fl","default","PL","available",2500,131,2369,2369,0,0.9476,0,2369,0,2369,2369,2324,39,6,0.981004643309413,0.00280463744251423,0.975507553922085,0.986501732696741
"C40R90",40,20,0.9,0.693147180559945,"sas_fl|default|PL","sas_fl","default","PL","point_and_ci_converged",2500,131,2369,2369,0,0.9476,0,2369,0,2369,0,0,0,0,,,,
"C40R90",40,20,0.9,0.693147180559945,"sas_fl|default|PL","sas_fl","default","PL","point_converged",2500,131,2369,2369,0,0.9476,0,2369,0,2369,0,0,0,0,,,,
"C40R90",40,20,0.9,0.693147180559945,"sas_fl|tight|PL","sas_fl","tight","PL","available",2500,131,2369,2369,0,0.9476,0,2369,0,2369,2369,2324,39,6,0.981004643309413,0.00280463744251423,0.975507553922085,0.986501732696741
"C40R90",40,20,0.9,0.693147180559945,"sas_fl|tight|PL","sas_fl","tight","PL","point_and_ci_converged",2500,131,2369,2369,0,0.9476,0,2369,0,2369,0,0,0,0,,,,
"C40R90",40,20,0.9,0.693147180559945,"sas_fl|tight|PL","sas_fl","tight","PL","point_converged",2500,131,2369,2369,0,0.9476,0,2369,0,2369,0,0,0,0,,,,
"C40R90",40,20,0.9,0.693147180559945,"sas_proc|fisher_cap|PL","sas_proc","fisher_cap","PL","available",2500,131,2369,2367,2,0.9468,162,0,0,2367,2367,2322,39,6,0.980988593155893,0.00280698426216492,0.97548690400205,0.986490282309737
"C40R90",40,20,0.9,0.693147180559945,"sas_proc|fisher_cap|PL","sas_proc","fisher_cap","PL","point_and_ci_converged",2500,131,2369,2367,2,0.9468,162,0,0,2367,0,0,0,0,,,,
"C40R90",40,20,0.9,0.693147180559945,"sas_proc|fisher_cap|PL","sas_proc","fisher_cap","PL","point_converged",2500,131,2369,2367,2,0.9468,162,0,0,2367,2205,2161,38,6,0.980045351473923,0.00297811065891189,0.974208254582456,0.98588244836539
"C40R90",40,20,0.9,0.693147180559945,"sas_proc|fisher_cap|Wald","sas_proc","fisher_cap","Wald","available",2500,131,2369,2369,0,0.9476,162,0,162,0,2369,2361,8,0,0.996623047699451,0.00119191530364146,0.994286893704314,0.998959201694589
"C40R90",40,20,0.9,0.693147180559945,"sas_proc|fisher_cap|Wald","sas_proc","fisher_cap","Wald","point_and_ci_converged",2500,131,2369,2369,0,0.9476,162,0,162,0,2207,2199,8,0,0.99637516991391,0.00127924612005505,0.993867847518602,0.998882492309218
"C40R90",40,20,0.9,0.693147180559945,"sas_proc|fisher_cap|Wald","sas_proc","fisher_cap","Wald","point_converged",2500,131,2369,2369,0,0.9476,162,0,162,0,2207,2199,8,0,0.99637516991391,0.00127924612005505,0.993867847518602,0.998882492309218
"C40R90",40,20,0.9,0.693147180559945,"sas_proc|fisher_default|PL","sas_proc","fisher_default","PL","available",2500,131,2369,2296,73,0.9184,147,0,0,2296,2296,2252,38,6,0.980836236933798,0.00286122957683443,0.975228226963202,0.986444246904393
"C40R90",40,20,0.9,0.693147180559945,"sas_proc|fisher_default|PL","sas_proc","fisher_default","PL","point_and_ci_converged",2500,131,2369,2296,73,0.9184,147,0,0,2296,0,0,0,0,,,,
"C40R90",40,20,0.9,0.693147180559945,"sas_proc|fisher_default|PL","sas_proc","fisher_default","PL","point_converged",2500,131,2369,2296,73,0.9184,147,0,0,2296,2149,2107,36,6,0.980456026058632,0.00298608585155637,0.974603297789581,0.986308754327682
"C40R90",40,20,0.9,0.693147180559945,"sas_proc|fisher_default|Wald","sas_proc","fisher_default","Wald","available",2500,131,2369,2369,0,0.9476,177,0,177,0,2369,2361,8,0,0.996623047699451,0.00119191530364146,0.994286893704314,0.998959201694589
"C40R90",40,20,0.9,0.693147180559945,"sas_proc|fisher_default|Wald","sas_proc","fisher_default","Wald","point_and_ci_converged",2500,131,2369,2369,0,0.9476,177,0,177,0,2192,2184,8,0,0.996350364963504,0.00128798405268865,0.993825916220234,0.998874813706773
"C40R90",40,20,0.9,0.693147180559945,"sas_proc|fisher_default|Wald","sas_proc","fisher_default","Wald","point_converged",2500,131,2369,2369,0,0.9476,177,0,177,0,2192,2184,8,0,0.996350364963504,0.00128798405268865,0.993825916220234,0.998874813706773
"C40R90",40,20,0.9,0.693147180559945,"sas_proc|fisher_gradient|PL","sas_proc","fisher_gradient","PL","available",2500,131,2369,2367,2,0.9468,163,0,0,2367,2367,2322,39,6,0.980988593155893,0.00280698426216492,0.97548690400205,0.986490282309737
"C40R90",40,20,0.9,0.693147180559945,"sas_proc|fisher_gradient|PL","sas_proc","fisher_gradient","PL","point_and_ci_converged",2500,131,2369,2367,2,0.9468,163,0,0,2367,0,0,0,0,,,,
"C40R90",40,20,0.9,0.693147180559945,"sas_proc|fisher_gradient|PL","sas_proc","fisher_gradient","PL","point_converged",2500,131,2369,2367,2,0.9468,163,0,0,2367,2204,2160,38,6,0.980036297640653,0.00297944812636222,0.974196579312983,0.985876015968323
"C40R90",40,20,0.9,0.693147180559945,"sas_proc|fisher_gradient|Wald","sas_proc","fisher_gradient","Wald","available",2500,131,2369,2369,0,0.9476,163,0,163,0,2369,2361,8,0,0.996623047699451,0.00119191530364146,0.994286893704314,0.998959201694589
"C40R90",40,20,0.9,0.693147180559945,"sas_proc|fisher_gradient|Wald","sas_proc","fisher_gradient","Wald","point_and_ci_converged",2500,131,2369,2369,0,0.9476,163,0,163,0,2206,2198,8,0,0.99637352674524,0.00127982495872436,0.993865069826141,0.99888198366434
"C40R90",40,20,0.9,0.693147180559945,"sas_proc|fisher_gradient|Wald","sas_proc","fisher_gradient","Wald","point_converged",2500,131,2369,2369,0,0.9476,163,0,163,0,2206,2198,8,0,0.99637352674524,0.00127982495872436,0.993865069826141,0.99888198366434
"C40R90",40,20,0.9,0.693147180559945,"sas_proc|fisher_parameter|PL","sas_proc","fisher_parameter","PL","available",2500,131,2369,2367,2,0.9468,163,0,0,2367,2367,2322,39,6,0.980988593155893,0.00280698426216492,0.97548690400205,0.986490282309737
"C40R90",40,20,0.9,0.693147180559945,"sas_proc|fisher_parameter|PL","sas_proc","fisher_parameter","PL","point_and_ci_converged",2500,131,2369,2367,2,0.9468,163,0,0,2367,0,0,0,0,,,,
"C40R90",40,20,0.9,0.693147180559945,"sas_proc|fisher_parameter|PL","sas_proc","fisher_parameter","PL","point_converged",2500,131,2369,2367,2,0.9468,163,0,0,2367,2204,2160,38,6,0.980036297640653,0.00297944812636222,0.974196579312983,0.985876015968323
"C40R90",40,20,0.9,0.693147180559945,"sas_proc|fisher_parameter|Wald","sas_proc","fisher_parameter","Wald","available",2500,131,2369,2369,0,0.9476,163,0,163,0,2369,2361,8,0,0.996623047699451,0.00119191530364146,0.994286893704314,0.998959201694589
"C40R90",40,20,0.9,0.693147180559945,"sas_proc|fisher_parameter|Wald","sas_proc","fisher_parameter","Wald","point_and_ci_converged",2500,131,2369,2369,0,0.9476,163,0,163,0,2206,2198,8,0,0.99637352674524,0.00127982495872436,0.993865069826141,0.99888198366434
"C40R90",40,20,0.9,0.693147180559945,"sas_proc|fisher_parameter|Wald","sas_proc","fisher_parameter","Wald","point_converged",2500,131,2369,2369,0,0.9476,163,0,163,0,2206,2198,8,0,0.99637352674524,0.00127982495872436,0.993865069826141,0.99888198366434
"C40R90",40,20,0.9,0.693147180559945,"sas_proc|fisher_pl|PL","sas_proc","fisher_pl","PL","available",2500,131,2369,2364,5,0.9456,163,0,0,2364,2364,2319,39,6,0.980964467005076,0.00281051186383717,0.975455863751955,0.986473070258197
"C40R90",40,20,0.9,0.693147180559945,"sas_proc|fisher_pl|PL","sas_proc","fisher_pl","PL","point_and_ci_converged",2500,131,2369,2364,5,0.9456,163,0,0,2364,0,0,0,0,,,,
"C40R90",40,20,0.9,0.693147180559945,"sas_proc|fisher_pl|PL","sas_proc","fisher_pl","PL","point_converged",2500,131,2369,2364,5,0.9456,163,0,0,2364,2201,2157,38,6,0.980009086778737,0.00298346774515652,0.97416148999823,0.985856683559244
"C40R90",40,20,0.9,0.693147180559945,"sas_proc|fisher_pl|Wald","sas_proc","fisher_pl","Wald","available",2500,131,2369,2369,0,0.9476,163,0,163,0,2369,2361,8,0,0.996623047699451,0.00119191530364146,0.994286893704314,0.998959201694589
"C40R90",40,20,0.9,0.693147180559945,"sas_proc|fisher_pl|Wald","sas_proc","fisher_pl","Wald","point_and_ci_converged",2500,131,2369,2369,0,0.9476,163,0,163,0,2206,2198,8,0,0.99637352674524,0.00127982495872436,0.993865069826141,0.99888198366434
"C40R90",40,20,0.9,0.693147180559945,"sas_proc|fisher_pl|Wald","sas_proc","fisher_pl","Wald","point_converged",2500,131,2369,2369,0,0.9476,163,0,163,0,2206,2198,8,0,0.99637352674524,0.00127982495872436,0.993865069826141,0.99888198366434
"C40R90",40,20,0.9,0.693147180559945,"sas_proc|newton_default|PL","sas_proc","newton_default","PL","available",2500,131,2369,2296,73,0.9184,147,0,0,2296,2296,2252,38,6,0.980836236933798,0.00286122957683443,0.975228226963202,0.986444246904393
"C40R90",40,20,0.9,0.693147180559945,"sas_proc|newton_default|PL","sas_proc","newton_default","PL","point_and_ci_converged",2500,131,2369,2296,73,0.9184,147,0,0,2296,0,0,0,0,,,,
"C40R90",40,20,0.9,0.693147180559945,"sas_proc|newton_default|PL","sas_proc","newton_default","PL","point_converged",2500,131,2369,2296,73,0.9184,147,0,0,2296,2149,2107,36,6,0.980456026058632,0.00298608585155637,0.974603297789581,0.986308754327682
"C40R90",40,20,0.9,0.693147180559945,"sas_proc|newton_default|Wald","sas_proc","newton_default","Wald","available",2500,131,2369,2369,0,0.9476,177,0,177,0,2369,2361,8,0,0.996623047699451,0.00119191530364146,0.994286893704314,0.998959201694589
"C40R90",40,20,0.9,0.693147180559945,"sas_proc|newton_default|Wald","sas_proc","newton_default","Wald","point_and_ci_converged",2500,131,2369,2369,0,0.9476,177,0,177,0,2192,2184,8,0,0.996350364963504,0.00128798405268865,0.993825916220234,0.998874813706773
"C40R90",40,20,0.9,0.693147180559945,"sas_proc|newton_default|Wald","sas_proc","newton_default","Wald","point_converged",2500,131,2369,2369,0,0.9476,177,0,177,0,2192,2184,8,0,0.996350364963504,0.00128798405268865,0.993825916220234,0.998874813706773
"C40R90",40,20,0.9,0.693147180559945,"sas_proc|newton_gradient|PL","sas_proc","newton_gradient","PL","available",2500,131,2369,2367,2,0.9468,163,0,0,2367,2367,2322,39,6,0.980988593155893,0.00280698426216492,0.97548690400205,0.986490282309737
"C40R90",40,20,0.9,0.693147180559945,"sas_proc|newton_gradient|PL","sas_proc","newton_gradient","PL","point_and_ci_converged",2500,131,2369,2367,2,0.9468,163,0,0,2367,0,0,0,0,,,,
"C40R90",40,20,0.9,0.693147180559945,"sas_proc|newton_gradient|PL","sas_proc","newton_gradient","PL","point_converged",2500,131,2369,2367,2,0.9468,163,0,0,2367,2204,2160,38,6,0.980036297640653,0.00297944812636222,0.974196579312983,0.985876015968323
"C40R90",40,20,0.9,0.693147180559945,"sas_proc|newton_gradient|Wald","sas_proc","newton_gradient","Wald","available",2500,131,2369,2369,0,0.9476,163,0,163,0,2369,2361,8,0,0.996623047699451,0.00119191530364146,0.994286893704314,0.998959201694589
"C40R90",40,20,0.9,0.693147180559945,"sas_proc|newton_gradient|Wald","sas_proc","newton_gradient","Wald","point_and_ci_converged",2500,131,2369,2369,0,0.9476,163,0,163,0,2206,2198,8,0,0.99637352674524,0.00127982495872436,0.993865069826141,0.99888198366434
"C40R90",40,20,0.9,0.693147180559945,"sas_proc|newton_gradient|Wald","sas_proc","newton_gradient","Wald","point_converged",2500,131,2369,2369,0,0.9476,163,0,163,0,2206,2198,8,0,0.99637352674524,0.00127982495872436,0.993865069826141,0.99888198366434
"C40R99",40,20,0.99,0.693147180559945,"brglm2|bg_asmean_default|Wald","brglm2","bg_asmean_default","Wald","available",2500,133,2367,2367,0,0.9468,2,0,2,0,2367,2358,9,0,0.996197718631179,0.00126501527085396,0.993718288700305,0.998677148562052
"C40R99",40,20,0.99,0.693147180559945,"brglm2|bg_asmean_default|Wald","brglm2","bg_asmean_default","Wald","point_and_ci_converged",2500,133,2367,2367,0,0.9468,2,0,2,0,2365,2356,9,0,0.996194503171247,0.00126608300791616,0.993712980475732,0.998676025866763
"C40R99",40,20,0.99,0.693147180559945,"brglm2|bg_asmean_default|Wald","brglm2","bg_asmean_default","Wald","point_converged",2500,133,2367,2367,0,0.9468,2,0,2,0,2365,2356,9,0,0.996194503171247,0.00126608300791616,0.993712980475732,0.998676025866763
"C40R99",40,20,0.99,0.693147180559945,"brglm2|bg_asmean_epsilon12|Wald","brglm2","bg_asmean_epsilon12","Wald","available",2500,133,2367,2367,0,0.9468,0,0,0,0,2367,2358,9,0,0.996197718631179,0.00126501527085396,0.993718288700305,0.998677148562052
"C40R99",40,20,0.99,0.693147180559945,"brglm2|bg_asmean_epsilon12|Wald","brglm2","bg_asmean_epsilon12","Wald","point_and_ci_converged",2500,133,2367,2367,0,0.9468,0,0,0,0,2367,2358,9,0,0.996197718631179,0.00126501527085396,0.993718288700305,0.998677148562052
"C40R99",40,20,0.99,0.693147180559945,"brglm2|bg_asmean_epsilon12|Wald","brglm2","bg_asmean_epsilon12","Wald","point_converged",2500,133,2367,2367,0,0.9468,0,0,0,0,2367,2358,9,0,0.996197718631179,0.00126501527085396,0.993718288700305,0.998677148562052
"C40R99",40,20,0.99,0.693147180559945,"brglm2|bg_asmean_maxit5000|Wald","brglm2","bg_asmean_maxit5000","Wald","available",2500,133,2367,2367,0,0.9468,0,0,0,0,2367,2358,9,0,0.996197718631179,0.00126501527085396,0.993718288700305,0.998677148562052
"C40R99",40,20,0.99,0.693147180559945,"brglm2|bg_asmean_maxit5000|Wald","brglm2","bg_asmean_maxit5000","Wald","point_and_ci_converged",2500,133,2367,2367,0,0.9468,0,0,0,0,2367,2358,9,0,0.996197718631179,0.00126501527085396,0.993718288700305,0.998677148562052
"C40R99",40,20,0.99,0.693147180559945,"brglm2|bg_asmean_maxit5000|Wald","brglm2","bg_asmean_maxit5000","Wald","point_converged",2500,133,2367,2367,0,0.9468,0,0,0,0,2367,2358,9,0,0.996197718631179,0.00126501527085396,0.993718288700305,0.998677148562052
"C40R99",40,20,0.99,0.693147180559945,"brglm2|bg_mpl_default|Wald","brglm2","bg_mpl_default","Wald","available",2500,133,2367,2367,0,0.9468,2,0,2,0,2367,2358,9,0,0.996197718631179,0.00126501527085396,0.993718288700305,0.998677148562052
"C40R99",40,20,0.99,0.693147180559945,"brglm2|bg_mpl_default|Wald","brglm2","bg_mpl_default","Wald","point_and_ci_converged",2500,133,2367,2367,0,0.9468,2,0,2,0,2365,2356,9,0,0.996194503171247,0.00126608300791616,0.993712980475732,0.998676025866763
"C40R99",40,20,0.99,0.693147180559945,"brglm2|bg_mpl_default|Wald","brglm2","bg_mpl_default","Wald","point_converged",2500,133,2367,2367,0,0.9468,2,0,2,0,2365,2356,9,0,0.996194503171247,0.00126608300791616,0.993712980475732,0.998676025866763
"C40R99",40,20,0.99,0.693147180559945,"brglm2|bg_mpl_epsilon12|Wald","brglm2","bg_mpl_epsilon12","Wald","available",2500,133,2367,2367,0,0.9468,0,0,0,0,2367,2358,9,0,0.996197718631179,0.00126501527085396,0.993718288700305,0.998677148562052
"C40R99",40,20,0.99,0.693147180559945,"brglm2|bg_mpl_epsilon12|Wald","brglm2","bg_mpl_epsilon12","Wald","point_and_ci_converged",2500,133,2367,2367,0,0.9468,0,0,0,0,2367,2358,9,0,0.996197718631179,0.00126501527085396,0.993718288700305,0.998677148562052
"C40R99",40,20,0.99,0.693147180559945,"brglm2|bg_mpl_epsilon12|Wald","brglm2","bg_mpl_epsilon12","Wald","point_converged",2500,133,2367,2367,0,0.9468,0,0,0,0,2367,2358,9,0,0.996197718631179,0.00126501527085396,0.993718288700305,0.998677148562052
"C40R99",40,20,0.99,0.693147180559945,"brglm2|bg_mpl_maxit5000|Wald","brglm2","bg_mpl_maxit5000","Wald","available",2500,133,2367,2367,0,0.9468,0,0,0,0,2367,2358,9,0,0.996197718631179,0.00126501527085396,0.993718288700305,0.998677148562052
"C40R99",40,20,0.99,0.693147180559945,"brglm2|bg_mpl_maxit5000|Wald","brglm2","bg_mpl_maxit5000","Wald","point_and_ci_converged",2500,133,2367,2367,0,0.9468,0,0,0,0,2367,2358,9,0,0.996197718631179,0.00126501527085396,0.993718288700305,0.998677148562052
"C40R99",40,20,0.99,0.693147180559945,"brglm2|bg_mpl_maxit5000|Wald","brglm2","bg_mpl_maxit5000","Wald","point_converged",2500,133,2367,2367,0,0.9468,0,0,0,0,2367,2358,9,0,0.996197718631179,0.00126501527085396,0.993718288700305,0.998677148562052
"C40R99",40,20,0.99,0.693147180559945,"logistf|lf_irls_default|PL","logistf","lf_irls_default","PL","available",2500,133,2367,2367,0,0.9468,318,0,326,0,2367,2324,37,6,0.981833544571187,0.0027450793497154,0.976453189045745,0.987213900096629
"C40R99",40,20,0.99,0.693147180559945,"logistf|lf_irls_default|PL","logistf","lf_irls_default","PL","point_and_ci_converged",2500,133,2367,2367,0,0.9468,318,0,326,0,2041,2002,33,6,0.980891719745223,0.00303039913257889,0.974952137445368,0.986831302045078
"C40R99",40,20,0.99,0.693147180559945,"logistf|lf_irls_default|PL","logistf","lf_irls_default","PL","point_converged",2500,133,2367,2367,0,0.9468,318,0,326,0,2049,2010,33,6,0.980966325036603,0.00301868220505924,0.975049707914687,0.986882942158519
"C40R99",40,20,0.99,0.693147180559945,"logistf|lf_irls_default|Wald","logistf","lf_irls_default","Wald","available",2500,133,2367,2367,0,0.9468,318,0,318,0,2367,2347,20,0,0.991550485847064,0.00188136974518262,0.987863001146506,0.995237970547622
"C40R99",40,20,0.99,0.693147180559945,"logistf|lf_irls_default|Wald","logistf","lf_irls_default","Wald","point_and_ci_converged",2500,133,2367,2367,0,0.9468,318,0,318,0,2049,2029,20,0,0.990239141044412,0.00217191629543057,0.985982185105368,0.994496096983456
"C40R99",40,20,0.99,0.693147180559945,"logistf|lf_irls_default|Wald","logistf","lf_irls_default","Wald","point_converged",2500,133,2367,2367,0,0.9468,318,0,318,0,2049,2029,20,0,0.990239141044412,0.00217191629543057,0.985982185105368,0.994496096983456
"C40R99",40,20,0.99,0.693147180559945,"logistf|lf_irls_fit_pl_tight|PL","logistf","lf_irls_fit_pl_tight","PL","available",2500,133,2367,2367,0,0.9468,0,0,81,0,2367,2324,37,6,0.981833544571187,0.0027450793497154,0.976453189045745,0.987213900096629
"C40R99",40,20,0.99,0.693147180559945,"logistf|lf_irls_fit_pl_tight|PL","logistf","lf_irls_fit_pl_tight","PL","point_and_ci_converged",2500,133,2367,2367,0,0.9468,0,0,81,0,2286,2245,35,6,0.982064741907262,0.00277578459976756,0.976624204091717,0.987505279722806
"C40R99",40,20,0.99,0.693147180559945,"logistf|lf_irls_fit_pl_tight|PL","logistf","lf_irls_fit_pl_tight","PL","point_converged",2500,133,2367,2367,0,0.9468,0,0,81,0,2367,2324,37,6,0.981833544571187,0.0027450793497154,0.976453189045745,0.987213900096629
"C40R99",40,20,0.99,0.693147180559945,"logistf|lf_irls_fit_pl_tight|Wald","logistf","lf_irls_fit_pl_tight","Wald","available",2500,133,2367,2367,0,0.9468,0,0,0,0,2367,2347,20,0,0.991550485847064,0.00188136974518262,0.987863001146506,0.995237970547622
"C40R99",40,20,0.99,0.693147180559945,"logistf|lf_irls_fit_pl_tight|Wald","logistf","lf_irls_fit_pl_tight","Wald","point_and_ci_converged",2500,133,2367,2367,0,0.9468,0,0,0,0,2367,2347,20,0,0.991550485847064,0.00188136974518262,0.987863001146506,0.995237970547622
"C40R99",40,20,0.99,0.693147180559945,"logistf|lf_irls_fit_pl_tight|Wald","logistf","lf_irls_fit_pl_tight","Wald","point_converged",2500,133,2367,2367,0,0.9468,0,0,0,0,2367,2347,20,0,0.991550485847064,0.00188136974518262,0.987863001146506,0.995237970547622
"C40R99",40,20,0.99,0.693147180559945,"logistf|lf_nr_default|PL","logistf","lf_nr_default","PL","available",2500,133,2367,2367,0,0.9468,271,0,281,0,2367,2324,37,6,0.981833544571187,0.0027450793497154,0.976453189045745,0.987213900096629
"C40R99",40,20,0.99,0.693147180559945,"logistf|lf_nr_default|PL","logistf","lf_nr_default","PL","point_and_ci_converged",2500,133,2367,2367,0,0.9468,271,0,281,0,2086,2047,33,6,0.981303930968361,0.00296564913649082,0.975491258660839,0.987116603275883
"C40R99",40,20,0.99,0.693147180559945,"logistf|lf_nr_default|PL","logistf","lf_nr_default","PL","point_converged",2500,133,2367,2367,0,0.9468,271,0,281,0,2096,2057,33,6,0.981393129770992,0.0029516341871344,0.975607926764209,0.987178332777776
"C40R99",40,20,0.99,0.693147180559945,"logistf|lf_nr_default|Wald","logistf","lf_nr_default","Wald","available",2500,133,2367,2367,0,0.9468,271,0,271,0,2367,2347,20,0,0.991550485847064,0.00188136974518262,0.987863001146506,0.995237970547622
"C40R99",40,20,0.99,0.693147180559945,"logistf|lf_nr_default|Wald","logistf","lf_nr_default","Wald","point_and_ci_converged",2500,133,2367,2367,0,0.9468,271,0,271,0,2096,2076,20,0,0.990458015267176,0.00212344860973344,0.986296055992098,0.994619974542253
"C40R99",40,20,0.99,0.693147180559945,"logistf|lf_nr_default|Wald","logistf","lf_nr_default","Wald","point_converged",2500,133,2367,2367,0,0.9468,271,0,271,0,2096,2076,20,0,0.990458015267176,0.00212344860973344,0.986296055992098,0.994619974542253
"C40R99",40,20,0.99,0.693147180559945,"logistf|lf_nr_fit_pl_tight|PL","logistf","lf_nr_fit_pl_tight","PL","available",2500,133,2367,2367,0,0.9468,0,0,81,0,2367,2324,37,6,0.981833544571187,0.0027450793497154,0.976453189045745,0.987213900096629
"C40R99",40,20,0.99,0.693147180559945,"logistf|lf_nr_fit_pl_tight|PL","logistf","lf_nr_fit_pl_tight","PL","point_and_ci_converged",2500,133,2367,2367,0,0.9468,0,0,81,0,2286,2245,35,6,0.982064741907262,0.00277578459976756,0.976624204091717,0.987505279722806
"C40R99",40,20,0.99,0.693147180559945,"logistf|lf_nr_fit_pl_tight|PL","logistf","lf_nr_fit_pl_tight","PL","point_converged",2500,133,2367,2367,0,0.9468,0,0,81,0,2367,2324,37,6,0.981833544571187,0.0027450793497154,0.976453189045745,0.987213900096629
"C40R99",40,20,0.99,0.693147180559945,"logistf|lf_nr_fit_pl_tight|Wald","logistf","lf_nr_fit_pl_tight","Wald","available",2500,133,2367,2367,0,0.9468,0,0,0,0,2367,2347,20,0,0.991550485847064,0.00188136974518262,0.987863001146506,0.995237970547622
"C40R99",40,20,0.99,0.693147180559945,"logistf|lf_nr_fit_pl_tight|Wald","logistf","lf_nr_fit_pl_tight","Wald","point_and_ci_converged",2500,133,2367,2367,0,0.9468,0,0,0,0,2367,2347,20,0,0.991550485847064,0.00188136974518262,0.987863001146506,0.995237970547622
"C40R99",40,20,0.99,0.693147180559945,"logistf|lf_nr_fit_pl_tight|Wald","logistf","lf_nr_fit_pl_tight","Wald","point_converged",2500,133,2367,2367,0,0.9468,0,0,0,0,2367,2347,20,0,0.991550485847064,0.00188136974518262,0.987863001146506,0.995237970547622
"C40R99",40,20,0.99,0.693147180559945,"logistf|lf_nr_fit_tight|PL","logistf","lf_nr_fit_tight","PL","available",2500,133,2367,2367,0,0.9468,0,0,21,0,2367,2324,37,6,0.981833544571187,0.0027450793497154,0.976453189045745,0.987213900096629
"C40R99",40,20,0.99,0.693147180559945,"logistf|lf_nr_fit_tight|PL","logistf","lf_nr_fit_tight","PL","point_and_ci_converged",2500,133,2367,2367,0,0.9468,0,0,21,0,2346,2304,36,6,0.982097186700767,0.00273762444976751,0.976731442779223,0.987462930622312
"C40R99",40,20,0.99,0.693147180559945,"logistf|lf_nr_fit_tight|PL","logistf","lf_nr_fit_tight","PL","point_converged",2500,133,2367,2367,0,0.9468,0,0,21,0,2367,2324,37,6,0.981833544571187,0.0027450793497154,0.976453189045745,0.987213900096629
"C40R99",40,20,0.99,0.693147180559945,"logistf|lf_nr_fit_tight|Wald","logistf","lf_nr_fit_tight","Wald","available",2500,133,2367,2367,0,0.9468,0,0,0,0,2367,2347,20,0,0.991550485847064,0.00188136974518262,0.987863001146506,0.995237970547622
"C40R99",40,20,0.99,0.693147180559945,"logistf|lf_nr_fit_tight|Wald","logistf","lf_nr_fit_tight","Wald","point_and_ci_converged",2500,133,2367,2367,0,0.9468,0,0,0,0,2367,2347,20,0,0.991550485847064,0.00188136974518262,0.987863001146506,0.995237970547622
"C40R99",40,20,0.99,0.693147180559945,"logistf|lf_nr_fit_tight|Wald","logistf","lf_nr_fit_tight","Wald","point_converged",2500,133,2367,2367,0,0.9468,0,0,0,0,2367,2347,20,0,0.991550485847064,0.00188136974518262,0.987863001146506,0.995237970547622
"C40R99",40,20,0.99,0.693147180559945,"logistf|lf_nr_maxit5000|PL","logistf","lf_nr_maxit5000","PL","available",2500,133,2367,2367,0,0.9468,0,0,21,0,2367,2324,37,6,0.981833544571187,0.0027450793497154,0.976453189045745,0.987213900096629
"C40R99",40,20,0.99,0.693147180559945,"logistf|lf_nr_maxit5000|PL","logistf","lf_nr_maxit5000","PL","point_and_ci_converged",2500,133,2367,2367,0,0.9468,0,0,21,0,2346,2304,36,6,0.982097186700767,0.00273762444976751,0.976731442779223,0.987462930622312
"C40R99",40,20,0.99,0.693147180559945,"logistf|lf_nr_maxit5000|PL","logistf","lf_nr_maxit5000","PL","point_converged",2500,133,2367,2367,0,0.9468,0,0,21,0,2367,2324,37,6,0.981833544571187,0.0027450793497154,0.976453189045745,0.987213900096629
"C40R99",40,20,0.99,0.693147180559945,"logistf|lf_nr_maxit5000|Wald","logistf","lf_nr_maxit5000","Wald","available",2500,133,2367,2367,0,0.9468,0,0,0,0,2367,2347,20,0,0.991550485847064,0.00188136974518262,0.987863001146506,0.995237970547622
"C40R99",40,20,0.99,0.693147180559945,"logistf|lf_nr_maxit5000|Wald","logistf","lf_nr_maxit5000","Wald","point_and_ci_converged",2500,133,2367,2367,0,0.9468,0,0,0,0,2367,2347,20,0,0.991550485847064,0.00188136974518262,0.987863001146506,0.995237970547622
"C40R99",40,20,0.99,0.693147180559945,"logistf|lf_nr_maxit5000|Wald","logistf","lf_nr_maxit5000","Wald","point_converged",2500,133,2367,2367,0,0.9468,0,0,0,0,2367,2347,20,0,0.991550485847064,0.00188136974518262,0.987863001146506,0.995237970547622
"C40R99",40,20,0.99,0.693147180559945,"logistf|lf_nr_pl_tight|PL","logistf","lf_nr_pl_tight","PL","available",2500,133,2367,2367,0,0.9468,271,0,298,0,2367,2324,37,6,0.981833544571187,0.0027450793497154,0.976453189045745,0.987213900096629
"C40R99",40,20,0.99,0.693147180559945,"logistf|lf_nr_pl_tight|PL","logistf","lf_nr_pl_tight","PL","point_and_ci_converged",2500,133,2367,2367,0,0.9468,271,0,298,0,2069,2030,33,6,0.981150314161431,0.00298978243770712,0.975290340583525,0.987010287739337
"C40R99",40,20,0.99,0.693147180559945,"logistf|lf_nr_pl_tight|PL","logistf","lf_nr_pl_tight","PL","point_converged",2500,133,2367,2367,0,0.9468,271,0,298,0,2096,2057,33,6,0.981393129770992,0.0029516341871344,0.975607926764209,0.987178332777776
"C40R99",40,20,0.99,0.693147180559945,"logistf|lf_nr_pl_tight|Wald","logistf","lf_nr_pl_tight","Wald","available",2500,133,2367,2367,0,0.9468,271,0,271,0,2367,2347,20,0,0.991550485847064,0.00188136974518262,0.987863001146506,0.995237970547622
"C40R99",40,20,0.99,0.693147180559945,"logistf|lf_nr_pl_tight|Wald","logistf","lf_nr_pl_tight","Wald","point_and_ci_converged",2500,133,2367,2367,0,0.9468,271,0,271,0,2096,2076,20,0,0.990458015267176,0.00212344860973344,0.986296055992098,0.994619974542253
"C40R99",40,20,0.99,0.693147180559945,"logistf|lf_nr_pl_tight|Wald","logistf","lf_nr_pl_tight","Wald","point_converged",2500,133,2367,2367,0,0.9468,271,0,271,0,2096,2076,20,0,0.990458015267176,0.00212344860973344,0.986296055992098,0.994619974542253
"C40R99",40,20,0.99,0.693147180559945,"sas_fl|default|PL","sas_fl","default","PL","available",2500,133,2367,2367,0,0.9468,0,2367,0,2367,2367,2324,37,6,0.981833544571187,0.0027450793497154,0.976453189045745,0.987213900096629
"C40R99",40,20,0.99,0.693147180559945,"sas_fl|default|PL","sas_fl","default","PL","point_and_ci_converged",2500,133,2367,2367,0,0.9468,0,2367,0,2367,0,0,0,0,,,,
"C40R99",40,20,0.99,0.693147180559945,"sas_fl|default|PL","sas_fl","default","PL","point_converged",2500,133,2367,2367,0,0.9468,0,2367,0,2367,0,0,0,0,,,,
"C40R99",40,20,0.99,0.693147180559945,"sas_fl|tight|PL","sas_fl","tight","PL","available",2500,133,2367,2367,0,0.9468,0,2367,0,2367,2367,2324,37,6,0.981833544571187,0.0027450793497154,0.976453189045745,0.987213900096629
"C40R99",40,20,0.99,0.693147180559945,"sas_fl|tight|PL","sas_fl","tight","PL","point_and_ci_converged",2500,133,2367,2367,0,0.9468,0,2367,0,2367,0,0,0,0,,,,
"C40R99",40,20,0.99,0.693147180559945,"sas_fl|tight|PL","sas_fl","tight","PL","point_converged",2500,133,2367,2367,0,0.9468,0,2367,0,2367,0,0,0,0,,,,
"C40R99",40,20,0.99,0.693147180559945,"sas_proc|fisher_cap|PL","sas_proc","fisher_cap","PL","available",2500,133,2367,2365,2,0.946,172,0,0,2365,2365,2322,37,6,0.981818181818182,0.00274737927550535,0.976433318438191,0.987203045198172
"C40R99",40,20,0.99,0.693147180559945,"sas_proc|fisher_cap|PL","sas_proc","fisher_cap","PL","point_and_ci_converged",2500,133,2367,2365,2,0.946,172,0,0,2365,0,0,0,0,,,,
"C40R99",40,20,0.99,0.693147180559945,"sas_proc|fisher_cap|PL","sas_proc","fisher_cap","PL","point_converged",2500,133,2367,2365,2,0.946,172,0,0,2365,2193,2152,35,6,0.981304149566803,0.00289237843153934,0.975635087840986,0.986973211292621
"C40R99",40,20,0.99,0.693147180559945,"sas_proc|fisher_cap|Wald","sas_proc","fisher_cap","Wald","available",2500,133,2367,2367,0,0.9468,172,0,172,0,2367,2358,9,0,0.996197718631179,0.00126501527085396,0.993718288700305,0.998677148562052
"C40R99",40,20,0.99,0.693147180559945,"sas_proc|fisher_cap|Wald","sas_proc","fisher_cap","Wald","point_and_ci_converged",2500,133,2367,2367,0,0.9468,172,0,172,0,2195,2186,9,0,0.995899772209567,0.00136393774073159,0.993226454237733,0.998573090181401
"C40R99",40,20,0.99,0.693147180559945,"sas_proc|fisher_cap|Wald","sas_proc","fisher_cap","Wald","point_converged",2500,133,2367,2367,0,0.9468,172,0,172,0,2195,2186,9,0,0.995899772209567,0.00136393774073159,0.993226454237733,0.998573090181401
"C40R99",40,20,0.99,0.693147180559945,"sas_proc|fisher_default|PL","sas_proc","fisher_default","PL","available",2500,133,2367,2288,79,0.9152,154,0,0,2288,2288,2247,35,6,0.98208041958042,0.00277338035147299,0.976644594091532,0.987516245069307
"C40R99",40,20,0.99,0.693147180559945,"sas_proc|fisher_default|PL","sas_proc","fisher_default","PL","point_and_ci_converged",2500,133,2367,2288,79,0.9152,154,0,0,2288,0,0,0,0,,,,
"C40R99",40,20,0.99,0.693147180559945,"sas_proc|fisher_default|PL","sas_proc","fisher_default","PL","point_converged",2500,133,2367,2288,79,0.9152,154,0,0,2288,2134,2095,33,6,0.981724461105904,0.0028995639697593,0.976041315725176,0.987407606486633
"C40R99",40,20,0.99,0.693147180559945,"sas_proc|fisher_default|Wald","sas_proc","fisher_default","Wald","available",2500,133,2367,2367,0,0.9468,184,0,184,0,2367,2358,9,0,0.996197718631179,0.00126501527085396,0.993718288700305,0.998677148562052
"C40R99",40,20,0.99,0.693147180559945,"sas_proc|fisher_default|Wald","sas_proc","fisher_default","Wald","point_and_ci_converged",2500,133,2367,2367,0,0.9468,184,0,184,0,2183,2174,9,0,0.995877233165369,0.00137141981796726,0.993189250322153,0.998565216008585
"C40R99",40,20,0.99,0.693147180559945,"sas_proc|fisher_default|Wald","sas_proc","fisher_default","Wald","point_converged",2500,133,2367,2367,0,0.9468,184,0,184,0,2183,2174,9,0,0.995877233165369,0.00137141981796726,0.993189250322153,0.998565216008585
"C40R99",40,20,0.99,0.693147180559945,"sas_proc|fisher_gradient|PL","sas_proc","fisher_gradient","PL","available",2500,133,2367,2365,2,0.946,174,0,0,2365,2365,2322,37,6,0.981818181818182,0.00274737927550535,0.976433318438191,0.987203045198172
"C40R99",40,20,0.99,0.693147180559945,"sas_proc|fisher_gradient|PL","sas_proc","fisher_gradient","PL","point_and_ci_converged",2500,133,2367,2365,2,0.946,174,0,0,2365,0,0,0,0,,,,
"C40R99",40,20,0.99,0.693147180559945,"sas_proc|fisher_gradient|PL","sas_proc","fisher_gradient","PL","point_converged",2500,133,2367,2365,2,0.946,174,0,0,2365,2191,2150,35,6,0.981287083523505,0.00289499349342819,0.975612896276386,0.986961270770624
"C40R99",40,20,0.99,0.693147180559945,"sas_proc|fisher_gradient|Wald","sas_proc","fisher_gradient","Wald","available",2500,133,2367,2367,0,0.9468,174,0,174,0,2367,2358,9,0,0.996197718631179,0.00126501527085396,0.993718288700305,0.998677148562052
"C40R99",40,20,0.99,0.693147180559945,"sas_proc|fisher_gradient|Wald","sas_proc","fisher_gradient","Wald","point_and_ci_converged",2500,133,2367,2367,0,0.9468,174,0,174,0,2193,2184,9,0,0.995896032831737,0.00136517907902375,0.993220281836851,0.998571783826624
"C40R99",40,20,0.99,0.693147180559945,"sas_proc|fisher_gradient|Wald","sas_proc","fisher_gradient","Wald","point_converged",2500,133,2367,2367,0,0.9468,174,0,174,0,2193,2184,9,0,0.995896032831737,0.00136517907902375,0.993220281836851,0.998571783826624
"C40R99",40,20,0.99,0.693147180559945,"sas_proc|fisher_parameter|PL","sas_proc","fisher_parameter","PL","available",2500,133,2367,2365,2,0.946,174,0,0,2365,2365,2322,37,6,0.981818181818182,0.00274737927550535,0.976433318438191,0.987203045198172
"C40R99",40,20,0.99,0.693147180559945,"sas_proc|fisher_parameter|PL","sas_proc","fisher_parameter","PL","point_and_ci_converged",2500,133,2367,2365,2,0.946,174,0,0,2365,0,0,0,0,,,,
"C40R99",40,20,0.99,0.693147180559945,"sas_proc|fisher_parameter|PL","sas_proc","fisher_parameter","PL","point_converged",2500,133,2367,2365,2,0.946,174,0,0,2365,2191,2150,35,6,0.981287083523505,0.00289499349342819,0.975612896276386,0.986961270770624
"C40R99",40,20,0.99,0.693147180559945,"sas_proc|fisher_parameter|Wald","sas_proc","fisher_parameter","Wald","available",2500,133,2367,2367,0,0.9468,174,0,174,0,2367,2358,9,0,0.996197718631179,0.00126501527085396,0.993718288700305,0.998677148562052
"C40R99",40,20,0.99,0.693147180559945,"sas_proc|fisher_parameter|Wald","sas_proc","fisher_parameter","Wald","point_and_ci_converged",2500,133,2367,2367,0,0.9468,174,0,174,0,2193,2184,9,0,0.995896032831737,0.00136517907902375,0.993220281836851,0.998571783826624
"C40R99",40,20,0.99,0.693147180559945,"sas_proc|fisher_parameter|Wald","sas_proc","fisher_parameter","Wald","point_converged",2500,133,2367,2367,0,0.9468,174,0,174,0,2193,2184,9,0,0.995896032831737,0.00136517907902375,0.993220281836851,0.998571783826624
"C40R99",40,20,0.99,0.693147180559945,"sas_proc|fisher_pl|PL","sas_proc","fisher_pl","PL","available",2500,133,2367,2362,5,0.9448,174,0,0,2362,2362,2319,37,6,0.981795088907705,0.00275083639843354,0.976403449566775,0.987186728248635
"C40R99",40,20,0.99,0.693147180559945,"sas_proc|fisher_pl|PL","sas_proc","fisher_pl","PL","point_and_ci_converged",2500,133,2367,2362,5,0.9448,174,0,0,2362,0,0,0,0,,,,
"C40R99",40,20,0.99,0.693147180559945,"sas_proc|fisher_pl|PL","sas_proc","fisher_pl","PL","point_converged",2500,133,2367,2362,5,0.9448,174,0,0,2362,2188,2147,35,6,0.981261425959781,0.00289892496331704,0.975579533031679,0.986943318887882
"C40R99",40,20,0.99,0.693147180559945,"sas_proc|fisher_pl|Wald","sas_proc","fisher_pl","Wald","available",2500,133,2367,2367,0,0.9468,174,0,174,0,2367,2358,9,0,0.996197718631179,0.00126501527085396,0.993718288700305,0.998677148562052
"C40R99",40,20,0.99,0.693147180559945,"sas_proc|fisher_pl|Wald","sas_proc","fisher_pl","Wald","point_and_ci_converged",2500,133,2367,2367,0,0.9468,174,0,174,0,2193,2184,9,0,0.995896032831737,0.00136517907902375,0.993220281836851,0.998571783826624
"C40R99",40,20,0.99,0.693147180559945,"sas_proc|fisher_pl|Wald","sas_proc","fisher_pl","Wald","point_converged",2500,133,2367,2367,0,0.9468,174,0,174,0,2193,2184,9,0,0.995896032831737,0.00136517907902375,0.993220281836851,0.998571783826624
"C40R99",40,20,0.99,0.693147180559945,"sas_proc|newton_default|PL","sas_proc","newton_default","PL","available",2500,133,2367,2288,79,0.9152,154,0,0,2288,2288,2247,35,6,0.98208041958042,0.00277338035147299,0.976644594091532,0.987516245069307
"C40R99",40,20,0.99,0.693147180559945,"sas_proc|newton_default|PL","sas_proc","newton_default","PL","point_and_ci_converged",2500,133,2367,2288,79,0.9152,154,0,0,2288,0,0,0,0,,,,
"C40R99",40,20,0.99,0.693147180559945,"sas_proc|newton_default|PL","sas_proc","newton_default","PL","point_converged",2500,133,2367,2288,79,0.9152,154,0,0,2288,2134,2095,33,6,0.981724461105904,0.0028995639697593,0.976041315725176,0.987407606486633
"C40R99",40,20,0.99,0.693147180559945,"sas_proc|newton_default|Wald","sas_proc","newton_default","Wald","available",2500,133,2367,2367,0,0.9468,184,0,184,0,2367,2358,9,0,0.996197718631179,0.00126501527085396,0.993718288700305,0.998677148562052
"C40R99",40,20,0.99,0.693147180559945,"sas_proc|newton_default|Wald","sas_proc","newton_default","Wald","point_and_ci_converged",2500,133,2367,2367,0,0.9468,184,0,184,0,2183,2174,9,0,0.995877233165369,0.00137141981796726,0.993189250322153,0.998565216008585
"C40R99",40,20,0.99,0.693147180559945,"sas_proc|newton_default|Wald","sas_proc","newton_default","Wald","point_converged",2500,133,2367,2367,0,0.9468,184,0,184,0,2183,2174,9,0,0.995877233165369,0.00137141981796726,0.993189250322153,0.998565216008585
"C40R99",40,20,0.99,0.693147180559945,"sas_proc|newton_gradient|PL","sas_proc","newton_gradient","PL","available",2500,133,2367,2365,2,0.946,174,0,0,2365,2365,2322,37,6,0.981818181818182,0.00274737927550535,0.976433318438191,0.987203045198172
"C40R99",40,20,0.99,0.693147180559945,"sas_proc|newton_gradient|PL","sas_proc","newton_gradient","PL","point_and_ci_converged",2500,133,2367,2365,2,0.946,174,0,0,2365,0,0,0,0,,,,
"C40R99",40,20,0.99,0.693147180559945,"sas_proc|newton_gradient|PL","sas_proc","newton_gradient","PL","point_converged",2500,133,2367,2365,2,0.946,174,0,0,2365,2191,2150,35,6,0.981287083523505,0.00289499349342819,0.975612896276386,0.986961270770624
"C40R99",40,20,0.99,0.693147180559945,"sas_proc|newton_gradient|Wald","sas_proc","newton_gradient","Wald","available",2500,133,2367,2367,0,0.9468,174,0,174,0,2367,2358,9,0,0.996197718631179,0.00126501527085396,0.993718288700305,0.998677148562052
"C40R99",40,20,0.99,0.693147180559945,"sas_proc|newton_gradient|Wald","sas_proc","newton_gradient","Wald","point_and_ci_converged",2500,133,2367,2367,0,0.9468,174,0,174,0,2193,2184,9,0,0.995896032831737,0.00136517907902375,0.993220281836851,0.998571783826624
"C40R99",40,20,0.99,0.693147180559945,"sas_proc|newton_gradient|Wald","sas_proc","newton_gradient","Wald","point_converged",2500,133,2367,2367,0,0.9468,174,0,174,0,2193,2184,9,0,0.995896032831737,0.00136517907902375,0.993220281836851,0.998571783826624
"C100R00",100,20,0,0.693147180559945,"brglm2|bg_asmean_default|Wald","brglm2","bg_asmean_default","Wald","available",2500,8,2492,2492,0,0.9968,0,0,0,0,2492,2452,2,38,0.983948635634029,0.00251749242005948,0.979014350490712,0.988882920777346
"C100R00",100,20,0,0.693147180559945,"brglm2|bg_asmean_default|Wald","brglm2","bg_asmean_default","Wald","point_and_ci_converged",2500,8,2492,2492,0,0.9968,0,0,0,0,2492,2452,2,38,0.983948635634029,0.00251749242005948,0.979014350490712,0.988882920777346
"C100R00",100,20,0,0.693147180559945,"brglm2|bg_asmean_default|Wald","brglm2","bg_asmean_default","Wald","point_converged",2500,8,2492,2492,0,0.9968,0,0,0,0,2492,2452,2,38,0.983948635634029,0.00251749242005948,0.979014350490712,0.988882920777346
"C100R00",100,20,0,0.693147180559945,"brglm2|bg_asmean_epsilon12|Wald","brglm2","bg_asmean_epsilon12","Wald","available",2500,8,2492,2492,0,0.9968,0,0,0,0,2492,2452,2,38,0.983948635634029,0.00251749242005948,0.979014350490712,0.988882920777346
"C100R00",100,20,0,0.693147180559945,"brglm2|bg_asmean_epsilon12|Wald","brglm2","bg_asmean_epsilon12","Wald","point_and_ci_converged",2500,8,2492,2492,0,0.9968,0,0,0,0,2492,2452,2,38,0.983948635634029,0.00251749242005948,0.979014350490712,0.988882920777346
"C100R00",100,20,0,0.693147180559945,"brglm2|bg_asmean_epsilon12|Wald","brglm2","bg_asmean_epsilon12","Wald","point_converged",2500,8,2492,2492,0,0.9968,0,0,0,0,2492,2452,2,38,0.983948635634029,0.00251749242005948,0.979014350490712,0.988882920777346
"C100R00",100,20,0,0.693147180559945,"brglm2|bg_asmean_maxit5000|Wald","brglm2","bg_asmean_maxit5000","Wald","available",2500,8,2492,2492,0,0.9968,0,0,0,0,2492,2452,2,38,0.983948635634029,0.00251749242005948,0.979014350490712,0.988882920777346
"C100R00",100,20,0,0.693147180559945,"brglm2|bg_asmean_maxit5000|Wald","brglm2","bg_asmean_maxit5000","Wald","point_and_ci_converged",2500,8,2492,2492,0,0.9968,0,0,0,0,2492,2452,2,38,0.983948635634029,0.00251749242005948,0.979014350490712,0.988882920777346
"C100R00",100,20,0,0.693147180559945,"brglm2|bg_asmean_maxit5000|Wald","brglm2","bg_asmean_maxit5000","Wald","point_converged",2500,8,2492,2492,0,0.9968,0,0,0,0,2492,2452,2,38,0.983948635634029,0.00251749242005948,0.979014350490712,0.988882920777346
"C100R00",100,20,0,0.693147180559945,"brglm2|bg_mpl_default|Wald","brglm2","bg_mpl_default","Wald","available",2500,8,2492,2492,0,0.9968,0,0,0,0,2492,2452,2,38,0.983948635634029,0.00251749242005948,0.979014350490712,0.988882920777346
"C100R00",100,20,0,0.693147180559945,"brglm2|bg_mpl_default|Wald","brglm2","bg_mpl_default","Wald","point_and_ci_converged",2500,8,2492,2492,0,0.9968,0,0,0,0,2492,2452,2,38,0.983948635634029,0.00251749242005948,0.979014350490712,0.988882920777346
"C100R00",100,20,0,0.693147180559945,"brglm2|bg_mpl_default|Wald","brglm2","bg_mpl_default","Wald","point_converged",2500,8,2492,2492,0,0.9968,0,0,0,0,2492,2452,2,38,0.983948635634029,0.00251749242005948,0.979014350490712,0.988882920777346
"C100R00",100,20,0,0.693147180559945,"brglm2|bg_mpl_epsilon12|Wald","brglm2","bg_mpl_epsilon12","Wald","available",2500,8,2492,2492,0,0.9968,0,0,0,0,2492,2452,2,38,0.983948635634029,0.00251749242005948,0.979014350490712,0.988882920777346
"C100R00",100,20,0,0.693147180559945,"brglm2|bg_mpl_epsilon12|Wald","brglm2","bg_mpl_epsilon12","Wald","point_and_ci_converged",2500,8,2492,2492,0,0.9968,0,0,0,0,2492,2452,2,38,0.983948635634029,0.00251749242005948,0.979014350490712,0.988882920777346
"C100R00",100,20,0,0.693147180559945,"brglm2|bg_mpl_epsilon12|Wald","brglm2","bg_mpl_epsilon12","Wald","point_converged",2500,8,2492,2492,0,0.9968,0,0,0,0,2492,2452,2,38,0.983948635634029,0.00251749242005948,0.979014350490712,0.988882920777346
"C100R00",100,20,0,0.693147180559945,"brglm2|bg_mpl_maxit5000|Wald","brglm2","bg_mpl_maxit5000","Wald","available",2500,8,2492,2492,0,0.9968,0,0,0,0,2492,2452,2,38,0.983948635634029,0.00251749242005948,0.979014350490712,0.988882920777346
"C100R00",100,20,0,0.693147180559945,"brglm2|bg_mpl_maxit5000|Wald","brglm2","bg_mpl_maxit5000","Wald","point_and_ci_converged",2500,8,2492,2492,0,0.9968,0,0,0,0,2492,2452,2,38,0.983948635634029,0.00251749242005948,0.979014350490712,0.988882920777346
"C100R00",100,20,0,0.693147180559945,"brglm2|bg_mpl_maxit5000|Wald","brglm2","bg_mpl_maxit5000","Wald","point_converged",2500,8,2492,2492,0,0.9968,0,0,0,0,2492,2452,2,38,0.983948635634029,0.00251749242005948,0.979014350490712,0.988882920777346
"C100R00",100,20,0,0.693147180559945,"logistf|lf_irls_default|PL","logistf","lf_irls_default","PL","available",2500,8,2492,2492,0,0.9968,31,0,31,0,2492,2421,19,52,0.971508828250401,0.00333276362130756,0.964976611552638,0.978041044948164
"C100R00",100,20,0,0.693147180559945,"logistf|lf_irls_default|PL","logistf","lf_irls_default","PL","point_and_ci_converged",2500,8,2492,2492,0,0.9968,31,0,31,0,2461,2391,19,51,0.971556277935798,0.00335097654105215,0.964988363915336,0.978124191956261
"C100R00",100,20,0,0.693147180559945,"logistf|lf_irls_default|PL","logistf","lf_irls_default","PL","point_converged",2500,8,2492,2492,0,0.9968,31,0,31,0,2461,2391,19,51,0.971556277935798,0.00335097654105215,0.964988363915336,0.978124191956261
"C100R00",100,20,0,0.693147180559945,"logistf|lf_irls_default|Wald","logistf","lf_irls_default","Wald","available",2500,8,2492,2492,0,0.9968,31,0,31,0,2492,2442,2,48,0.979935794542536,0.00280889674600276,0.974430356920371,0.985441232164701
"C100R00",100,20,0,0.693147180559945,"logistf|lf_irls_default|Wald","logistf","lf_irls_default","Wald","point_and_ci_converged",2500,8,2492,2492,0,0.9968,31,0,31,0,2461,2411,2,48,0.979683055668428,0.00284391221634402,0.974108987724393,0.985257123612462
"C100R00",100,20,0,0.693147180559945,"logistf|lf_irls_default|Wald","logistf","lf_irls_default","Wald","point_converged",2500,8,2492,2492,0,0.9968,31,0,31,0,2461,2411,2,48,0.979683055668428,0.00284391221634402,0.974108987724393,0.985257123612462
"C100R00",100,20,0,0.693147180559945,"logistf|lf_irls_fit_pl_tight|PL","logistf","lf_irls_fit_pl_tight","PL","available",2500,8,2492,2492,0,0.9968,0,0,4,0,2492,2421,19,52,0.971508828250401,0.00333276362130756,0.964976611552638,0.978041044948164
"C100R00",100,20,0,0.693147180559945,"logistf|lf_irls_fit_pl_tight|PL","logistf","lf_irls_fit_pl_tight","PL","point_and_ci_converged",2500,8,2492,2492,0,0.9968,0,0,4,0,2488,2417,19,52,0.971463022508039,0.00333804306657396,0.964920458097554,0.978005586918524
"C100R00",100,20,0,0.693147180559945,"logistf|lf_irls_fit_pl_tight|PL","logistf","lf_irls_fit_pl_tight","PL","point_converged",2500,8,2492,2492,0,0.9968,0,0,4,0,2492,2421,19,52,0.971508828250401,0.00333276362130756,0.964976611552638,0.978041044948164
"C100R00",100,20,0,0.693147180559945,"logistf|lf_irls_fit_pl_tight|Wald","logistf","lf_irls_fit_pl_tight","Wald","available",2500,8,2492,2492,0,0.9968,0,0,0,0,2492,2442,2,48,0.979935794542536,0.00280889674600276,0.974430356920371,0.985441232164701
"C100R00",100,20,0,0.693147180559945,"logistf|lf_irls_fit_pl_tight|Wald","logistf","lf_irls_fit_pl_tight","Wald","point_and_ci_converged",2500,8,2492,2492,0,0.9968,0,0,0,0,2492,2442,2,48,0.979935794542536,0.00280889674600276,0.974430356920371,0.985441232164701
"C100R00",100,20,0,0.693147180559945,"logistf|lf_irls_fit_pl_tight|Wald","logistf","lf_irls_fit_pl_tight","Wald","point_converged",2500,8,2492,2492,0,0.9968,0,0,0,0,2492,2442,2,48,0.979935794542536,0.00280889674600276,0.974430356920371,0.985441232164701
"C100R00",100,20,0,0.693147180559945,"logistf|lf_nr_default|PL","logistf","lf_nr_default","PL","available",2500,8,2492,2492,0,0.9968,29,0,29,0,2492,2421,19,52,0.971508828250401,0.00333276362130756,0.964976611552638,0.978041044948164
"C100R00",100,20,0,0.693147180559945,"logistf|lf_nr_default|PL","logistf","lf_nr_default","PL","point_and_ci_converged",2500,8,2492,2492,0,0.9968,29,0,29,0,2463,2393,19,51,0.971579374746244,0.00334829528704524,0.965016715983636,0.978142033508853
"C100R00",100,20,0,0.693147180559945,"logistf|lf_nr_default|PL","logistf","lf_nr_default","PL","point_converged",2500,8,2492,2492,0,0.9968,29,0,29,0,2463,2393,19,51,0.971579374746244,0.00334829528704524,0.965016715983636,0.978142033508853
"C100R00",100,20,0,0.693147180559945,"logistf|lf_nr_default|Wald","logistf","lf_nr_default","Wald","available",2500,8,2492,2492,0,0.9968,29,0,29,0,2492,2442,2,48,0.979935794542536,0.00280889674600276,0.974430356920371,0.985441232164701
"C100R00",100,20,0,0.693147180559945,"logistf|lf_nr_default|Wald","logistf","lf_nr_default","Wald","point_and_ci_converged",2500,8,2492,2492,0,0.9968,29,0,29,0,2463,2413,2,48,0.979699553390175,0.00284162683481099,0.974129964793945,0.985269141986404
"C100R00",100,20,0,0.693147180559945,"logistf|lf_nr_default|Wald","logistf","lf_nr_default","Wald","point_converged",2500,8,2492,2492,0,0.9968,29,0,29,0,2463,2413,2,48,0.979699553390175,0.00284162683481099,0.974129964793945,0.985269141986404
"C100R00",100,20,0,0.693147180559945,"logistf|lf_nr_fit_pl_tight|PL","logistf","lf_nr_fit_pl_tight","PL","available",2500,8,2492,2492,0,0.9968,0,0,4,0,2492,2421,19,52,0.971508828250401,0.00333276362130756,0.964976611552638,0.978041044948164
"C100R00",100,20,0,0.693147180559945,"logistf|lf_nr_fit_pl_tight|PL","logistf","lf_nr_fit_pl_tight","PL","point_and_ci_converged",2500,8,2492,2492,0,0.9968,0,0,4,0,2488,2417,19,52,0.971463022508039,0.00333804306657396,0.964920458097554,0.978005586918524
"C100R00",100,20,0,0.693147180559945,"logistf|lf_nr_fit_pl_tight|PL","logistf","lf_nr_fit_pl_tight","PL","point_converged",2500,8,2492,2492,0,0.9968,0,0,4,0,2492,2421,19,52,0.971508828250401,0.00333276362130756,0.964976611552638,0.978041044948164
"C100R00",100,20,0,0.693147180559945,"logistf|lf_nr_fit_pl_tight|Wald","logistf","lf_nr_fit_pl_tight","Wald","available",2500,8,2492,2492,0,0.9968,0,0,0,0,2492,2442,2,48,0.979935794542536,0.00280889674600276,0.974430356920371,0.985441232164701
"C100R00",100,20,0,0.693147180559945,"logistf|lf_nr_fit_pl_tight|Wald","logistf","lf_nr_fit_pl_tight","Wald","point_and_ci_converged",2500,8,2492,2492,0,0.9968,0,0,0,0,2492,2442,2,48,0.979935794542536,0.00280889674600276,0.974430356920371,0.985441232164701
"C100R00",100,20,0,0.693147180559945,"logistf|lf_nr_fit_pl_tight|Wald","logistf","lf_nr_fit_pl_tight","Wald","point_converged",2500,8,2492,2492,0,0.9968,0,0,0,0,2492,2442,2,48,0.979935794542536,0.00280889674600276,0.974430356920371,0.985441232164701
"C100R00",100,20,0,0.693147180559945,"logistf|lf_nr_fit_tight|PL","logistf","lf_nr_fit_tight","PL","available",2500,8,2492,2492,0,0.9968,0,0,1,0,2492,2421,19,52,0.971508828250401,0.00333276362130756,0.964976611552638,0.978041044948164
"C100R00",100,20,0,0.693147180559945,"logistf|lf_nr_fit_tight|PL","logistf","lf_nr_fit_tight","PL","point_and_ci_converged",2500,8,2492,2492,0,0.9968,0,0,1,0,2491,2420,19,52,0.971497390606182,0.0033340819169072,0.964962590049044,0.97803219116332
"C100R00",100,20,0,0.693147180559945,"logistf|lf_nr_fit_tight|PL","logistf","lf_nr_fit_tight","PL","point_converged",2500,8,2492,2492,0,0.9968,0,0,1,0,2492,2421,19,52,0.971508828250401,0.00333276362130756,0.964976611552638,0.978041044948164
"C100R00",100,20,0,0.693147180559945,"logistf|lf_nr_fit_tight|Wald","logistf","lf_nr_fit_tight","Wald","available",2500,8,2492,2492,0,0.9968,0,0,0,0,2492,2442,2,48,0.979935794542536,0.00280889674600276,0.974430356920371,0.985441232164701
"C100R00",100,20,0,0.693147180559945,"logistf|lf_nr_fit_tight|Wald","logistf","lf_nr_fit_tight","Wald","point_and_ci_converged",2500,8,2492,2492,0,0.9968,0,0,0,0,2492,2442,2,48,0.979935794542536,0.00280889674600276,0.974430356920371,0.985441232164701
"C100R00",100,20,0,0.693147180559945,"logistf|lf_nr_fit_tight|Wald","logistf","lf_nr_fit_tight","Wald","point_converged",2500,8,2492,2492,0,0.9968,0,0,0,0,2492,2442,2,48,0.979935794542536,0.00280889674600276,0.974430356920371,0.985441232164701
"C100R00",100,20,0,0.693147180559945,"logistf|lf_nr_maxit5000|PL","logistf","lf_nr_maxit5000","PL","available",2500,8,2492,2492,0,0.9968,0,0,1,0,2492,2421,19,52,0.971508828250401,0.00333276362130756,0.964976611552638,0.978041044948164
"C100R00",100,20,0,0.693147180559945,"logistf|lf_nr_maxit5000|PL","logistf","lf_nr_maxit5000","PL","point_and_ci_converged",2500,8,2492,2492,0,0.9968,0,0,1,0,2491,2420,19,52,0.971497390606182,0.0033340819169072,0.964962590049044,0.97803219116332
"C100R00",100,20,0,0.693147180559945,"logistf|lf_nr_maxit5000|PL","logistf","lf_nr_maxit5000","PL","point_converged",2500,8,2492,2492,0,0.9968,0,0,1,0,2492,2421,19,52,0.971508828250401,0.00333276362130756,0.964976611552638,0.978041044948164
"C100R00",100,20,0,0.693147180559945,"logistf|lf_nr_maxit5000|Wald","logistf","lf_nr_maxit5000","Wald","available",2500,8,2492,2492,0,0.9968,0,0,0,0,2492,2442,2,48,0.979935794542536,0.00280889674600276,0.974430356920371,0.985441232164701
"C100R00",100,20,0,0.693147180559945,"logistf|lf_nr_maxit5000|Wald","logistf","lf_nr_maxit5000","Wald","point_and_ci_converged",2500,8,2492,2492,0,0.9968,0,0,0,0,2492,2442,2,48,0.979935794542536,0.00280889674600276,0.974430356920371,0.985441232164701
"C100R00",100,20,0,0.693147180559945,"logistf|lf_nr_maxit5000|Wald","logistf","lf_nr_maxit5000","Wald","point_converged",2500,8,2492,2492,0,0.9968,0,0,0,0,2492,2442,2,48,0.979935794542536,0.00280889674600276,0.974430356920371,0.985441232164701
"C100R00",100,20,0,0.693147180559945,"logistf|lf_nr_pl_tight|PL","logistf","lf_nr_pl_tight","PL","available",2500,8,2492,2492,0,0.9968,29,0,30,0,2492,2421,19,52,0.971508828250401,0.00333276362130756,0.964976611552638,0.978041044948164
"C100R00",100,20,0,0.693147180559945,"logistf|lf_nr_pl_tight|PL","logistf","lf_nr_pl_tight","PL","point_and_ci_converged",2500,8,2492,2492,0,0.9968,29,0,30,0,2462,2392,19,51,0.971567831031682,0.00334963537766613,0.965002545691456,0.978133116371907
"C100R00",100,20,0,0.693147180559945,"logistf|lf_nr_pl_tight|PL","logistf","lf_nr_pl_tight","PL","point_converged",2500,8,2492,2492,0,0.9968,29,0,30,0,2463,2393,19,51,0.971579374746244,0.00334829528704524,0.965016715983636,0.978142033508853
"C100R00",100,20,0,0.693147180559945,"logistf|lf_nr_pl_tight|Wald","logistf","lf_nr_pl_tight","Wald","available",2500,8,2492,2492,0,0.9968,29,0,29,0,2492,2442,2,48,0.979935794542536,0.00280889674600276,0.974430356920371,0.985441232164701
"C100R00",100,20,0,0.693147180559945,"logistf|lf_nr_pl_tight|Wald","logistf","lf_nr_pl_tight","Wald","point_and_ci_converged",2500,8,2492,2492,0,0.9968,29,0,29,0,2463,2413,2,48,0.979699553390175,0.00284162683481099,0.974129964793945,0.985269141986404
"C100R00",100,20,0,0.693147180559945,"logistf|lf_nr_pl_tight|Wald","logistf","lf_nr_pl_tight","Wald","point_converged",2500,8,2492,2492,0,0.9968,29,0,29,0,2463,2413,2,48,0.979699553390175,0.00284162683481099,0.974129964793945,0.985269141986404
"C100R00",100,20,0,0.693147180559945,"sas_fl|default|PL","sas_fl","default","PL","available",2500,8,2492,2492,0,0.9968,0,2492,0,2492,2492,2421,19,52,0.971508828250401,0.00333276362130756,0.964976611552638,0.978041044948164
"C100R00",100,20,0,0.693147180559945,"sas_fl|default|PL","sas_fl","default","PL","point_and_ci_converged",2500,8,2492,2492,0,0.9968,0,2492,0,2492,0,0,0,0,,,,
"C100R00",100,20,0,0.693147180559945,"sas_fl|default|PL","sas_fl","default","PL","point_converged",2500,8,2492,2492,0,0.9968,0,2492,0,2492,0,0,0,0,,,,
"C100R00",100,20,0,0.693147180559945,"sas_fl|tight|PL","sas_fl","tight","PL","available",2500,8,2492,2492,0,0.9968,0,2492,0,2492,2492,2421,19,52,0.971508828250401,0.00333276362130756,0.964976611552638,0.978041044948164
"C100R00",100,20,0,0.693147180559945,"sas_fl|tight|PL","sas_fl","tight","PL","point_and_ci_converged",2500,8,2492,2492,0,0.9968,0,2492,0,2492,0,0,0,0,,,,
"C100R00",100,20,0,0.693147180559945,"sas_fl|tight|PL","sas_fl","tight","PL","point_converged",2500,8,2492,2492,0,0.9968,0,2492,0,2492,0,0,0,0,,,,
"C100R00",100,20,0,0.693147180559945,"sas_proc|fisher_cap|PL","sas_proc","fisher_cap","PL","available",2500,8,2492,2492,0,0.9968,11,0,0,2492,2492,2421,19,52,0.971508828250401,0.00333276362130756,0.964976611552638,0.978041044948164
"C100R00",100,20,0,0.693147180559945,"sas_proc|fisher_cap|PL","sas_proc","fisher_cap","PL","point_and_ci_converged",2500,8,2492,2492,0,0.9968,11,0,0,2492,0,0,0,0,,,,
"C100R00",100,20,0,0.693147180559945,"sas_proc|fisher_cap|PL","sas_proc","fisher_cap","PL","point_converged",2500,8,2492,2492,0,0.9968,11,0,0,2492,2481,2411,19,51,0.971785570334542,0.00332435564237118,0.965269833275495,0.97830130739359
"C100R00",100,20,0,0.693147180559945,"sas_proc|fisher_cap|Wald","sas_proc","fisher_cap","Wald","available",2500,8,2492,2492,0,0.9968,11,0,11,0,2492,2452,2,38,0.983948635634029,0.00251749242005948,0.979014350490712,0.988882920777346
"C100R00",100,20,0,0.693147180559945,"sas_proc|fisher_cap|Wald","sas_proc","fisher_cap","Wald","point_and_ci_converged",2500,8,2492,2492,0,0.9968,11,0,11,0,2481,2441,2,38,0.983877468762596,0.0025285627686676,0.978921485736007,0.988833451789184
"C100R00",100,20,0,0.693147180559945,"sas_proc|fisher_cap|Wald","sas_proc","fisher_cap","Wald","point_converged",2500,8,2492,2492,0,0.9968,11,0,11,0,2481,2441,2,38,0.983877468762596,0.0025285627686676,0.978921485736007,0.988833451789184
"C100R00",100,20,0,0.693147180559945,"sas_proc|fisher_default|PL","sas_proc","fisher_default","PL","available",2500,8,2492,2489,3,0.9956,11,0,0,2489,2489,2419,19,51,0.971876255524307,0.00331382529965852,0.965381157936976,0.978371353111638
"C100R00",100,20,0,0.693147180559945,"sas_proc|fisher_default|PL","sas_proc","fisher_default","PL","point_and_ci_converged",2500,8,2492,2489,3,0.9956,11,0,0,2489,0,0,0,0,,,,
"C100R00",100,20,0,0.693147180559945,"sas_proc|fisher_default|PL","sas_proc","fisher_default","PL","point_converged",2500,8,2492,2489,3,0.9956,11,0,0,2489,2478,2408,19,51,0.971751412429379,0.0033283217898209,0.96522790172133,0.978274923137427
"C100R00",100,20,0,0.693147180559945,"sas_proc|fisher_default|Wald","sas_proc","fisher_default","Wald","available",2500,8,2492,2492,0,0.9968,12,0,12,0,2492,2452,2,38,0.983948635634029,0.00251749242005948,0.979014350490712,0.988882920777346
"C100R00",100,20,0,0.693147180559945,"sas_proc|fisher_default|Wald","sas_proc","fisher_default","Wald","point_and_ci_converged",2500,8,2492,2492,0,0.9968,12,0,12,0,2480,2440,2,38,0.983870967741935,0.00252957399324302,0.978913002715179,0.988828932768692
"C100R00",100,20,0,0.693147180559945,"sas_proc|fisher_default|Wald","sas_proc","fisher_default","Wald","point_converged",2500,8,2492,2492,0,0.9968,12,0,12,0,2480,2440,2,38,0.983870967741935,0.00252957399324302,0.978913002715179,0.988828932768692
"C100R00",100,20,0,0.693147180559945,"sas_proc|fisher_gradient|PL","sas_proc","fisher_gradient","PL","available",2500,8,2492,2492,0,0.9968,11,0,0,2492,2492,2421,19,52,0.971508828250401,0.00333276362130756,0.964976611552638,0.978041044948164
"C100R00",100,20,0,0.693147180559945,"sas_proc|fisher_gradient|PL","sas_proc","fisher_gradient","PL","point_and_ci_converged",2500,8,2492,2492,0,0.9968,11,0,0,2492,0,0,0,0,,,,
"C100R00",100,20,0,0.693147180559945,"sas_proc|fisher_gradient|PL","sas_proc","fisher_gradient","PL","point_converged",2500,8,2492,2492,0,0.9968,11,0,0,2492,2481,2411,19,51,0.971785570334542,0.00332435564237118,0.965269833275495,0.97830130739359
"C100R00",100,20,0,0.693147180559945,"sas_proc|fisher_gradient|Wald","sas_proc","fisher_gradient","Wald","available",2500,8,2492,2492,0,0.9968,11,0,11,0,2492,2452,2,38,0.983948635634029,0.00251749242005948,0.979014350490712,0.988882920777346
"C100R00",100,20,0,0.693147180559945,"sas_proc|fisher_gradient|Wald","sas_proc","fisher_gradient","Wald","point_and_ci_converged",2500,8,2492,2492,0,0.9968,11,0,11,0,2481,2441,2,38,0.983877468762596,0.0025285627686676,0.978921485736007,0.988833451789184
"C100R00",100,20,0,0.693147180559945,"sas_proc|fisher_gradient|Wald","sas_proc","fisher_gradient","Wald","point_converged",2500,8,2492,2492,0,0.9968,11,0,11,0,2481,2441,2,38,0.983877468762596,0.0025285627686676,0.978921485736007,0.988833451789184
"C100R00",100,20,0,0.693147180559945,"sas_proc|fisher_parameter|PL","sas_proc","fisher_parameter","PL","available",2500,8,2492,2492,0,0.9968,11,0,0,2492,2492,2421,19,52,0.971508828250401,0.00333276362130756,0.964976611552638,0.978041044948164
"C100R00",100,20,0,0.693147180559945,"sas_proc|fisher_parameter|PL","sas_proc","fisher_parameter","PL","point_and_ci_converged",2500,8,2492,2492,0,0.9968,11,0,0,2492,0,0,0,0,,,,
"C100R00",100,20,0,0.693147180559945,"sas_proc|fisher_parameter|PL","sas_proc","fisher_parameter","PL","point_converged",2500,8,2492,2492,0,0.9968,11,0,0,2492,2481,2411,19,51,0.971785570334542,0.00332435564237118,0.965269833275495,0.97830130739359
"C100R00",100,20,0,0.693147180559945,"sas_proc|fisher_parameter|Wald","sas_proc","fisher_parameter","Wald","available",2500,8,2492,2492,0,0.9968,11,0,11,0,2492,2452,2,38,0.983948635634029,0.00251749242005948,0.979014350490712,0.988882920777346
"C100R00",100,20,0,0.693147180559945,"sas_proc|fisher_parameter|Wald","sas_proc","fisher_parameter","Wald","point_and_ci_converged",2500,8,2492,2492,0,0.9968,11,0,11,0,2481,2441,2,38,0.983877468762596,0.0025285627686676,0.978921485736007,0.988833451789184
"C100R00",100,20,0,0.693147180559945,"sas_proc|fisher_parameter|Wald","sas_proc","fisher_parameter","Wald","point_converged",2500,8,2492,2492,0,0.9968,11,0,11,0,2481,2441,2,38,0.983877468762596,0.0025285627686676,0.978921485736007,0.988833451789184
"C100R00",100,20,0,0.693147180559945,"sas_proc|fisher_pl|PL","sas_proc","fisher_pl","PL","available",2500,8,2492,2492,0,0.9968,11,0,0,2492,2492,2421,19,52,0.971508828250401,0.00333276362130756,0.964976611552638,0.978041044948164
"C100R00",100,20,0,0.693147180559945,"sas_proc|fisher_pl|PL","sas_proc","fisher_pl","PL","point_and_ci_converged",2500,8,2492,2492,0,0.9968,11,0,0,2492,0,0,0,0,,,,
"C100R00",100,20,0,0.693147180559945,"sas_proc|fisher_pl|PL","sas_proc","fisher_pl","PL","point_converged",2500,8,2492,2492,0,0.9968,11,0,0,2492,2481,2411,19,51,0.971785570334542,0.00332435564237118,0.965269833275495,0.97830130739359
"C100R00",100,20,0,0.693147180559945,"sas_proc|fisher_pl|Wald","sas_proc","fisher_pl","Wald","available",2500,8,2492,2492,0,0.9968,11,0,11,0,2492,2452,2,38,0.983948635634029,0.00251749242005948,0.979014350490712,0.988882920777346
"C100R00",100,20,0,0.693147180559945,"sas_proc|fisher_pl|Wald","sas_proc","fisher_pl","Wald","point_and_ci_converged",2500,8,2492,2492,0,0.9968,11,0,11,0,2481,2441,2,38,0.983877468762596,0.0025285627686676,0.978921485736007,0.988833451789184
"C100R00",100,20,0,0.693147180559945,"sas_proc|fisher_pl|Wald","sas_proc","fisher_pl","Wald","point_converged",2500,8,2492,2492,0,0.9968,11,0,11,0,2481,2441,2,38,0.983877468762596,0.0025285627686676,0.978921485736007,0.988833451789184
"C100R00",100,20,0,0.693147180559945,"sas_proc|newton_default|PL","sas_proc","newton_default","PL","available",2500,8,2492,2489,3,0.9956,11,0,0,2489,2489,2419,19,51,0.971876255524307,0.00331382529965852,0.965381157936976,0.978371353111638
"C100R00",100,20,0,0.693147180559945,"sas_proc|newton_default|PL","sas_proc","newton_default","PL","point_and_ci_converged",2500,8,2492,2489,3,0.9956,11,0,0,2489,0,0,0,0,,,,
"C100R00",100,20,0,0.693147180559945,"sas_proc|newton_default|PL","sas_proc","newton_default","PL","point_converged",2500,8,2492,2489,3,0.9956,11,0,0,2489,2478,2408,19,51,0.971751412429379,0.0033283217898209,0.96522790172133,0.978274923137427
"C100R00",100,20,0,0.693147180559945,"sas_proc|newton_default|Wald","sas_proc","newton_default","Wald","available",2500,8,2492,2492,0,0.9968,12,0,12,0,2492,2452,2,38,0.983948635634029,0.00251749242005948,0.979014350490712,0.988882920777346
"C100R00",100,20,0,0.693147180559945,"sas_proc|newton_default|Wald","sas_proc","newton_default","Wald","point_and_ci_converged",2500,8,2492,2492,0,0.9968,12,0,12,0,2480,2440,2,38,0.983870967741935,0.00252957399324302,0.978913002715179,0.988828932768692
"C100R00",100,20,0,0.693147180559945,"sas_proc|newton_default|Wald","sas_proc","newton_default","Wald","point_converged",2500,8,2492,2492,0,0.9968,12,0,12,0,2480,2440,2,38,0.983870967741935,0.00252957399324302,0.978913002715179,0.988828932768692
"C100R00",100,20,0,0.693147180559945,"sas_proc|newton_gradient|PL","sas_proc","newton_gradient","PL","available",2500,8,2492,2492,0,0.9968,11,0,0,2492,2492,2421,19,52,0.971508828250401,0.00333276362130756,0.964976611552638,0.978041044948164
"C100R00",100,20,0,0.693147180559945,"sas_proc|newton_gradient|PL","sas_proc","newton_gradient","PL","point_and_ci_converged",2500,8,2492,2492,0,0.9968,11,0,0,2492,0,0,0,0,,,,
"C100R00",100,20,0,0.693147180559945,"sas_proc|newton_gradient|PL","sas_proc","newton_gradient","PL","point_converged",2500,8,2492,2492,0,0.9968,11,0,0,2492,2481,2411,19,51,0.971785570334542,0.00332435564237118,0.965269833275495,0.97830130739359
"C100R00",100,20,0,0.693147180559945,"sas_proc|newton_gradient|Wald","sas_proc","newton_gradient","Wald","available",2500,8,2492,2492,0,0.9968,11,0,11,0,2492,2452,2,38,0.983948635634029,0.00251749242005948,0.979014350490712,0.988882920777346
"C100R00",100,20,0,0.693147180559945,"sas_proc|newton_gradient|Wald","sas_proc","newton_gradient","Wald","point_and_ci_converged",2500,8,2492,2492,0,0.9968,11,0,11,0,2481,2441,2,38,0.983877468762596,0.0025285627686676,0.978921485736007,0.988833451789184
"C100R00",100,20,0,0.693147180559945,"sas_proc|newton_gradient|Wald","sas_proc","newton_gradient","Wald","point_converged",2500,8,2492,2492,0,0.9968,11,0,11,0,2481,2441,2,38,0.983877468762596,0.0025285627686676,0.978921485736007,0.988833451789184
"C100R50",100,20,0.5,0.693147180559945,"brglm2|bg_asmean_default|Wald","brglm2","bg_asmean_default","Wald","available",2500,10,2490,2490,0,0.996,0,0,0,0,2490,2461,1,28,0.988353413654618,0.0021500857713237,0.984139245542824,0.992567581766413
"C100R50",100,20,0.5,0.693147180559945,"brglm2|bg_asmean_default|Wald","brglm2","bg_asmean_default","Wald","point_and_ci_converged",2500,10,2490,2490,0,0.996,0,0,0,0,2490,2461,1,28,0.988353413654618,0.0021500857713237,0.984139245542824,0.992567581766413
"C100R50",100,20,0.5,0.693147180559945,"brglm2|bg_asmean_default|Wald","brglm2","bg_asmean_default","Wald","point_converged",2500,10,2490,2490,0,0.996,0,0,0,0,2490,2461,1,28,0.988353413654618,0.0021500857713237,0.984139245542824,0.992567581766413
"C100R50",100,20,0.5,0.693147180559945,"brglm2|bg_asmean_epsilon12|Wald","brglm2","bg_asmean_epsilon12","Wald","available",2500,10,2490,2490,0,0.996,0,0,0,0,2490,2461,1,28,0.988353413654618,0.0021500857713237,0.984139245542824,0.992567581766413
"C100R50",100,20,0.5,0.693147180559945,"brglm2|bg_asmean_epsilon12|Wald","brglm2","bg_asmean_epsilon12","Wald","point_and_ci_converged",2500,10,2490,2490,0,0.996,0,0,0,0,2490,2461,1,28,0.988353413654618,0.0021500857713237,0.984139245542824,0.992567581766413
"C100R50",100,20,0.5,0.693147180559945,"brglm2|bg_asmean_epsilon12|Wald","brglm2","bg_asmean_epsilon12","Wald","point_converged",2500,10,2490,2490,0,0.996,0,0,0,0,2490,2461,1,28,0.988353413654618,0.0021500857713237,0.984139245542824,0.992567581766413
"C100R50",100,20,0.5,0.693147180559945,"brglm2|bg_asmean_maxit5000|Wald","brglm2","bg_asmean_maxit5000","Wald","available",2500,10,2490,2490,0,0.996,0,0,0,0,2490,2461,1,28,0.988353413654618,0.0021500857713237,0.984139245542824,0.992567581766413
"C100R50",100,20,0.5,0.693147180559945,"brglm2|bg_asmean_maxit5000|Wald","brglm2","bg_asmean_maxit5000","Wald","point_and_ci_converged",2500,10,2490,2490,0,0.996,0,0,0,0,2490,2461,1,28,0.988353413654618,0.0021500857713237,0.984139245542824,0.992567581766413
"C100R50",100,20,0.5,0.693147180559945,"brglm2|bg_asmean_maxit5000|Wald","brglm2","bg_asmean_maxit5000","Wald","point_converged",2500,10,2490,2490,0,0.996,0,0,0,0,2490,2461,1,28,0.988353413654618,0.0021500857713237,0.984139245542824,0.992567581766413
"C100R50",100,20,0.5,0.693147180559945,"brglm2|bg_mpl_default|Wald","brglm2","bg_mpl_default","Wald","available",2500,10,2490,2490,0,0.996,0,0,0,0,2490,2461,1,28,0.988353413654618,0.0021500857713237,0.984139245542824,0.992567581766413
"C100R50",100,20,0.5,0.693147180559945,"brglm2|bg_mpl_default|Wald","brglm2","bg_mpl_default","Wald","point_and_ci_converged",2500,10,2490,2490,0,0.996,0,0,0,0,2490,2461,1,28,0.988353413654618,0.0021500857713237,0.984139245542824,0.992567581766413
"C100R50",100,20,0.5,0.693147180559945,"brglm2|bg_mpl_default|Wald","brglm2","bg_mpl_default","Wald","point_converged",2500,10,2490,2490,0,0.996,0,0,0,0,2490,2461,1,28,0.988353413654618,0.0021500857713237,0.984139245542824,0.992567581766413
"C100R50",100,20,0.5,0.693147180559945,"brglm2|bg_mpl_epsilon12|Wald","brglm2","bg_mpl_epsilon12","Wald","available",2500,10,2490,2490,0,0.996,0,0,0,0,2490,2461,1,28,0.988353413654618,0.0021500857713237,0.984139245542824,0.992567581766413
"C100R50",100,20,0.5,0.693147180559945,"brglm2|bg_mpl_epsilon12|Wald","brglm2","bg_mpl_epsilon12","Wald","point_and_ci_converged",2500,10,2490,2490,0,0.996,0,0,0,0,2490,2461,1,28,0.988353413654618,0.0021500857713237,0.984139245542824,0.992567581766413
"C100R50",100,20,0.5,0.693147180559945,"brglm2|bg_mpl_epsilon12|Wald","brglm2","bg_mpl_epsilon12","Wald","point_converged",2500,10,2490,2490,0,0.996,0,0,0,0,2490,2461,1,28,0.988353413654618,0.0021500857713237,0.984139245542824,0.992567581766413
"C100R50",100,20,0.5,0.693147180559945,"brglm2|bg_mpl_maxit5000|Wald","brglm2","bg_mpl_maxit5000","Wald","available",2500,10,2490,2490,0,0.996,0,0,0,0,2490,2461,1,28,0.988353413654618,0.0021500857713237,0.984139245542824,0.992567581766413
"C100R50",100,20,0.5,0.693147180559945,"brglm2|bg_mpl_maxit5000|Wald","brglm2","bg_mpl_maxit5000","Wald","point_and_ci_converged",2500,10,2490,2490,0,0.996,0,0,0,0,2490,2461,1,28,0.988353413654618,0.0021500857713237,0.984139245542824,0.992567581766413
"C100R50",100,20,0.5,0.693147180559945,"brglm2|bg_mpl_maxit5000|Wald","brglm2","bg_mpl_maxit5000","Wald","point_converged",2500,10,2490,2490,0,0.996,0,0,0,0,2490,2461,1,28,0.988353413654618,0.0021500857713237,0.984139245542824,0.992567581766413
"C100R50",100,20,0.5,0.693147180559945,"logistf|lf_irls_default|PL","logistf","lf_irls_default","PL","available",2500,10,2490,2490,0,0.996,33,0,33,0,2490,2417,25,48,0.970682730923695,0.00338065408051957,0.964056648925876,0.977308812921513
"C100R50",100,20,0.5,0.693147180559945,"logistf|lf_irls_default|PL","logistf","lf_irls_default","PL","point_and_ci_converged",2500,10,2490,2490,0,0.996,33,0,33,0,2457,2384,25,48,0.97028897028897,0.00342536472421716,0.963575255429505,0.977002685148436
"C100R50",100,20,0.5,0.693147180559945,"logistf|lf_irls_default|PL","logistf","lf_irls_default","PL","point_converged",2500,10,2490,2490,0,0.996,33,0,33,0,2457,2384,25,48,0.97028897028897,0.00342536472421716,0.963575255429505,0.977002685148436
"C100R50",100,20,0.5,0.693147180559945,"logistf|lf_irls_default|Wald","logistf","lf_irls_default","Wald","available",2500,10,2490,2490,0,0.996,33,0,33,0,2490,2442,2,46,0.980722891566265,0.00275546201085055,0.975322186024998,0.986123597107532
"C100R50",100,20,0.5,0.693147180559945,"logistf|lf_irls_default|Wald","logistf","lf_irls_default","Wald","point_and_ci_converged",2500,10,2490,2490,0,0.996,33,0,33,0,2457,2409,2,46,0.98046398046398,0.00279210202730019,0.974991460490472,0.985936500437489
"C100R50",100,20,0.5,0.693147180559945,"logistf|lf_irls_default|Wald","logistf","lf_irls_default","Wald","point_converged",2500,10,2490,2490,0,0.996,33,0,33,0,2457,2409,2,46,0.98046398046398,0.00279210202730019,0.974991460490472,0.985936500437489
"C100R50",100,20,0.5,0.693147180559945,"logistf|lf_irls_fit_pl_tight|PL","logistf","lf_irls_fit_pl_tight","PL","available",2500,10,2490,2490,0,0.996,0,0,3,0,2490,2417,25,48,0.970682730923695,0.00338065408051957,0.964056648925876,0.977308812921513
"C100R50",100,20,0.5,0.693147180559945,"logistf|lf_irls_fit_pl_tight|PL","logistf","lf_irls_fit_pl_tight","PL","point_and_ci_converged",2500,10,2490,2490,0,0.996,0,0,3,0,2487,2414,25,48,0.970647366304785,0.00338467041289522,0.96401341229551,0.977281320314059
"C100R50",100,20,0.5,0.693147180559945,"logistf|lf_irls_fit_pl_tight|PL","logistf","lf_irls_fit_pl_tight","PL","point_converged",2500,10,2490,2490,0,0.996,0,0,3,0,2490,2417,25,48,0.970682730923695,0.00338065408051957,0.964056648925876,0.977308812921513
"C100R50",100,20,0.5,0.693147180559945,"logistf|lf_irls_fit_pl_tight|Wald","logistf","lf_irls_fit_pl_tight","Wald","available",2500,10,2490,2490,0,0.996,0,0,0,0,2490,2442,2,46,0.980722891566265,0.00275546201085055,0.975322186024998,0.986123597107532
"C100R50",100,20,0.5,0.693147180559945,"logistf|lf_irls_fit_pl_tight|Wald","logistf","lf_irls_fit_pl_tight","Wald","point_and_ci_converged",2500,10,2490,2490,0,0.996,0,0,0,0,2490,2442,2,46,0.980722891566265,0.00275546201085055,0.975322186024998,0.986123597107532
"C100R50",100,20,0.5,0.693147180559945,"logistf|lf_irls_fit_pl_tight|Wald","logistf","lf_irls_fit_pl_tight","Wald","point_converged",2500,10,2490,2490,0,0.996,0,0,0,0,2490,2442,2,46,0.980722891566265,0.00275546201085055,0.975322186024998,0.986123597107532
"C100R50",100,20,0.5,0.693147180559945,"logistf|lf_nr_default|PL","logistf","lf_nr_default","PL","available",2500,10,2490,2490,0,0.996,30,0,31,0,2490,2417,25,48,0.970682730923695,0.00338065408051957,0.964056648925876,0.977308812921513
"C100R50",100,20,0.5,0.693147180559945,"logistf|lf_nr_default|PL","logistf","lf_nr_default","PL","point_and_ci_converged",2500,10,2490,2490,0,0.996,30,0,31,0,2459,2386,25,48,0.970313135420903,0.00342262136188148,0.963604797551615,0.977021473290191
"C100R50",100,20,0.5,0.693147180559945,"logistf|lf_nr_default|PL","logistf","lf_nr_default","PL","point_converged",2500,10,2490,2490,0,0.996,30,0,31,0,2460,2387,25,48,0.970325203252033,0.00342125132731998,0.963619550650485,0.97703085585358
"C100R50",100,20,0.5,0.693147180559945,"logistf|lf_nr_default|Wald","logistf","lf_nr_default","Wald","available",2500,10,2490,2490,0,0.996,30,0,30,0,2490,2442,2,46,0.980722891566265,0.00275546201085055,0.975322186024998,0.986123597107532
"C100R50",100,20,0.5,0.693147180559945,"logistf|lf_nr_default|Wald","logistf","lf_nr_default","Wald","point_and_ci_converged",2500,10,2490,2490,0,0.996,30,0,30,0,2460,2412,2,46,0.980487804878049,0.00278873090606693,0.975021892302158,0.98595371745394
"C100R50",100,20,0.5,0.693147180559945,"logistf|lf_nr_default|Wald","logistf","lf_nr_default","Wald","point_converged",2500,10,2490,2490,0,0.996,30,0,30,0,2460,2412,2,46,0.980487804878049,0.00278873090606693,0.975021892302158,0.98595371745394
"C100R50",100,20,0.5,0.693147180559945,"logistf|lf_nr_fit_pl_tight|PL","logistf","lf_nr_fit_pl_tight","PL","available",2500,10,2490,2490,0,0.996,0,0,3,0,2490,2417,25,48,0.970682730923695,0.00338065408051957,0.964056648925876,0.977308812921513
"C100R50",100,20,0.5,0.693147180559945,"logistf|lf_nr_fit_pl_tight|PL","logistf","lf_nr_fit_pl_tight","PL","point_and_ci_converged",2500,10,2490,2490,0,0.996,0,0,3,0,2487,2414,25,48,0.970647366304785,0.00338467041289522,0.96401341229551,0.977281320314059
"C100R50",100,20,0.5,0.693147180559945,"logistf|lf_nr_fit_pl_tight|PL","logistf","lf_nr_fit_pl_tight","PL","point_converged",2500,10,2490,2490,0,0.996,0,0,3,0,2490,2417,25,48,0.970682730923695,0.00338065408051957,0.964056648925876,0.977308812921513
"C100R50",100,20,0.5,0.693147180559945,"logistf|lf_nr_fit_pl_tight|Wald","logistf","lf_nr_fit_pl_tight","Wald","available",2500,10,2490,2490,0,0.996,0,0,0,0,2490,2442,2,46,0.980722891566265,0.00275546201085055,0.975322186024998,0.986123597107532
"C100R50",100,20,0.5,0.693147180559945,"logistf|lf_nr_fit_pl_tight|Wald","logistf","lf_nr_fit_pl_tight","Wald","point_and_ci_converged",2500,10,2490,2490,0,0.996,0,0,0,0,2490,2442,2,46,0.980722891566265,0.00275546201085055,0.975322186024998,0.986123597107532
"C100R50",100,20,0.5,0.693147180559945,"logistf|lf_nr_fit_pl_tight|Wald","logistf","lf_nr_fit_pl_tight","Wald","point_converged",2500,10,2490,2490,0,0.996,0,0,0,0,2490,2442,2,46,0.980722891566265,0.00275546201085055,0.975322186024998,0.986123597107532
"C100R50",100,20,0.5,0.693147180559945,"logistf|lf_nr_fit_tight|PL","logistf","lf_nr_fit_tight","PL","available",2500,10,2490,2490,0,0.996,0,0,2,0,2490,2417,25,48,0.970682730923695,0.00338065408051957,0.964056648925876,0.977308812921513
"C100R50",100,20,0.5,0.693147180559945,"logistf|lf_nr_fit_tight|PL","logistf","lf_nr_fit_tight","PL","point_and_ci_converged",2500,10,2490,2490,0,0.996,0,0,2,0,2488,2415,25,48,0.970659163987138,0.00338333057588862,0.964027836058397,0.97729049191588
"C100R50",100,20,0.5,0.693147180559945,"logistf|lf_nr_fit_tight|PL","logistf","lf_nr_fit_tight","PL","point_converged",2500,10,2490,2490,0,0.996,0,0,2,0,2490,2417,25,48,0.970682730923695,0.00338065408051957,0.964056648925876,0.977308812921513
"C100R50",100,20,0.5,0.693147180559945,"logistf|lf_nr_fit_tight|Wald","logistf","lf_nr_fit_tight","Wald","available",2500,10,2490,2490,0,0.996,0,0,0,0,2490,2442,2,46,0.980722891566265,0.00275546201085055,0.975322186024998,0.986123597107532
"C100R50",100,20,0.5,0.693147180559945,"logistf|lf_nr_fit_tight|Wald","logistf","lf_nr_fit_tight","Wald","point_and_ci_converged",2500,10,2490,2490,0,0.996,0,0,0,0,2490,2442,2,46,0.980722891566265,0.00275546201085055,0.975322186024998,0.986123597107532
"C100R50",100,20,0.5,0.693147180559945,"logistf|lf_nr_fit_tight|Wald","logistf","lf_nr_fit_tight","Wald","point_converged",2500,10,2490,2490,0,0.996,0,0,0,0,2490,2442,2,46,0.980722891566265,0.00275546201085055,0.975322186024998,0.986123597107532
"C100R50",100,20,0.5,0.693147180559945,"logistf|lf_nr_maxit5000|PL","logistf","lf_nr_maxit5000","PL","available",2500,10,2490,2490,0,0.996,0,0,2,0,2490,2417,25,48,0.970682730923695,0.00338065408051957,0.964056648925876,0.977308812921513
"C100R50",100,20,0.5,0.693147180559945,"logistf|lf_nr_maxit5000|PL","logistf","lf_nr_maxit5000","PL","point_and_ci_converged",2500,10,2490,2490,0,0.996,0,0,2,0,2488,2415,25,48,0.970659163987138,0.00338333057588862,0.964027836058397,0.97729049191588
"C100R50",100,20,0.5,0.693147180559945,"logistf|lf_nr_maxit5000|PL","logistf","lf_nr_maxit5000","PL","point_converged",2500,10,2490,2490,0,0.996,0,0,2,0,2490,2417,25,48,0.970682730923695,0.00338065408051957,0.964056648925876,0.977308812921513
"C100R50",100,20,0.5,0.693147180559945,"logistf|lf_nr_maxit5000|Wald","logistf","lf_nr_maxit5000","Wald","available",2500,10,2490,2490,0,0.996,0,0,0,0,2490,2442,2,46,0.980722891566265,0.00275546201085055,0.975322186024998,0.986123597107532
"C100R50",100,20,0.5,0.693147180559945,"logistf|lf_nr_maxit5000|Wald","logistf","lf_nr_maxit5000","Wald","point_and_ci_converged",2500,10,2490,2490,0,0.996,0,0,0,0,2490,2442,2,46,0.980722891566265,0.00275546201085055,0.975322186024998,0.986123597107532
"C100R50",100,20,0.5,0.693147180559945,"logistf|lf_nr_maxit5000|Wald","logistf","lf_nr_maxit5000","Wald","point_converged",2500,10,2490,2490,0,0.996,0,0,0,0,2490,2442,2,46,0.980722891566265,0.00275546201085055,0.975322186024998,0.986123597107532
"C100R50",100,20,0.5,0.693147180559945,"logistf|lf_nr_pl_tight|PL","logistf","lf_nr_pl_tight","PL","available",2500,10,2490,2490,0,0.996,30,0,31,0,2490,2417,25,48,0.970682730923695,0.00338065408051957,0.964056648925876,0.977308812921513
"C100R50",100,20,0.5,0.693147180559945,"logistf|lf_nr_pl_tight|PL","logistf","lf_nr_pl_tight","PL","point_and_ci_converged",2500,10,2490,2490,0,0.996,30,0,31,0,2459,2386,25,48,0.970313135420903,0.00342262136188148,0.963604797551615,0.977021473290191
"C100R50",100,20,0.5,0.693147180559945,"logistf|lf_nr_pl_tight|PL","logistf","lf_nr_pl_tight","PL","point_converged",2500,10,2490,2490,0,0.996,30,0,31,0,2460,2387,25,48,0.970325203252033,0.00342125132731998,0.963619550650485,0.97703085585358
"C100R50",100,20,0.5,0.693147180559945,"logistf|lf_nr_pl_tight|Wald","logistf","lf_nr_pl_tight","Wald","available",2500,10,2490,2490,0,0.996,30,0,30,0,2490,2442,2,46,0.980722891566265,0.00275546201085055,0.975322186024998,0.986123597107532
"C100R50",100,20,0.5,0.693147180559945,"logistf|lf_nr_pl_tight|Wald","logistf","lf_nr_pl_tight","Wald","point_and_ci_converged",2500,10,2490,2490,0,0.996,30,0,30,0,2460,2412,2,46,0.980487804878049,0.00278873090606693,0.975021892302158,0.98595371745394
"C100R50",100,20,0.5,0.693147180559945,"logistf|lf_nr_pl_tight|Wald","logistf","lf_nr_pl_tight","Wald","point_converged",2500,10,2490,2490,0,0.996,30,0,30,0,2460,2412,2,46,0.980487804878049,0.00278873090606693,0.975021892302158,0.98595371745394
"C100R50",100,20,0.5,0.693147180559945,"sas_fl|default|PL","sas_fl","default","PL","available",2500,10,2490,2490,0,0.996,0,2490,0,2490,2490,2417,25,48,0.970682730923695,0.00338065408051957,0.964056648925876,0.977308812921513
"C100R50",100,20,0.5,0.693147180559945,"sas_fl|default|PL","sas_fl","default","PL","point_and_ci_converged",2500,10,2490,2490,0,0.996,0,2490,0,2490,0,0,0,0,,,,
"C100R50",100,20,0.5,0.693147180559945,"sas_fl|default|PL","sas_fl","default","PL","point_converged",2500,10,2490,2490,0,0.996,0,2490,0,2490,0,0,0,0,,,,
"C100R50",100,20,0.5,0.693147180559945,"sas_fl|tight|PL","sas_fl","tight","PL","available",2500,10,2490,2490,0,0.996,0,2490,0,2490,2490,2417,25,48,0.970682730923695,0.00338065408051957,0.964056648925876,0.977308812921513
"C100R50",100,20,0.5,0.693147180559945,"sas_fl|tight|PL","sas_fl","tight","PL","point_and_ci_converged",2500,10,2490,2490,0,0.996,0,2490,0,2490,0,0,0,0,,,,
"C100R50",100,20,0.5,0.693147180559945,"sas_fl|tight|PL","sas_fl","tight","PL","point_converged",2500,10,2490,2490,0,0.996,0,2490,0,2490,0,0,0,0,,,,
"C100R50",100,20,0.5,0.693147180559945,"sas_proc|fisher_cap|PL","sas_proc","fisher_cap","PL","available",2500,10,2490,2490,0,0.996,9,0,0,2490,2490,2417,25,48,0.970682730923695,0.00338065408051957,0.964056648925876,0.977308812921513
"C100R50",100,20,0.5,0.693147180559945,"sas_proc|fisher_cap|PL","sas_proc","fisher_cap","PL","point_and_ci_converged",2500,10,2490,2490,0,0.996,9,0,0,2490,0,0,0,0,,,,
"C100R50",100,20,0.5,0.693147180559945,"sas_proc|fisher_cap|PL","sas_proc","fisher_cap","PL","point_converged",2500,10,2490,2490,0,0.996,9,0,0,2490,2481,2408,25,48,0.970576380491737,0.0033927317648783,0.963926626232576,0.977226134750899
"C100R50",100,20,0.5,0.693147180559945,"sas_proc|fisher_cap|Wald","sas_proc","fisher_cap","Wald","available",2500,10,2490,2490,0,0.996,9,0,9,0,2490,2461,1,28,0.988353413654618,0.0021500857713237,0.984139245542824,0.992567581766413
"C100R50",100,20,0.5,0.693147180559945,"sas_proc|fisher_cap|Wald","sas_proc","fisher_cap","Wald","point_and_ci_converged",2500,10,2490,2490,0,0.996,9,0,9,0,2481,2452,1,28,0.988311164852882,0.00215783923526861,0.984081799951755,0.992540529754008
"C100R50",100,20,0.5,0.693147180559945,"sas_proc|fisher_cap|Wald","sas_proc","fisher_cap","Wald","point_converged",2500,10,2490,2490,0,0.996,9,0,9,0,2481,2452,1,28,0.988311164852882,0.00215783923526861,0.984081799951755,0.992540529754008
"C100R50",100,20,0.5,0.693147180559945,"sas_proc|fisher_default|PL","sas_proc","fisher_default","PL","available",2500,10,2490,2489,1,0.9956,9,0,0,2489,2489,2416,25,48,0.970670952189634,0.00338199179884903,0.96404224826389,0.977299656115379
"C100R50",100,20,0.5,0.693147180559945,"sas_proc|fisher_default|PL","sas_proc","fisher_default","PL","point_and_ci_converged",2500,10,2490,2489,1,0.9956,9,0,0,2489,0,0,0,0,,,,
"C100R50",100,20,0.5,0.693147180559945,"sas_proc|fisher_default|PL","sas_proc","fisher_default","PL","point_converged",2500,10,2490,2489,1,0.9956,9,0,0,2489,2480,2407,25,48,0.970564516129032,0.00339407905701414,0.963912121177285,0.97721691108078
"C100R50",100,20,0.5,0.693147180559945,"sas_proc|fisher_default|Wald","sas_proc","fisher_default","Wald","available",2500,10,2490,2490,0,0.996,9,0,9,0,2490,2461,1,28,0.988353413654618,0.0021500857713237,0.984139245542824,0.992567581766413
"C100R50",100,20,0.5,0.693147180559945,"sas_proc|fisher_default|Wald","sas_proc","fisher_default","Wald","point_and_ci_converged",2500,10,2490,2490,0,0.996,9,0,9,0,2481,2452,1,28,0.988311164852882,0.00215783923526861,0.984081799951755,0.992540529754008
"C100R50",100,20,0.5,0.693147180559945,"sas_proc|fisher_default|Wald","sas_proc","fisher_default","Wald","point_converged",2500,10,2490,2490,0,0.996,9,0,9,0,2481,2452,1,28,0.988311164852882,0.00215783923526861,0.984081799951755,0.992540529754008
"C100R50",100,20,0.5,0.693147180559945,"sas_proc|fisher_gradient|PL","sas_proc","fisher_gradient","PL","available",2500,10,2490,2490,0,0.996,9,0,0,2490,2490,2417,25,48,0.970682730923695,0.00338065408051957,0.964056648925876,0.977308812921513
"C100R50",100,20,0.5,0.693147180559945,"sas_proc|fisher_gradient|PL","sas_proc","fisher_gradient","PL","point_and_ci_converged",2500,10,2490,2490,0,0.996,9,0,0,2490,0,0,0,0,,,,
"C100R50",100,20,0.5,0.693147180559945,"sas_proc|fisher_gradient|PL","sas_proc","fisher_gradient","PL","point_converged",2500,10,2490,2490,0,0.996,9,0,0,2490,2481,2408,25,48,0.970576380491737,0.0033927317648783,0.963926626232576,0.977226134750899
"C100R50",100,20,0.5,0.693147180559945,"sas_proc|fisher_gradient|Wald","sas_proc","fisher_gradient","Wald","available",2500,10,2490,2490,0,0.996,9,0,9,0,2490,2461,1,28,0.988353413654618,0.0021500857713237,0.984139245542824,0.992567581766413
"C100R50",100,20,0.5,0.693147180559945,"sas_proc|fisher_gradient|Wald","sas_proc","fisher_gradient","Wald","point_and_ci_converged",2500,10,2490,2490,0,0.996,9,0,9,0,2481,2452,1,28,0.988311164852882,0.00215783923526861,0.984081799951755,0.992540529754008
"C100R50",100,20,0.5,0.693147180559945,"sas_proc|fisher_gradient|Wald","sas_proc","fisher_gradient","Wald","point_converged",2500,10,2490,2490,0,0.996,9,0,9,0,2481,2452,1,28,0.988311164852882,0.00215783923526861,0.984081799951755,0.992540529754008
"C100R50",100,20,0.5,0.693147180559945,"sas_proc|fisher_parameter|PL","sas_proc","fisher_parameter","PL","available",2500,10,2490,2490,0,0.996,9,0,0,2490,2490,2417,25,48,0.970682730923695,0.00338065408051957,0.964056648925876,0.977308812921513
"C100R50",100,20,0.5,0.693147180559945,"sas_proc|fisher_parameter|PL","sas_proc","fisher_parameter","PL","point_and_ci_converged",2500,10,2490,2490,0,0.996,9,0,0,2490,0,0,0,0,,,,
"C100R50",100,20,0.5,0.693147180559945,"sas_proc|fisher_parameter|PL","sas_proc","fisher_parameter","PL","point_converged",2500,10,2490,2490,0,0.996,9,0,0,2490,2481,2408,25,48,0.970576380491737,0.0033927317648783,0.963926626232576,0.977226134750899
"C100R50",100,20,0.5,0.693147180559945,"sas_proc|fisher_parameter|Wald","sas_proc","fisher_parameter","Wald","available",2500,10,2490,2490,0,0.996,9,0,9,0,2490,2461,1,28,0.988353413654618,0.0021500857713237,0.984139245542824,0.992567581766413
"C100R50",100,20,0.5,0.693147180559945,"sas_proc|fisher_parameter|Wald","sas_proc","fisher_parameter","Wald","point_and_ci_converged",2500,10,2490,2490,0,0.996,9,0,9,0,2481,2452,1,28,0.988311164852882,0.00215783923526861,0.984081799951755,0.992540529754008
"C100R50",100,20,0.5,0.693147180559945,"sas_proc|fisher_parameter|Wald","sas_proc","fisher_parameter","Wald","point_converged",2500,10,2490,2490,0,0.996,9,0,9,0,2481,2452,1,28,0.988311164852882,0.00215783923526861,0.984081799951755,0.992540529754008
"C100R50",100,20,0.5,0.693147180559945,"sas_proc|fisher_pl|PL","sas_proc","fisher_pl","PL","available",2500,10,2490,2490,0,0.996,9,0,0,2490,2490,2417,25,48,0.970682730923695,0.00338065408051957,0.964056648925876,0.977308812921513
"C100R50",100,20,0.5,0.693147180559945,"sas_proc|fisher_pl|PL","sas_proc","fisher_pl","PL","point_and_ci_converged",2500,10,2490,2490,0,0.996,9,0,0,2490,0,0,0,0,,,,
"C100R50",100,20,0.5,0.693147180559945,"sas_proc|fisher_pl|PL","sas_proc","fisher_pl","PL","point_converged",2500,10,2490,2490,0,0.996,9,0,0,2490,2481,2408,25,48,0.970576380491737,0.0033927317648783,0.963926626232576,0.977226134750899
"C100R50",100,20,0.5,0.693147180559945,"sas_proc|fisher_pl|Wald","sas_proc","fisher_pl","Wald","available",2500,10,2490,2490,0,0.996,9,0,9,0,2490,2461,1,28,0.988353413654618,0.0021500857713237,0.984139245542824,0.992567581766413
"C100R50",100,20,0.5,0.693147180559945,"sas_proc|fisher_pl|Wald","sas_proc","fisher_pl","Wald","point_and_ci_converged",2500,10,2490,2490,0,0.996,9,0,9,0,2481,2452,1,28,0.988311164852882,0.00215783923526861,0.984081799951755,0.992540529754008
"C100R50",100,20,0.5,0.693147180559945,"sas_proc|fisher_pl|Wald","sas_proc","fisher_pl","Wald","point_converged",2500,10,2490,2490,0,0.996,9,0,9,0,2481,2452,1,28,0.988311164852882,0.00215783923526861,0.984081799951755,0.992540529754008
"C100R50",100,20,0.5,0.693147180559945,"sas_proc|newton_default|PL","sas_proc","newton_default","PL","available",2500,10,2490,2489,1,0.9956,9,0,0,2489,2489,2416,25,48,0.970670952189634,0.00338199179884903,0.96404224826389,0.977299656115379
"C100R50",100,20,0.5,0.693147180559945,"sas_proc|newton_default|PL","sas_proc","newton_default","PL","point_and_ci_converged",2500,10,2490,2489,1,0.9956,9,0,0,2489,0,0,0,0,,,,
"C100R50",100,20,0.5,0.693147180559945,"sas_proc|newton_default|PL","sas_proc","newton_default","PL","point_converged",2500,10,2490,2489,1,0.9956,9,0,0,2489,2480,2407,25,48,0.970564516129032,0.00339407905701414,0.963912121177285,0.97721691108078
"C100R50",100,20,0.5,0.693147180559945,"sas_proc|newton_default|Wald","sas_proc","newton_default","Wald","available",2500,10,2490,2490,0,0.996,9,0,9,0,2490,2461,1,28,0.988353413654618,0.0021500857713237,0.984139245542824,0.992567581766413
"C100R50",100,20,0.5,0.693147180559945,"sas_proc|newton_default|Wald","sas_proc","newton_default","Wald","point_and_ci_converged",2500,10,2490,2490,0,0.996,9,0,9,0,2481,2452,1,28,0.988311164852882,0.00215783923526861,0.984081799951755,0.992540529754008
"C100R50",100,20,0.5,0.693147180559945,"sas_proc|newton_default|Wald","sas_proc","newton_default","Wald","point_converged",2500,10,2490,2490,0,0.996,9,0,9,0,2481,2452,1,28,0.988311164852882,0.00215783923526861,0.984081799951755,0.992540529754008
"C100R50",100,20,0.5,0.693147180559945,"sas_proc|newton_gradient|PL","sas_proc","newton_gradient","PL","available",2500,10,2490,2490,0,0.996,9,0,0,2490,2490,2417,25,48,0.970682730923695,0.00338065408051957,0.964056648925876,0.977308812921513
"C100R50",100,20,0.5,0.693147180559945,"sas_proc|newton_gradient|PL","sas_proc","newton_gradient","PL","point_and_ci_converged",2500,10,2490,2490,0,0.996,9,0,0,2490,0,0,0,0,,,,
"C100R50",100,20,0.5,0.693147180559945,"sas_proc|newton_gradient|PL","sas_proc","newton_gradient","PL","point_converged",2500,10,2490,2490,0,0.996,9,0,0,2490,2481,2408,25,48,0.970576380491737,0.0033927317648783,0.963926626232576,0.977226134750899
"C100R50",100,20,0.5,0.693147180559945,"sas_proc|newton_gradient|Wald","sas_proc","newton_gradient","Wald","available",2500,10,2490,2490,0,0.996,9,0,9,0,2490,2461,1,28,0.988353413654618,0.0021500857713237,0.984139245542824,0.992567581766413
"C100R50",100,20,0.5,0.693147180559945,"sas_proc|newton_gradient|Wald","sas_proc","newton_gradient","Wald","point_and_ci_converged",2500,10,2490,2490,0,0.996,9,0,9,0,2481,2452,1,28,0.988311164852882,0.00215783923526861,0.984081799951755,0.992540529754008
"C100R50",100,20,0.5,0.693147180559945,"sas_proc|newton_gradient|Wald","sas_proc","newton_gradient","Wald","point_converged",2500,10,2490,2490,0,0.996,9,0,9,0,2481,2452,1,28,0.988311164852882,0.00215783923526861,0.984081799951755,0.992540529754008
"C100R90",100,20,0.9,0.693147180559945,"brglm2|bg_asmean_default|Wald","brglm2","bg_asmean_default","Wald","available",2500,11,2489,2489,0,0.9956,1,0,1,0,2489,2456,1,32,0.986741663318602,0.00229262913018703,0.982248110223435,0.991235216413768
"C100R90",100,20,0.9,0.693147180559945,"brglm2|bg_asmean_default|Wald","brglm2","bg_asmean_default","Wald","point_and_ci_converged",2500,11,2489,2489,0,0.9956,1,0,1,0,2488,2455,1,32,0.986736334405145,0.00229354441173186,0.98224098735815,0.991231681452139
"C100R90",100,20,0.9,0.693147180559945,"brglm2|bg_asmean_default|Wald","brglm2","bg_asmean_default","Wald","point_converged",2500,11,2489,2489,0,0.9956,1,0,1,0,2488,2455,1,32,0.986736334405145,0.00229354441173186,0.98224098735815,0.991231681452139
"C100R90",100,20,0.9,0.693147180559945,"brglm2|bg_asmean_epsilon12|Wald","brglm2","bg_asmean_epsilon12","Wald","available",2500,11,2489,2489,0,0.9956,0,0,0,0,2489,2456,1,32,0.986741663318602,0.00229262913018703,0.982248110223435,0.991235216413768
"C100R90",100,20,0.9,0.693147180559945,"brglm2|bg_asmean_epsilon12|Wald","brglm2","bg_asmean_epsilon12","Wald","point_and_ci_converged",2500,11,2489,2489,0,0.9956,0,0,0,0,2489,2456,1,32,0.986741663318602,0.00229262913018703,0.982248110223435,0.991235216413768
"C100R90",100,20,0.9,0.693147180559945,"brglm2|bg_asmean_epsilon12|Wald","brglm2","bg_asmean_epsilon12","Wald","point_converged",2500,11,2489,2489,0,0.9956,0,0,0,0,2489,2456,1,32,0.986741663318602,0.00229262913018703,0.982248110223435,0.991235216413768
"C100R90",100,20,0.9,0.693147180559945,"brglm2|bg_asmean_maxit5000|Wald","brglm2","bg_asmean_maxit5000","Wald","available",2500,11,2489,2489,0,0.9956,0,0,0,0,2489,2456,1,32,0.986741663318602,0.00229262913018703,0.982248110223435,0.991235216413768
"C100R90",100,20,0.9,0.693147180559945,"brglm2|bg_asmean_maxit5000|Wald","brglm2","bg_asmean_maxit5000","Wald","point_and_ci_converged",2500,11,2489,2489,0,0.9956,0,0,0,0,2489,2456,1,32,0.986741663318602,0.00229262913018703,0.982248110223435,0.991235216413768
"C100R90",100,20,0.9,0.693147180559945,"brglm2|bg_asmean_maxit5000|Wald","brglm2","bg_asmean_maxit5000","Wald","point_converged",2500,11,2489,2489,0,0.9956,0,0,0,0,2489,2456,1,32,0.986741663318602,0.00229262913018703,0.982248110223435,0.991235216413768
"C100R90",100,20,0.9,0.693147180559945,"brglm2|bg_mpl_default|Wald","brglm2","bg_mpl_default","Wald","available",2500,11,2489,2489,0,0.9956,1,0,1,0,2489,2456,1,32,0.986741663318602,0.00229262913018703,0.982248110223435,0.991235216413768
"C100R90",100,20,0.9,0.693147180559945,"brglm2|bg_mpl_default|Wald","brglm2","bg_mpl_default","Wald","point_and_ci_converged",2500,11,2489,2489,0,0.9956,1,0,1,0,2488,2455,1,32,0.986736334405145,0.00229354441173186,0.98224098735815,0.991231681452139
"C100R90",100,20,0.9,0.693147180559945,"brglm2|bg_mpl_default|Wald","brglm2","bg_mpl_default","Wald","point_converged",2500,11,2489,2489,0,0.9956,1,0,1,0,2488,2455,1,32,0.986736334405145,0.00229354441173186,0.98224098735815,0.991231681452139
"C100R90",100,20,0.9,0.693147180559945,"brglm2|bg_mpl_epsilon12|Wald","brglm2","bg_mpl_epsilon12","Wald","available",2500,11,2489,2489,0,0.9956,0,0,0,0,2489,2456,1,32,0.986741663318602,0.00229262913018703,0.982248110223435,0.991235216413768
"C100R90",100,20,0.9,0.693147180559945,"brglm2|bg_mpl_epsilon12|Wald","brglm2","bg_mpl_epsilon12","Wald","point_and_ci_converged",2500,11,2489,2489,0,0.9956,0,0,0,0,2489,2456,1,32,0.986741663318602,0.00229262913018703,0.982248110223435,0.991235216413768
"C100R90",100,20,0.9,0.693147180559945,"brglm2|bg_mpl_epsilon12|Wald","brglm2","bg_mpl_epsilon12","Wald","point_converged",2500,11,2489,2489,0,0.9956,0,0,0,0,2489,2456,1,32,0.986741663318602,0.00229262913018703,0.982248110223435,0.991235216413768
"C100R90",100,20,0.9,0.693147180559945,"brglm2|bg_mpl_maxit5000|Wald","brglm2","bg_mpl_maxit5000","Wald","available",2500,11,2489,2489,0,0.9956,0,0,0,0,2489,2456,1,32,0.986741663318602,0.00229262913018703,0.982248110223435,0.991235216413768
"C100R90",100,20,0.9,0.693147180559945,"brglm2|bg_mpl_maxit5000|Wald","brglm2","bg_mpl_maxit5000","Wald","point_and_ci_converged",2500,11,2489,2489,0,0.9956,0,0,0,0,2489,2456,1,32,0.986741663318602,0.00229262913018703,0.982248110223435,0.991235216413768
"C100R90",100,20,0.9,0.693147180559945,"brglm2|bg_mpl_maxit5000|Wald","brglm2","bg_mpl_maxit5000","Wald","point_converged",2500,11,2489,2489,0,0.9956,0,0,0,0,2489,2456,1,32,0.986741663318602,0.00229262913018703,0.982248110223435,0.991235216413768
"C100R90",100,20,0.9,0.693147180559945,"logistf|lf_irls_default|PL","logistf","lf_irls_default","PL","available",2500,11,2489,2489,0,0.9956,39,0,39,0,2489,2417,21,51,0.971072719967859,0.00335944262665479,0.964488212419615,0.977657227516102
"C100R90",100,20,0.9,0.693147180559945,"logistf|lf_irls_default|PL","logistf","lf_irls_default","PL","point_and_ci_converged",2500,11,2489,2489,0,0.9956,39,0,39,0,2450,2378,21,51,0.970612244897959,0.00341211018269013,0.963924508939886,0.977299980856032
"C100R90",100,20,0.9,0.693147180559945,"logistf|lf_irls_default|PL","logistf","lf_irls_default","PL","point_converged",2500,11,2489,2489,0,0.9956,39,0,39,0,2450,2378,21,51,0.970612244897959,0.00341211018269013,0.963924508939886,0.977299980856032
"C100R90",100,20,0.9,0.693147180559945,"logistf|lf_irls_default|Wald","logistf","lf_irls_default","Wald","available",2500,11,2489,2489,0,0.9956,39,0,39,0,2489,2439,4,46,0.979911611088791,0.00281224761679345,0.974399605759875,0.985423616417706
"C100R90",100,20,0.9,0.693147180559945,"logistf|lf_irls_default|Wald","logistf","lf_irls_default","Wald","point_and_ci_converged",2500,11,2489,2489,0,0.9956,39,0,39,0,2450,2400,4,46,0.979591836734694,0.00285654780499496,0.973993003036904,0.985190670432484
"C100R90",100,20,0.9,0.693147180559945,"logistf|lf_irls_default|Wald","logistf","lf_irls_default","Wald","point_converged",2500,11,2489,2489,0,0.9956,39,0,39,0,2450,2400,4,46,0.979591836734694,0.00285654780499496,0.973993003036904,0.985190670432484
"C100R90",100,20,0.9,0.693147180559945,"logistf|lf_irls_fit_pl_tight|PL","logistf","lf_irls_fit_pl_tight","PL","available",2500,11,2489,2489,0,0.9956,0,0,2,0,2489,2417,21,51,0.971072719967859,0.00335944262665479,0.964488212419615,0.977657227516102
"C100R90",100,20,0.9,0.693147180559945,"logistf|lf_irls_fit_pl_tight|PL","logistf","lf_irls_fit_pl_tight","PL","point_and_ci_converged",2500,11,2489,2489,0,0.9956,0,0,2,0,2487,2415,21,51,0.971049457177322,0.00336210395747792,0.964459733420665,0.977639180933979
"C100R90",100,20,0.9,0.693147180559945,"logistf|lf_irls_fit_pl_tight|PL","logistf","lf_irls_fit_pl_tight","PL","point_converged",2500,11,2489,2489,0,0.9956,0,0,2,0,2489,2417,21,51,0.971072719967859,0.00335944262665479,0.964488212419615,0.977657227516102
"C100R90",100,20,0.9,0.693147180559945,"logistf|lf_irls_fit_pl_tight|Wald","logistf","lf_irls_fit_pl_tight","Wald","available",2500,11,2489,2489,0,0.9956,0,0,0,0,2489,2439,4,46,0.979911611088791,0.00281224761679345,0.974399605759875,0.985423616417706
"C100R90",100,20,0.9,0.693147180559945,"logistf|lf_irls_fit_pl_tight|Wald","logistf","lf_irls_fit_pl_tight","Wald","point_and_ci_converged",2500,11,2489,2489,0,0.9956,0,0,0,0,2489,2439,4,46,0.979911611088791,0.00281224761679345,0.974399605759875,0.985423616417706
"C100R90",100,20,0.9,0.693147180559945,"logistf|lf_irls_fit_pl_tight|Wald","logistf","lf_irls_fit_pl_tight","Wald","point_converged",2500,11,2489,2489,0,0.9956,0,0,0,0,2489,2439,4,46,0.979911611088791,0.00281224761679345,0.974399605759875,0.985423616417706
"C100R90",100,20,0.9,0.693147180559945,"logistf|lf_nr_default|PL","logistf","lf_nr_default","PL","available",2500,11,2489,2489,0,0.9956,34,0,34,0,2489,2417,21,51,0.971072719967859,0.00335944262665479,0.964488212419615,0.977657227516102
"C100R90",100,20,0.9,0.693147180559945,"logistf|lf_nr_default|PL","logistf","lf_nr_default","PL","point_and_ci_converged",2500,11,2489,2489,0,0.9956,34,0,34,0,2455,2383,21,51,0.970672097759674,0.00340526586288768,0.963997776668414,0.977346418850934
"C100R90",100,20,0.9,0.693147180559945,"logistf|lf_nr_default|PL","logistf","lf_nr_default","PL","point_converged",2500,11,2489,2489,0,0.9956,34,0,34,0,2455,2383,21,51,0.970672097759674,0.00340526586288768,0.963997776668414,0.977346418850934
"C100R90",100,20,0.9,0.693147180559945,"logistf|lf_nr_default|Wald","logistf","lf_nr_default","Wald","available",2500,11,2489,2489,0,0.9956,34,0,34,0,2489,2439,4,46,0.979911611088791,0.00281224761679345,0.974399605759875,0.985423616417706
"C100R90",100,20,0.9,0.693147180559945,"logistf|lf_nr_default|Wald","logistf","lf_nr_default","Wald","point_and_ci_converged",2500,11,2489,2489,0,0.9956,34,0,34,0,2455,2405,4,46,0.979633401221996,0.00285079046687697,0.974045851906917,0.985220950537075
"C100R90",100,20,0.9,0.693147180559945,"logistf|lf_nr_default|Wald","logistf","lf_nr_default","Wald","point_converged",2500,11,2489,2489,0,0.9956,34,0,34,0,2455,2405,4,46,0.979633401221996,0.00285079046687697,0.974045851906917,0.985220950537075
"C100R90",100,20,0.9,0.693147180559945,"logistf|lf_nr_fit_pl_tight|PL","logistf","lf_nr_fit_pl_tight","PL","available",2500,11,2489,2489,0,0.9956,0,0,2,0,2489,2417,21,51,0.971072719967859,0.00335944262665479,0.964488212419615,0.977657227516102
"C100R90",100,20,0.9,0.693147180559945,"logistf|lf_nr_fit_pl_tight|PL","logistf","lf_nr_fit_pl_tight","PL","point_and_ci_converged",2500,11,2489,2489,0,0.9956,0,0,2,0,2487,2415,21,51,0.971049457177322,0.00336210395747792,0.964459733420665,0.977639180933979
"C100R90",100,20,0.9,0.693147180559945,"logistf|lf_nr_fit_pl_tight|PL","logistf","lf_nr_fit_pl_tight","PL","point_converged",2500,11,2489,2489,0,0.9956,0,0,2,0,2489,2417,21,51,0.971072719967859,0.00335944262665479,0.964488212419615,0.977657227516102
"C100R90",100,20,0.9,0.693147180559945,"logistf|lf_nr_fit_pl_tight|Wald","logistf","lf_nr_fit_pl_tight","Wald","available",2500,11,2489,2489,0,0.9956,0,0,0,0,2489,2439,4,46,0.979911611088791,0.00281224761679345,0.974399605759875,0.985423616417706
"C100R90",100,20,0.9,0.693147180559945,"logistf|lf_nr_fit_pl_tight|Wald","logistf","lf_nr_fit_pl_tight","Wald","point_and_ci_converged",2500,11,2489,2489,0,0.9956,0,0,0,0,2489,2439,4,46,0.979911611088791,0.00281224761679345,0.974399605759875,0.985423616417706
"C100R90",100,20,0.9,0.693147180559945,"logistf|lf_nr_fit_pl_tight|Wald","logistf","lf_nr_fit_pl_tight","Wald","point_converged",2500,11,2489,2489,0,0.9956,0,0,0,0,2489,2439,4,46,0.979911611088791,0.00281224761679345,0.974399605759875,0.985423616417706
"C100R90",100,20,0.9,0.693147180559945,"logistf|lf_nr_fit_tight|PL","logistf","lf_nr_fit_tight","PL","available",2500,11,2489,2489,0,0.9956,0,0,1,0,2489,2417,21,51,0.971072719967859,0.00335944262665479,0.964488212419615,0.977657227516102
"C100R90",100,20,0.9,0.693147180559945,"logistf|lf_nr_fit_tight|PL","logistf","lf_nr_fit_tight","PL","point_and_ci_converged",2500,11,2489,2489,0,0.9956,0,0,1,0,2488,2416,21,51,0.971061093247588,0.00336077276538318,0.964473978627437,0.977648207867739
"C100R90",100,20,0.9,0.693147180559945,"logistf|lf_nr_fit_tight|PL","logistf","lf_nr_fit_tight","PL","point_converged",2500,11,2489,2489,0,0.9956,0,0,1,0,2489,2417,21,51,0.971072719967859,0.00335944262665479,0.964488212419615,0.977657227516102
"C100R90",100,20,0.9,0.693147180559945,"logistf|lf_nr_fit_tight|Wald","logistf","lf_nr_fit_tight","Wald","available",2500,11,2489,2489,0,0.9956,0,0,0,0,2489,2439,4,46,0.979911611088791,0.00281224761679345,0.974399605759875,0.985423616417706
"C100R90",100,20,0.9,0.693147180559945,"logistf|lf_nr_fit_tight|Wald","logistf","lf_nr_fit_tight","Wald","point_and_ci_converged",2500,11,2489,2489,0,0.9956,0,0,0,0,2489,2439,4,46,0.979911611088791,0.00281224761679345,0.974399605759875,0.985423616417706
"C100R90",100,20,0.9,0.693147180559945,"logistf|lf_nr_fit_tight|Wald","logistf","lf_nr_fit_tight","Wald","point_converged",2500,11,2489,2489,0,0.9956,0,0,0,0,2489,2439,4,46,0.979911611088791,0.00281224761679345,0.974399605759875,0.985423616417706
"C100R90",100,20,0.9,0.693147180559945,"logistf|lf_nr_maxit5000|PL","logistf","lf_nr_maxit5000","PL","available",2500,11,2489,2489,0,0.9956,0,0,1,0,2489,2417,21,51,0.971072719967859,0.00335944262665479,0.964488212419615,0.977657227516102
"C100R90",100,20,0.9,0.693147180559945,"logistf|lf_nr_maxit5000|PL","logistf","lf_nr_maxit5000","PL","point_and_ci_converged",2500,11,2489,2489,0,0.9956,0,0,1,0,2488,2416,21,51,0.971061093247588,0.00336077276538318,0.964473978627437,0.977648207867739
"C100R90",100,20,0.9,0.693147180559945,"logistf|lf_nr_maxit5000|PL","logistf","lf_nr_maxit5000","PL","point_converged",2500,11,2489,2489,0,0.9956,0,0,1,0,2489,2417,21,51,0.971072719967859,0.00335944262665479,0.964488212419615,0.977657227516102
"C100R90",100,20,0.9,0.693147180559945,"logistf|lf_nr_maxit5000|Wald","logistf","lf_nr_maxit5000","Wald","available",2500,11,2489,2489,0,0.9956,0,0,0,0,2489,2439,4,46,0.979911611088791,0.00281224761679345,0.974399605759875,0.985423616417706
"C100R90",100,20,0.9,0.693147180559945,"logistf|lf_nr_maxit5000|Wald","logistf","lf_nr_maxit5000","Wald","point_and_ci_converged",2500,11,2489,2489,0,0.9956,0,0,0,0,2489,2439,4,46,0.979911611088791,0.00281224761679345,0.974399605759875,0.985423616417706
"C100R90",100,20,0.9,0.693147180559945,"logistf|lf_nr_maxit5000|Wald","logistf","lf_nr_maxit5000","Wald","point_converged",2500,11,2489,2489,0,0.9956,0,0,0,0,2489,2439,4,46,0.979911611088791,0.00281224761679345,0.974399605759875,0.985423616417706
"C100R90",100,20,0.9,0.693147180559945,"logistf|lf_nr_pl_tight|PL","logistf","lf_nr_pl_tight","PL","available",2500,11,2489,2489,0,0.9956,34,0,35,0,2489,2417,21,51,0.971072719967859,0.00335944262665479,0.964488212419615,0.977657227516102
"C100R90",100,20,0.9,0.693147180559945,"logistf|lf_nr_pl_tight|PL","logistf","lf_nr_pl_tight","PL","point_and_ci_converged",2500,11,2489,2489,0,0.9956,34,0,35,0,2454,2382,21,51,0.970660146699266,0.00340663253010971,0.963983146940251,0.977337146458282
"C100R90",100,20,0.9,0.693147180559945,"logistf|lf_nr_pl_tight|PL","logistf","lf_nr_pl_tight","PL","point_converged",2500,11,2489,2489,0,0.9956,34,0,35,0,2455,2383,21,51,0.970672097759674,0.00340526586288768,0.963997776668414,0.977346418850934
"C100R90",100,20,0.9,0.693147180559945,"logistf|lf_nr_pl_tight|Wald","logistf","lf_nr_pl_tight","Wald","available",2500,11,2489,2489,0,0.9956,34,0,34,0,2489,2439,4,46,0.979911611088791,0.00281224761679345,0.974399605759875,0.985423616417706
"C100R90",100,20,0.9,0.693147180559945,"logistf|lf_nr_pl_tight|Wald","logistf","lf_nr_pl_tight","Wald","point_and_ci_converged",2500,11,2489,2489,0,0.9956,34,0,34,0,2455,2405,4,46,0.979633401221996,0.00285079046687697,0.974045851906917,0.985220950537075
"C100R90",100,20,0.9,0.693147180559945,"logistf|lf_nr_pl_tight|Wald","logistf","lf_nr_pl_tight","Wald","point_converged",2500,11,2489,2489,0,0.9956,34,0,34,0,2455,2405,4,46,0.979633401221996,0.00285079046687697,0.974045851906917,0.985220950537075
"C100R90",100,20,0.9,0.693147180559945,"sas_fl|default|PL","sas_fl","default","PL","available",2500,11,2489,2489,0,0.9956,0,2489,0,2489,2489,2417,21,51,0.971072719967859,0.00335944262665479,0.964488212419615,0.977657227516102
"C100R90",100,20,0.9,0.693147180559945,"sas_fl|default|PL","sas_fl","default","PL","point_and_ci_converged",2500,11,2489,2489,0,0.9956,0,2489,0,2489,0,0,0,0,,,,
"C100R90",100,20,0.9,0.693147180559945,"sas_fl|default|PL","sas_fl","default","PL","point_converged",2500,11,2489,2489,0,0.9956,0,2489,0,2489,0,0,0,0,,,,
"C100R90",100,20,0.9,0.693147180559945,"sas_fl|tight|PL","sas_fl","tight","PL","available",2500,11,2489,2489,0,0.9956,0,2489,0,2489,2489,2417,21,51,0.971072719967859,0.00335944262665479,0.964488212419615,0.977657227516102
"C100R90",100,20,0.9,0.693147180559945,"sas_fl|tight|PL","sas_fl","tight","PL","point_and_ci_converged",2500,11,2489,2489,0,0.9956,0,2489,0,2489,0,0,0,0,,,,
"C100R90",100,20,0.9,0.693147180559945,"sas_fl|tight|PL","sas_fl","tight","PL","point_converged",2500,11,2489,2489,0,0.9956,0,2489,0,2489,0,0,0,0,,,,
"C100R90",100,20,0.9,0.693147180559945,"sas_proc|fisher_cap|PL","sas_proc","fisher_cap","PL","available",2500,11,2489,2489,0,0.9956,13,0,0,2489,2489,2417,21,51,0.971072719967859,0.00335944262665479,0.964488212419615,0.977657227516102
"C100R90",100,20,0.9,0.693147180559945,"sas_proc|fisher_cap|PL","sas_proc","fisher_cap","PL","point_and_ci_converged",2500,11,2489,2489,0,0.9956,13,0,0,2489,0,0,0,0,,,,
"C100R90",100,20,0.9,0.693147180559945,"sas_proc|fisher_cap|PL","sas_proc","fisher_cap","PL","point_converged",2500,11,2489,2489,0,0.9956,13,0,0,2489,2476,2405,21,50,0.971324717285945,0.00335398220595354,0.964750912162276,0.977898522409614
"C100R90",100,20,0.9,0.693147180559945,"sas_proc|fisher_cap|Wald","sas_proc","fisher_cap","Wald","available",2500,11,2489,2489,0,0.9956,13,0,13,0,2489,2456,1,32,0.986741663318602,0.00229262913018703,0.982248110223435,0.991235216413768
"C100R90",100,20,0.9,0.693147180559945,"sas_proc|fisher_cap|Wald","sas_proc","fisher_cap","Wald","point_and_ci_converged",2500,11,2489,2489,0,0.9956,13,0,13,0,2476,2443,1,32,0.986672051696284,0.00230458506402738,0.982155064970791,0.991189038421778
"C100R90",100,20,0.9,0.693147180559945,"sas_proc|fisher_cap|Wald","sas_proc","fisher_cap","Wald","point_converged",2500,11,2489,2489,0,0.9956,13,0,13,0,2476,2443,1,32,0.986672051696284,0.00230458506402738,0.982155064970791,0.991189038421778
"C100R90",100,20,0.9,0.693147180559945,"sas_proc|fisher_default|PL","sas_proc","fisher_default","PL","available",2500,11,2489,2485,4,0.994,12,0,0,2485,2485,2413,21,51,0.97102615694165,0.00336476950677373,0.964431208708373,0.977621105174927
"C100R90",100,20,0.9,0.693147180559945,"sas_proc|fisher_default|PL","sas_proc","fisher_default","PL","point_and_ci_converged",2500,11,2489,2485,4,0.994,12,0,0,2485,0,0,0,0,,,,
"C100R90",100,20,0.9,0.693147180559945,"sas_proc|fisher_default|PL","sas_proc","fisher_default","PL","point_converged",2500,11,2489,2485,4,0.994,12,0,0,2485,2473,2402,21,50,0.971289931257582,0.0033579907953494,0.964708269298697,0.977871593216467
"C100R90",100,20,0.9,0.693147180559945,"sas_proc|fisher_default|Wald","sas_proc","fisher_default","Wald","available",2500,11,2489,2489,0,0.9956,14,0,14,0,2489,2456,1,32,0.986741663318602,0.00229262913018703,0.982248110223435,0.991235216413768
"C100R90",100,20,0.9,0.693147180559945,"sas_proc|fisher_default|Wald","sas_proc","fisher_default","Wald","point_and_ci_converged",2500,11,2489,2489,0,0.9956,14,0,14,0,2475,2442,1,32,0.986666666666667,0.00230550991801004,0.982147867227367,0.991185466105966
"C100R90",100,20,0.9,0.693147180559945,"sas_proc|fisher_default|Wald","sas_proc","fisher_default","Wald","point_converged",2500,11,2489,2489,0,0.9956,14,0,14,0,2475,2442,1,32,0.986666666666667,0.00230550991801004,0.982147867227367,0.991185466105966
"C100R90",100,20,0.9,0.693147180559945,"sas_proc|fisher_gradient|PL","sas_proc","fisher_gradient","PL","available",2500,11,2489,2489,0,0.9956,13,0,0,2489,2489,2417,21,51,0.971072719967859,0.00335944262665479,0.964488212419615,0.977657227516102
"C100R90",100,20,0.9,0.693147180559945,"sas_proc|fisher_gradient|PL","sas_proc","fisher_gradient","PL","point_and_ci_converged",2500,11,2489,2489,0,0.9956,13,0,0,2489,0,0,0,0,,,,
"C100R90",100,20,0.9,0.693147180559945,"sas_proc|fisher_gradient|PL","sas_proc","fisher_gradient","PL","point_converged",2500,11,2489,2489,0,0.9956,13,0,0,2489,2476,2405,21,50,0.971324717285945,0.00335398220595354,0.964750912162276,0.977898522409614
"C100R90",100,20,0.9,0.693147180559945,"sas_proc|fisher_gradient|Wald","sas_proc","fisher_gradient","Wald","available",2500,11,2489,2489,0,0.9956,13,0,13,0,2489,2456,1,32,0.986741663318602,0.00229262913018703,0.982248110223435,0.991235216413768
"C100R90",100,20,0.9,0.693147180559945,"sas_proc|fisher_gradient|Wald","sas_proc","fisher_gradient","Wald","point_and_ci_converged",2500,11,2489,2489,0,0.9956,13,0,13,0,2476,2443,1,32,0.986672051696284,0.00230458506402738,0.982155064970791,0.991189038421778
"C100R90",100,20,0.9,0.693147180559945,"sas_proc|fisher_gradient|Wald","sas_proc","fisher_gradient","Wald","point_converged",2500,11,2489,2489,0,0.9956,13,0,13,0,2476,2443,1,32,0.986672051696284,0.00230458506402738,0.982155064970791,0.991189038421778
"C100R90",100,20,0.9,0.693147180559945,"sas_proc|fisher_parameter|PL","sas_proc","fisher_parameter","PL","available",2500,11,2489,2489,0,0.9956,13,0,0,2489,2489,2417,21,51,0.971072719967859,0.00335944262665479,0.964488212419615,0.977657227516102
"C100R90",100,20,0.9,0.693147180559945,"sas_proc|fisher_parameter|PL","sas_proc","fisher_parameter","PL","point_and_ci_converged",2500,11,2489,2489,0,0.9956,13,0,0,2489,0,0,0,0,,,,
"C100R90",100,20,0.9,0.693147180559945,"sas_proc|fisher_parameter|PL","sas_proc","fisher_parameter","PL","point_converged",2500,11,2489,2489,0,0.9956,13,0,0,2489,2476,2405,21,50,0.971324717285945,0.00335398220595354,0.964750912162276,0.977898522409614
"C100R90",100,20,0.9,0.693147180559945,"sas_proc|fisher_parameter|Wald","sas_proc","fisher_parameter","Wald","available",2500,11,2489,2489,0,0.9956,13,0,13,0,2489,2456,1,32,0.986741663318602,0.00229262913018703,0.982248110223435,0.991235216413768
"C100R90",100,20,0.9,0.693147180559945,"sas_proc|fisher_parameter|Wald","sas_proc","fisher_parameter","Wald","point_and_ci_converged",2500,11,2489,2489,0,0.9956,13,0,13,0,2476,2443,1,32,0.986672051696284,0.00230458506402738,0.982155064970791,0.991189038421778
"C100R90",100,20,0.9,0.693147180559945,"sas_proc|fisher_parameter|Wald","sas_proc","fisher_parameter","Wald","point_converged",2500,11,2489,2489,0,0.9956,13,0,13,0,2476,2443,1,32,0.986672051696284,0.00230458506402738,0.982155064970791,0.991189038421778
"C100R90",100,20,0.9,0.693147180559945,"sas_proc|fisher_pl|PL","sas_proc","fisher_pl","PL","available",2500,11,2489,2489,0,0.9956,13,0,0,2489,2489,2417,21,51,0.971072719967859,0.00335944262665479,0.964488212419615,0.977657227516102
"C100R90",100,20,0.9,0.693147180559945,"sas_proc|fisher_pl|PL","sas_proc","fisher_pl","PL","point_and_ci_converged",2500,11,2489,2489,0,0.9956,13,0,0,2489,0,0,0,0,,,,
"C100R90",100,20,0.9,0.693147180559945,"sas_proc|fisher_pl|PL","sas_proc","fisher_pl","PL","point_converged",2500,11,2489,2489,0,0.9956,13,0,0,2489,2476,2405,21,50,0.971324717285945,0.00335398220595354,0.964750912162276,0.977898522409614
"C100R90",100,20,0.9,0.693147180559945,"sas_proc|fisher_pl|Wald","sas_proc","fisher_pl","Wald","available",2500,11,2489,2489,0,0.9956,13,0,13,0,2489,2456,1,32,0.986741663318602,0.00229262913018703,0.982248110223435,0.991235216413768
"C100R90",100,20,0.9,0.693147180559945,"sas_proc|fisher_pl|Wald","sas_proc","fisher_pl","Wald","point_and_ci_converged",2500,11,2489,2489,0,0.9956,13,0,13,0,2476,2443,1,32,0.986672051696284,0.00230458506402738,0.982155064970791,0.991189038421778
"C100R90",100,20,0.9,0.693147180559945,"sas_proc|fisher_pl|Wald","sas_proc","fisher_pl","Wald","point_converged",2500,11,2489,2489,0,0.9956,13,0,13,0,2476,2443,1,32,0.986672051696284,0.00230458506402738,0.982155064970791,0.991189038421778
"C100R90",100,20,0.9,0.693147180559945,"sas_proc|newton_default|PL","sas_proc","newton_default","PL","available",2500,11,2489,2485,4,0.994,12,0,0,2485,2485,2413,21,51,0.97102615694165,0.00336476950677373,0.964431208708373,0.977621105174927
"C100R90",100,20,0.9,0.693147180559945,"sas_proc|newton_default|PL","sas_proc","newton_default","PL","point_and_ci_converged",2500,11,2489,2485,4,0.994,12,0,0,2485,0,0,0,0,,,,
"C100R90",100,20,0.9,0.693147180559945,"sas_proc|newton_default|PL","sas_proc","newton_default","PL","point_converged",2500,11,2489,2485,4,0.994,12,0,0,2485,2473,2402,21,50,0.971289931257582,0.0033579907953494,0.964708269298697,0.977871593216467
"C100R90",100,20,0.9,0.693147180559945,"sas_proc|newton_default|Wald","sas_proc","newton_default","Wald","available",2500,11,2489,2489,0,0.9956,14,0,14,0,2489,2456,1,32,0.986741663318602,0.00229262913018703,0.982248110223435,0.991235216413768
"C100R90",100,20,0.9,0.693147180559945,"sas_proc|newton_default|Wald","sas_proc","newton_default","Wald","point_and_ci_converged",2500,11,2489,2489,0,0.9956,14,0,14,0,2475,2442,1,32,0.986666666666667,0.00230550991801004,0.982147867227367,0.991185466105966
"C100R90",100,20,0.9,0.693147180559945,"sas_proc|newton_default|Wald","sas_proc","newton_default","Wald","point_converged",2500,11,2489,2489,0,0.9956,14,0,14,0,2475,2442,1,32,0.986666666666667,0.00230550991801004,0.982147867227367,0.991185466105966
"C100R90",100,20,0.9,0.693147180559945,"sas_proc|newton_gradient|PL","sas_proc","newton_gradient","PL","available",2500,11,2489,2489,0,0.9956,13,0,0,2489,2489,2417,21,51,0.971072719967859,0.00335944262665479,0.964488212419615,0.977657227516102
"C100R90",100,20,0.9,0.693147180559945,"sas_proc|newton_gradient|PL","sas_proc","newton_gradient","PL","point_and_ci_converged",2500,11,2489,2489,0,0.9956,13,0,0,2489,0,0,0,0,,,,
"C100R90",100,20,0.9,0.693147180559945,"sas_proc|newton_gradient|PL","sas_proc","newton_gradient","PL","point_converged",2500,11,2489,2489,0,0.9956,13,0,0,2489,2476,2405,21,50,0.971324717285945,0.00335398220595354,0.964750912162276,0.977898522409614
"C100R90",100,20,0.9,0.693147180559945,"sas_proc|newton_gradient|Wald","sas_proc","newton_gradient","Wald","available",2500,11,2489,2489,0,0.9956,13,0,13,0,2489,2456,1,32,0.986741663318602,0.00229262913018703,0.982248110223435,0.991235216413768
"C100R90",100,20,0.9,0.693147180559945,"sas_proc|newton_gradient|Wald","sas_proc","newton_gradient","Wald","point_and_ci_converged",2500,11,2489,2489,0,0.9956,13,0,13,0,2476,2443,1,32,0.986672051696284,0.00230458506402738,0.982155064970791,0.991189038421778
"C100R90",100,20,0.9,0.693147180559945,"sas_proc|newton_gradient|Wald","sas_proc","newton_gradient","Wald","point_converged",2500,11,2489,2489,0,0.9956,13,0,13,0,2476,2443,1,32,0.986672051696284,0.00230458506402738,0.982155064970791,0.991189038421778
"C100R99",100,20,0.99,0.693147180559945,"brglm2|bg_asmean_default|Wald","brglm2","bg_asmean_default","Wald","available",2500,11,2489,2489,0,0.9956,1,0,1,0,2489,2453,2,34,0.985536359983929,0.00239311009934601,0.980845864189211,0.990226855778647
"C100R99",100,20,0.99,0.693147180559945,"brglm2|bg_asmean_default|Wald","brglm2","bg_asmean_default","Wald","point_and_ci_converged",2500,11,2489,2489,0,0.9956,1,0,1,0,2488,2452,2,34,0.985530546623794,0.00239406489938004,0.980838179421009,0.990222913826579
"C100R99",100,20,0.99,0.693147180559945,"brglm2|bg_asmean_default|Wald","brglm2","bg_asmean_default","Wald","point_converged",2500,11,2489,2489,0,0.9956,1,0,1,0,2488,2452,2,34,0.985530546623794,0.00239406489938004,0.980838179421009,0.990222913826579
"C100R99",100,20,0.99,0.693147180559945,"brglm2|bg_asmean_epsilon12|Wald","brglm2","bg_asmean_epsilon12","Wald","available",2500,11,2489,2489,0,0.9956,0,0,0,0,2489,2453,2,34,0.985536359983929,0.00239311009934601,0.980845864189211,0.990226855778647
"C100R99",100,20,0.99,0.693147180559945,"brglm2|bg_asmean_epsilon12|Wald","brglm2","bg_asmean_epsilon12","Wald","point_and_ci_converged",2500,11,2489,2489,0,0.9956,0,0,0,0,2489,2453,2,34,0.985536359983929,0.00239311009934601,0.980845864189211,0.990226855778647
"C100R99",100,20,0.99,0.693147180559945,"brglm2|bg_asmean_epsilon12|Wald","brglm2","bg_asmean_epsilon12","Wald","point_converged",2500,11,2489,2489,0,0.9956,0,0,0,0,2489,2453,2,34,0.985536359983929,0.00239311009934601,0.980845864189211,0.990226855778647
"C100R99",100,20,0.99,0.693147180559945,"brglm2|bg_asmean_maxit5000|Wald","brglm2","bg_asmean_maxit5000","Wald","available",2500,11,2489,2489,0,0.9956,0,0,0,0,2489,2453,2,34,0.985536359983929,0.00239311009934601,0.980845864189211,0.990226855778647
"C100R99",100,20,0.99,0.693147180559945,"brglm2|bg_asmean_maxit5000|Wald","brglm2","bg_asmean_maxit5000","Wald","point_and_ci_converged",2500,11,2489,2489,0,0.9956,0,0,0,0,2489,2453,2,34,0.985536359983929,0.00239311009934601,0.980845864189211,0.990226855778647
"C100R99",100,20,0.99,0.693147180559945,"brglm2|bg_asmean_maxit5000|Wald","brglm2","bg_asmean_maxit5000","Wald","point_converged",2500,11,2489,2489,0,0.9956,0,0,0,0,2489,2453,2,34,0.985536359983929,0.00239311009934601,0.980845864189211,0.990226855778647
"C100R99",100,20,0.99,0.693147180559945,"brglm2|bg_mpl_default|Wald","brglm2","bg_mpl_default","Wald","available",2500,11,2489,2489,0,0.9956,1,0,1,0,2489,2453,2,34,0.985536359983929,0.00239311009934601,0.980845864189211,0.990226855778647
"C100R99",100,20,0.99,0.693147180559945,"brglm2|bg_mpl_default|Wald","brglm2","bg_mpl_default","Wald","point_and_ci_converged",2500,11,2489,2489,0,0.9956,1,0,1,0,2488,2452,2,34,0.985530546623794,0.00239406489938004,0.980838179421009,0.990222913826579
"C100R99",100,20,0.99,0.693147180559945,"brglm2|bg_mpl_default|Wald","brglm2","bg_mpl_default","Wald","point_converged",2500,11,2489,2489,0,0.9956,1,0,1,0,2488,2452,2,34,0.985530546623794,0.00239406489938004,0.980838179421009,0.990222913826579
"C100R99",100,20,0.99,0.693147180559945,"brglm2|bg_mpl_epsilon12|Wald","brglm2","bg_mpl_epsilon12","Wald","available",2500,11,2489,2489,0,0.9956,0,0,0,0,2489,2453,2,34,0.985536359983929,0.00239311009934601,0.980845864189211,0.990226855778647
"C100R99",100,20,0.99,0.693147180559945,"brglm2|bg_mpl_epsilon12|Wald","brglm2","bg_mpl_epsilon12","Wald","point_and_ci_converged",2500,11,2489,2489,0,0.9956,0,0,0,0,2489,2453,2,34,0.985536359983929,0.00239311009934601,0.980845864189211,0.990226855778647
"C100R99",100,20,0.99,0.693147180559945,"brglm2|bg_mpl_epsilon12|Wald","brglm2","bg_mpl_epsilon12","Wald","point_converged",2500,11,2489,2489,0,0.9956,0,0,0,0,2489,2453,2,34,0.985536359983929,0.00239311009934601,0.980845864189211,0.990226855778647
"C100R99",100,20,0.99,0.693147180559945,"brglm2|bg_mpl_maxit5000|Wald","brglm2","bg_mpl_maxit5000","Wald","available",2500,11,2489,2489,0,0.9956,0,0,0,0,2489,2453,2,34,0.985536359983929,0.00239311009934601,0.980845864189211,0.990226855778647
"C100R99",100,20,0.99,0.693147180559945,"brglm2|bg_mpl_maxit5000|Wald","brglm2","bg_mpl_maxit5000","Wald","point_and_ci_converged",2500,11,2489,2489,0,0.9956,0,0,0,0,2489,2453,2,34,0.985536359983929,0.00239311009934601,0.980845864189211,0.990226855778647
"C100R99",100,20,0.99,0.693147180559945,"brglm2|bg_mpl_maxit5000|Wald","brglm2","bg_mpl_maxit5000","Wald","point_converged",2500,11,2489,2489,0,0.9956,0,0,0,0,2489,2453,2,34,0.985536359983929,0.00239311009934601,0.980845864189211,0.990226855778647
"C100R99",100,20,0.99,0.693147180559945,"logistf|lf_irls_default|PL","logistf","lf_irls_default","PL","available",2500,11,2489,2489,0,0.9956,51,0,51,0,2489,2417,22,50,0.971072719967859,0.00335944262665479,0.964488212419615,0.977657227516102
"C100R99",100,20,0.99,0.693147180559945,"logistf|lf_irls_default|PL","logistf","lf_irls_default","PL","point_and_ci_converged",2500,11,2489,2489,0,0.9956,51,0,51,0,2438,2368,22,48,0.971287940935193,0.00338212237132924,0.964658981087387,0.977916900782998
"C100R99",100,20,0.99,0.693147180559945,"logistf|lf_irls_default|PL","logistf","lf_irls_default","PL","point_converged",2500,11,2489,2489,0,0.9956,51,0,51,0,2438,2368,22,48,0.971287940935193,0.00338212237132924,0.964658981087387,0.977916900782998
"C100R99",100,20,0.99,0.693147180559945,"logistf|lf_irls_default|Wald","logistf","lf_irls_default","Wald","available",2500,11,2489,2489,0,0.9956,51,0,51,0,2489,2439,4,46,0.979911611088791,0.00281224761679345,0.974399605759875,0.985423616417706
"C100R99",100,20,0.99,0.693147180559945,"logistf|lf_irls_default|Wald","logistf","lf_irls_default","Wald","point_and_ci_converged",2500,11,2489,2489,0,0.9956,51,0,51,0,2438,2389,4,45,0.979901558654635,0.00284220607226136,0.974330834753003,0.985472282556267
"C100R99",100,20,0.99,0.693147180559945,"logistf|lf_irls_default|Wald","logistf","lf_irls_default","Wald","point_converged",2500,11,2489,2489,0,0.9956,51,0,51,0,2438,2389,4,45,0.979901558654635,0.00284220607226136,0.974330834753003,0.985472282556267
"C100R99",100,20,0.99,0.693147180559945,"logistf|lf_irls_fit_pl_tight|PL","logistf","lf_irls_fit_pl_tight","PL","available",2500,11,2489,2489,0,0.9956,0,0,6,0,2489,2417,22,50,0.971072719967859,0.00335944262665479,0.964488212419615,0.977657227516102
"C100R99",100,20,0.99,0.693147180559945,"logistf|lf_irls_fit_pl_tight|PL","logistf","lf_irls_fit_pl_tight","PL","point_and_ci_converged",2500,11,2489,2489,0,0.9956,0,0,6,0,2483,2411,22,50,0.971002819170358,0.00336743928457663,0.964402638172588,0.977603000168129
"C100R99",100,20,0.99,0.693147180559945,"logistf|lf_irls_fit_pl_tight|PL","logistf","lf_irls_fit_pl_tight","PL","point_converged",2500,11,2489,2489,0,0.9956,0,0,6,0,2489,2417,22,50,0.971072719967859,0.00335944262665479,0.964488212419615,0.977657227516102
"C100R99",100,20,0.99,0.693147180559945,"logistf|lf_irls_fit_pl_tight|Wald","logistf","lf_irls_fit_pl_tight","Wald","available",2500,11,2489,2489,0,0.9956,0,0,0,0,2489,2439,4,46,0.979911611088791,0.00281224761679345,0.974399605759875,0.985423616417706
"C100R99",100,20,0.99,0.693147180559945,"logistf|lf_irls_fit_pl_tight|Wald","logistf","lf_irls_fit_pl_tight","Wald","point_and_ci_converged",2500,11,2489,2489,0,0.9956,0,0,0,0,2489,2439,4,46,0.979911611088791,0.00281224761679345,0.974399605759875,0.985423616417706
"C100R99",100,20,0.99,0.693147180559945,"logistf|lf_irls_fit_pl_tight|Wald","logistf","lf_irls_fit_pl_tight","Wald","point_converged",2500,11,2489,2489,0,0.9956,0,0,0,0,2489,2439,4,46,0.979911611088791,0.00281224761679345,0.974399605759875,0.985423616417706
"C100R99",100,20,0.99,0.693147180559945,"logistf|lf_nr_default|PL","logistf","lf_nr_default","PL","available",2500,11,2489,2489,0,0.9956,42,0,42,0,2489,2417,22,50,0.971072719967859,0.00335944262665479,0.964488212419615,0.977657227516102
"C100R99",100,20,0.99,0.693147180559945,"logistf|lf_nr_default|PL","logistf","lf_nr_default","PL","point_and_ci_converged",2500,11,2489,2489,0,0.9956,42,0,42,0,2447,2377,22,48,0.971393543114017,0.00336986619397106,0.964788605373834,0.9779984808542
"C100R99",100,20,0.99,0.693147180559945,"logistf|lf_nr_default|PL","logistf","lf_nr_default","PL","point_converged",2500,11,2489,2489,0,0.9956,42,0,42,0,2447,2377,22,48,0.971393543114017,0.00336986619397106,0.964788605373834,0.9779984808542
"C100R99",100,20,0.99,0.693147180559945,"logistf|lf_nr_default|Wald","logistf","lf_nr_default","Wald","available",2500,11,2489,2489,0,0.9956,42,0,42,0,2489,2439,4,46,0.979911611088791,0.00281224761679345,0.974399605759875,0.985423616417706
"C100R99",100,20,0.99,0.693147180559945,"logistf|lf_nr_default|Wald","logistf","lf_nr_default","Wald","point_and_ci_converged",2500,11,2489,2489,0,0.9956,42,0,42,0,2447,2398,4,45,0.979975480179812,0.00283185932342879,0.974425035905892,0.985525924453733
"C100R99",100,20,0.99,0.693147180559945,"logistf|lf_nr_default|Wald","logistf","lf_nr_default","Wald","point_converged",2500,11,2489,2489,0,0.9956,42,0,42,0,2447,2398,4,45,0.979975480179812,0.00283185932342879,0.974425035905892,0.985525924453733
"C100R99",100,20,0.99,0.693147180559945,"logistf|lf_nr_fit_pl_tight|PL","logistf","lf_nr_fit_pl_tight","PL","available",2500,11,2489,2489,0,0.9956,0,0,8,0,2489,2417,22,50,0.971072719967859,0.00335944262665479,0.964488212419615,0.977657227516102
"C100R99",100,20,0.99,0.693147180559945,"logistf|lf_nr_fit_pl_tight|PL","logistf","lf_nr_fit_pl_tight","PL","point_and_ci_converged",2500,11,2489,2489,0,0.9956,0,0,8,0,2481,2409,22,50,0.970979443772672,0.00337011330095284,0.964374021702805,0.97758486584254
"C100R99",100,20,0.99,0.693147180559945,"logistf|lf_nr_fit_pl_tight|PL","logistf","lf_nr_fit_pl_tight","PL","point_converged",2500,11,2489,2489,0,0.9956,0,0,8,0,2489,2417,22,50,0.971072719967859,0.00335944262665479,0.964488212419615,0.977657227516102
"C100R99",100,20,0.99,0.693147180559945,"logistf|lf_nr_fit_pl_tight|Wald","logistf","lf_nr_fit_pl_tight","Wald","available",2500,11,2489,2489,0,0.9956,0,0,0,0,2489,2439,4,46,0.979911611088791,0.00281224761679345,0.974399605759875,0.985423616417706
"C100R99",100,20,0.99,0.693147180559945,"logistf|lf_nr_fit_pl_tight|Wald","logistf","lf_nr_fit_pl_tight","Wald","point_and_ci_converged",2500,11,2489,2489,0,0.9956,0,0,0,0,2489,2439,4,46,0.979911611088791,0.00281224761679345,0.974399605759875,0.985423616417706
"C100R99",100,20,0.99,0.693147180559945,"logistf|lf_nr_fit_pl_tight|Wald","logistf","lf_nr_fit_pl_tight","Wald","point_converged",2500,11,2489,2489,0,0.9956,0,0,0,0,2489,2439,4,46,0.979911611088791,0.00281224761679345,0.974399605759875,0.985423616417706
"C100R99",100,20,0.99,0.693147180559945,"logistf|lf_nr_fit_tight|PL","logistf","lf_nr_fit_tight","PL","available",2500,11,2489,2489,0,0.9956,0,0,2,0,2489,2417,22,50,0.971072719967859,0.00335944262665479,0.964488212419615,0.977657227516102
"C100R99",100,20,0.99,0.693147180559945,"logistf|lf_nr_fit_tight|PL","logistf","lf_nr_fit_tight","PL","point_and_ci_converged",2500,11,2489,2489,0,0.9956,0,0,2,0,2487,2415,22,50,0.971049457177322,0.00336210395747792,0.964459733420665,0.977639180933979
"C100R99",100,20,0.99,0.693147180559945,"logistf|lf_nr_fit_tight|PL","logistf","lf_nr_fit_tight","PL","point_converged",2500,11,2489,2489,0,0.9956,0,0,2,0,2489,2417,22,50,0.971072719967859,0.00335944262665479,0.964488212419615,0.977657227516102
"C100R99",100,20,0.99,0.693147180559945,"logistf|lf_nr_fit_tight|Wald","logistf","lf_nr_fit_tight","Wald","available",2500,11,2489,2489,0,0.9956,0,0,0,0,2489,2439,4,46,0.979911611088791,0.00281224761679345,0.974399605759875,0.985423616417706
"C100R99",100,20,0.99,0.693147180559945,"logistf|lf_nr_fit_tight|Wald","logistf","lf_nr_fit_tight","Wald","point_and_ci_converged",2500,11,2489,2489,0,0.9956,0,0,0,0,2489,2439,4,46,0.979911611088791,0.00281224761679345,0.974399605759875,0.985423616417706
"C100R99",100,20,0.99,0.693147180559945,"logistf|lf_nr_fit_tight|Wald","logistf","lf_nr_fit_tight","Wald","point_converged",2500,11,2489,2489,0,0.9956,0,0,0,0,2489,2439,4,46,0.979911611088791,0.00281224761679345,0.974399605759875,0.985423616417706
"C100R99",100,20,0.99,0.693147180559945,"logistf|lf_nr_maxit5000|PL","logistf","lf_nr_maxit5000","PL","available",2500,11,2489,2489,0,0.9956,0,0,2,0,2489,2417,22,50,0.971072719967859,0.00335944262665479,0.964488212419615,0.977657227516102
"C100R99",100,20,0.99,0.693147180559945,"logistf|lf_nr_maxit5000|PL","logistf","lf_nr_maxit5000","PL","point_and_ci_converged",2500,11,2489,2489,0,0.9956,0,0,2,0,2487,2415,22,50,0.971049457177322,0.00336210395747792,0.964459733420665,0.977639180933979
"C100R99",100,20,0.99,0.693147180559945,"logistf|lf_nr_maxit5000|PL","logistf","lf_nr_maxit5000","PL","point_converged",2500,11,2489,2489,0,0.9956,0,0,2,0,2489,2417,22,50,0.971072719967859,0.00335944262665479,0.964488212419615,0.977657227516102
"C100R99",100,20,0.99,0.693147180559945,"logistf|lf_nr_maxit5000|Wald","logistf","lf_nr_maxit5000","Wald","available",2500,11,2489,2489,0,0.9956,0,0,0,0,2489,2439,4,46,0.979911611088791,0.00281224761679345,0.974399605759875,0.985423616417706
"C100R99",100,20,0.99,0.693147180559945,"logistf|lf_nr_maxit5000|Wald","logistf","lf_nr_maxit5000","Wald","point_and_ci_converged",2500,11,2489,2489,0,0.9956,0,0,0,0,2489,2439,4,46,0.979911611088791,0.00281224761679345,0.974399605759875,0.985423616417706
"C100R99",100,20,0.99,0.693147180559945,"logistf|lf_nr_maxit5000|Wald","logistf","lf_nr_maxit5000","Wald","point_converged",2500,11,2489,2489,0,0.9956,0,0,0,0,2489,2439,4,46,0.979911611088791,0.00281224761679345,0.974399605759875,0.985423616417706
"C100R99",100,20,0.99,0.693147180559945,"logistf|lf_nr_pl_tight|PL","logistf","lf_nr_pl_tight","PL","available",2500,11,2489,2489,0,0.9956,42,0,44,0,2489,2417,22,50,0.971072719967859,0.00335944262665479,0.964488212419615,0.977657227516102
"C100R99",100,20,0.99,0.693147180559945,"logistf|lf_nr_pl_tight|PL","logistf","lf_nr_pl_tight","PL","point_and_ci_converged",2500,11,2489,2489,0,0.9956,42,0,44,0,2445,2375,22,48,0.971370143149284,0.00337258210882192,0.964759882215993,0.977980404082575
"C100R99",100,20,0.99,0.693147180559945,"logistf|lf_nr_pl_tight|PL","logistf","lf_nr_pl_tight","PL","point_converged",2500,11,2489,2489,0,0.9956,42,0,44,0,2447,2377,22,48,0.971393543114017,0.00336986619397106,0.964788605373834,0.9779984808542
"C100R99",100,20,0.99,0.693147180559945,"logistf|lf_nr_pl_tight|Wald","logistf","lf_nr_pl_tight","Wald","available",2500,11,2489,2489,0,0.9956,42,0,42,0,2489,2439,4,46,0.979911611088791,0.00281224761679345,0.974399605759875,0.985423616417706
"C100R99",100,20,0.99,0.693147180559945,"logistf|lf_nr_pl_tight|Wald","logistf","lf_nr_pl_tight","Wald","point_and_ci_converged",2500,11,2489,2489,0,0.9956,42,0,42,0,2447,2398,4,45,0.979975480179812,0.00283185932342879,0.974425035905892,0.985525924453733
"C100R99",100,20,0.99,0.693147180559945,"logistf|lf_nr_pl_tight|Wald","logistf","lf_nr_pl_tight","Wald","point_converged",2500,11,2489,2489,0,0.9956,42,0,42,0,2447,2398,4,45,0.979975480179812,0.00283185932342879,0.974425035905892,0.985525924453733
"C100R99",100,20,0.99,0.693147180559945,"sas_fl|default|PL","sas_fl","default","PL","available",2500,11,2489,2489,0,0.9956,0,2489,0,2489,2489,2417,22,50,0.971072719967859,0.00335944262665479,0.964488212419615,0.977657227516102
"C100R99",100,20,0.99,0.693147180559945,"sas_fl|default|PL","sas_fl","default","PL","point_and_ci_converged",2500,11,2489,2489,0,0.9956,0,2489,0,2489,0,0,0,0,,,,
"C100R99",100,20,0.99,0.693147180559945,"sas_fl|default|PL","sas_fl","default","PL","point_converged",2500,11,2489,2489,0,0.9956,0,2489,0,2489,0,0,0,0,,,,
"C100R99",100,20,0.99,0.693147180559945,"sas_fl|tight|PL","sas_fl","tight","PL","available",2500,11,2489,2489,0,0.9956,0,2489,0,2489,2489,2417,22,50,0.971072719967859,0.00335944262665479,0.964488212419615,0.977657227516102
"C100R99",100,20,0.99,0.693147180559945,"sas_fl|tight|PL","sas_fl","tight","PL","point_and_ci_converged",2500,11,2489,2489,0,0.9956,0,2489,0,2489,0,0,0,0,,,,
"C100R99",100,20,0.99,0.693147180559945,"sas_fl|tight|PL","sas_fl","tight","PL","point_converged",2500,11,2489,2489,0,0.9956,0,2489,0,2489,0,0,0,0,,,,
"C100R99",100,20,0.99,0.693147180559945,"sas_proc|fisher_cap|PL","sas_proc","fisher_cap","PL","available",2500,11,2489,2488,1,0.9952,14,0,0,2488,2488,2416,22,50,0.971061093247588,0.00336077276538318,0.964473978627437,0.977648207867739
"C100R99",100,20,0.99,0.693147180559945,"sas_proc|fisher_cap|PL","sas_proc","fisher_cap","PL","point_and_ci_converged",2500,11,2489,2488,1,0.9952,14,0,0,2488,0,0,0,0,,,,
"C100R99",100,20,0.99,0.693147180559945,"sas_proc|fisher_cap|PL","sas_proc","fisher_cap","PL","point_converged",2500,11,2489,2488,1,0.9952,14,0,0,2488,2474,2403,22,49,0.971301535974131,0.00335665353500962,0.964722495045512,0.97788057690275
"C100R99",100,20,0.99,0.693147180559945,"sas_proc|fisher_cap|Wald","sas_proc","fisher_cap","Wald","available",2500,11,2489,2489,0,0.9956,14,0,14,0,2489,2453,2,34,0.985536359983929,0.00239311009934601,0.980845864189211,0.990226855778647
"C100R99",100,20,0.99,0.693147180559945,"sas_proc|fisher_cap|Wald","sas_proc","fisher_cap","Wald","point_and_ci_converged",2500,11,2489,2489,0,0.9956,14,0,14,0,2475,2439,2,34,0.985454545454545,0.00240654698749861,0.980737713359048,0.990171377550043
"C100R99",100,20,0.99,0.693147180559945,"sas_proc|fisher_cap|Wald","sas_proc","fisher_cap","Wald","point_converged",2500,11,2489,2489,0,0.9956,14,0,14,0,2475,2439,2,34,0.985454545454545,0.00240654698749861,0.980737713359048,0.990171377550043
"C100R99",100,20,0.99,0.693147180559945,"sas_proc|fisher_default|PL","sas_proc","fisher_default","PL","available",2500,11,2489,2483,6,0.9932,12,0,0,2483,2483,2411,22,50,0.971002819170358,0.00336743928457663,0.964402638172588,0.977603000168129
"C100R99",100,20,0.99,0.693147180559945,"sas_proc|fisher_default|PL","sas_proc","fisher_default","PL","point_and_ci_converged",2500,11,2489,2483,6,0.9932,12,0,0,2483,0,0,0,0,,,,
"C100R99",100,20,0.99,0.693147180559945,"sas_proc|fisher_default|PL","sas_proc","fisher_default","PL","point_converged",2500,11,2489,2483,6,0.9932,12,0,0,2483,2471,2400,22,49,0.971266693646297,0.00336066851401075,0.964679783358836,0.977853603933758
"C100R99",100,20,0.99,0.693147180559945,"sas_proc|fisher_default|Wald","sas_proc","fisher_default","Wald","available",2500,11,2489,2489,0,0.9956,15,0,15,0,2489,2453,2,34,0.985536359983929,0.00239311009934601,0.980845864189211,0.990226855778647
"C100R99",100,20,0.99,0.693147180559945,"sas_proc|fisher_default|Wald","sas_proc","fisher_default","Wald","point_and_ci_converged",2500,11,2489,2489,0,0.9956,15,0,15,0,2474,2438,2,34,0.985448666127728,0.00240751254096982,0.980729941547428,0.990167390708029
"C100R99",100,20,0.99,0.693147180559945,"sas_proc|fisher_default|Wald","sas_proc","fisher_default","Wald","point_converged",2500,11,2489,2489,0,0.9956,15,0,15,0,2474,2438,2,34,0.985448666127728,0.00240751254096982,0.980729941547428,0.990167390708029
"C100R99",100,20,0.99,0.693147180559945,"sas_proc|fisher_gradient|PL","sas_proc","fisher_gradient","PL","available",2500,11,2489,2488,1,0.9952,14,0,0,2488,2488,2416,22,50,0.971061093247588,0.00336077276538318,0.964473978627437,0.977648207867739
"C100R99",100,20,0.99,0.693147180559945,"sas_proc|fisher_gradient|PL","sas_proc","fisher_gradient","PL","point_and_ci_converged",2500,11,2489,2488,1,0.9952,14,0,0,2488,0,0,0,0,,,,
"C100R99",100,20,0.99,0.693147180559945,"sas_proc|fisher_gradient|PL","sas_proc","fisher_gradient","PL","point_converged",2500,11,2489,2488,1,0.9952,14,0,0,2488,2474,2403,22,49,0.971301535974131,0.00335665353500962,0.964722495045512,0.97788057690275
"C100R99",100,20,0.99,0.693147180559945,"sas_proc|fisher_gradient|Wald","sas_proc","fisher_gradient","Wald","available",2500,11,2489,2489,0,0.9956,14,0,14,0,2489,2453,2,34,0.985536359983929,0.00239311009934601,0.980845864189211,0.990226855778647
"C100R99",100,20,0.99,0.693147180559945,"sas_proc|fisher_gradient|Wald","sas_proc","fisher_gradient","Wald","point_and_ci_converged",2500,11,2489,2489,0,0.9956,14,0,14,0,2475,2439,2,34,0.985454545454545,0.00240654698749861,0.980737713359048,0.990171377550043
"C100R99",100,20,0.99,0.693147180559945,"sas_proc|fisher_gradient|Wald","sas_proc","fisher_gradient","Wald","point_converged",2500,11,2489,2489,0,0.9956,14,0,14,0,2475,2439,2,34,0.985454545454545,0.00240654698749861,0.980737713359048,0.990171377550043
"C100R99",100,20,0.99,0.693147180559945,"sas_proc|fisher_parameter|PL","sas_proc","fisher_parameter","PL","available",2500,11,2489,2488,1,0.9952,14,0,0,2488,2488,2416,22,50,0.971061093247588,0.00336077276538318,0.964473978627437,0.977648207867739
"C100R99",100,20,0.99,0.693147180559945,"sas_proc|fisher_parameter|PL","sas_proc","fisher_parameter","PL","point_and_ci_converged",2500,11,2489,2488,1,0.9952,14,0,0,2488,0,0,0,0,,,,
"C100R99",100,20,0.99,0.693147180559945,"sas_proc|fisher_parameter|PL","sas_proc","fisher_parameter","PL","point_converged",2500,11,2489,2488,1,0.9952,14,0,0,2488,2474,2403,22,49,0.971301535974131,0.00335665353500962,0.964722495045512,0.97788057690275
"C100R99",100,20,0.99,0.693147180559945,"sas_proc|fisher_parameter|Wald","sas_proc","fisher_parameter","Wald","available",2500,11,2489,2489,0,0.9956,14,0,14,0,2489,2453,2,34,0.985536359983929,0.00239311009934601,0.980845864189211,0.990226855778647
"C100R99",100,20,0.99,0.693147180559945,"sas_proc|fisher_parameter|Wald","sas_proc","fisher_parameter","Wald","point_and_ci_converged",2500,11,2489,2489,0,0.9956,14,0,14,0,2475,2439,2,34,0.985454545454545,0.00240654698749861,0.980737713359048,0.990171377550043
"C100R99",100,20,0.99,0.693147180559945,"sas_proc|fisher_parameter|Wald","sas_proc","fisher_parameter","Wald","point_converged",2500,11,2489,2489,0,0.9956,14,0,14,0,2475,2439,2,34,0.985454545454545,0.00240654698749861,0.980737713359048,0.990171377550043
"C100R99",100,20,0.99,0.693147180559945,"sas_proc|fisher_pl|PL","sas_proc","fisher_pl","PL","available",2500,11,2489,2488,1,0.9952,14,0,0,2488,2488,2416,22,50,0.971061093247588,0.00336077276538318,0.964473978627437,0.977648207867739
"C100R99",100,20,0.99,0.693147180559945,"sas_proc|fisher_pl|PL","sas_proc","fisher_pl","PL","point_and_ci_converged",2500,11,2489,2488,1,0.9952,14,0,0,2488,0,0,0,0,,,,
"C100R99",100,20,0.99,0.693147180559945,"sas_proc|fisher_pl|PL","sas_proc","fisher_pl","PL","point_converged",2500,11,2489,2488,1,0.9952,14,0,0,2488,2474,2403,22,49,0.971301535974131,0.00335665353500962,0.964722495045512,0.97788057690275
"C100R99",100,20,0.99,0.693147180559945,"sas_proc|fisher_pl|Wald","sas_proc","fisher_pl","Wald","available",2500,11,2489,2489,0,0.9956,14,0,14,0,2489,2453,2,34,0.985536359983929,0.00239311009934601,0.980845864189211,0.990226855778647
"C100R99",100,20,0.99,0.693147180559945,"sas_proc|fisher_pl|Wald","sas_proc","fisher_pl","Wald","point_and_ci_converged",2500,11,2489,2489,0,0.9956,14,0,14,0,2475,2439,2,34,0.985454545454545,0.00240654698749861,0.980737713359048,0.990171377550043
"C100R99",100,20,0.99,0.693147180559945,"sas_proc|fisher_pl|Wald","sas_proc","fisher_pl","Wald","point_converged",2500,11,2489,2489,0,0.9956,14,0,14,0,2475,2439,2,34,0.985454545454545,0.00240654698749861,0.980737713359048,0.990171377550043
"C100R99",100,20,0.99,0.693147180559945,"sas_proc|newton_default|PL","sas_proc","newton_default","PL","available",2500,11,2489,2483,6,0.9932,12,0,0,2483,2483,2411,22,50,0.971002819170358,0.00336743928457663,0.964402638172588,0.977603000168129
"C100R99",100,20,0.99,0.693147180559945,"sas_proc|newton_default|PL","sas_proc","newton_default","PL","point_and_ci_converged",2500,11,2489,2483,6,0.9932,12,0,0,2483,0,0,0,0,,,,
"C100R99",100,20,0.99,0.693147180559945,"sas_proc|newton_default|PL","sas_proc","newton_default","PL","point_converged",2500,11,2489,2483,6,0.9932,12,0,0,2483,2471,2400,22,49,0.971266693646297,0.00336066851401075,0.964679783358836,0.977853603933758
"C100R99",100,20,0.99,0.693147180559945,"sas_proc|newton_default|Wald","sas_proc","newton_default","Wald","available",2500,11,2489,2489,0,0.9956,15,0,15,0,2489,2453,2,34,0.985536359983929,0.00239311009934601,0.980845864189211,0.990226855778647
"C100R99",100,20,0.99,0.693147180559945,"sas_proc|newton_default|Wald","sas_proc","newton_default","Wald","point_and_ci_converged",2500,11,2489,2489,0,0.9956,15,0,15,0,2474,2438,2,34,0.985448666127728,0.00240751254096982,0.980729941547428,0.990167390708029
"C100R99",100,20,0.99,0.693147180559945,"sas_proc|newton_default|Wald","sas_proc","newton_default","Wald","point_converged",2500,11,2489,2489,0,0.9956,15,0,15,0,2474,2438,2,34,0.985448666127728,0.00240751254096982,0.980729941547428,0.990167390708029
"C100R99",100,20,0.99,0.693147180559945,"sas_proc|newton_gradient|PL","sas_proc","newton_gradient","PL","available",2500,11,2489,2488,1,0.9952,14,0,0,2488,2488,2416,22,50,0.971061093247588,0.00336077276538318,0.964473978627437,0.977648207867739
"C100R99",100,20,0.99,0.693147180559945,"sas_proc|newton_gradient|PL","sas_proc","newton_gradient","PL","point_and_ci_converged",2500,11,2489,2488,1,0.9952,14,0,0,2488,0,0,0,0,,,,
"C100R99",100,20,0.99,0.693147180559945,"sas_proc|newton_gradient|PL","sas_proc","newton_gradient","PL","point_converged",2500,11,2489,2488,1,0.9952,14,0,0,2488,2474,2403,22,49,0.971301535974131,0.00335665353500962,0.964722495045512,0.97788057690275
"C100R99",100,20,0.99,0.693147180559945,"sas_proc|newton_gradient|Wald","sas_proc","newton_gradient","Wald","available",2500,11,2489,2489,0,0.9956,14,0,14,0,2489,2453,2,34,0.985536359983929,0.00239311009934601,0.980845864189211,0.990226855778647
"C100R99",100,20,0.99,0.693147180559945,"sas_proc|newton_gradient|Wald","sas_proc","newton_gradient","Wald","point_and_ci_converged",2500,11,2489,2489,0,0.9956,14,0,14,0,2475,2439,2,34,0.985454545454545,0.00240654698749861,0.980737713359048,0.990171377550043
"C100R99",100,20,0.99,0.693147180559945,"sas_proc|newton_gradient|Wald","sas_proc","newton_gradient","Wald","point_converged",2500,11,2489,2489,0,0.9956,14,0,14,0,2475,2439,2,34,0.985454545454545,0.00240654698749861,0.980737713359048,0.990171377550043
