"scenario_id","kind","comparison","factor","cohort","total_configurations","cohort_probability","excluded_probability","ci_available_probability","p_available_probability","ci_difference_joint_probability","p_difference_joint_probability","ci_difference_conditional_probability","p_difference_conditional_probability","ci_difference_mcse","p_difference_mcse","ci_difference_n","p_difference_n","ci_available_n","p_available_n","nonconverged_output_probability","convergence_unknown_output_probability","ci_delta_median","ci_delta_p99","ci_delta_max","p_delta_median","p_delta_p99","p_delta_max","beta_delta_median","beta_delta_p99"
"E020R1","exact","default_logistf_sas","default","all_outputs",121,1,0.0165289256198347,0.983471074380165,0.983471074380165,0.0991735537190083,0.0991735537190083,0.100840336134454,0.100840336134454,,,12,12,119,119,0,0,0.268566669567375,1.72350352362146,1.72350352362221,0.0263621489501125,0.0883614968037215,0.088361496803722,6.10490869843439e-05,0.000268170002951167
"E020R1","exact","default_logistf_sas","default","both_point_converged",121,0.983471074380165,0.0165289256198347,0.983471074380165,0.983471074380165,0.0991735537190083,0.0991735537190083,0.100840336134454,0.100840336134454,,,12,12,119,119,0,0,0.268566669567375,1.72350352362146,1.72350352362221,0.0263621489501125,0.0883614968037215,0.088361496803722,6.10490869843439e-05,0.000268170002951167
"E020R1","exact","default_logistf_sas","default","common_point_converged",121,0.966942148760331,0.0165289256198347,0.966942148760331,0.966942148760331,0.0991735537190083,0.0991735537190083,0.102564102564103,0.102564102564103,,,12,12,117,117,0,0,0.246165013654603,1.72350352362146,1.72350352362221,0.0263621489501127,0.0883614968037215,0.088361496803722,4.57423378787958e-05,0.000268170003073518
"E020R1","exact","default_logistf_sas","default","common_inference_available",121,0.966942148760331,0.0165289256198347,0.966942148760331,0.966942148760331,0.0991735537190083,0.0991735537190083,0.102564102564103,0.102564102564103,,,12,12,117,117,0,0,0.246165013654603,1.72350352362146,1.72350352362221,0.0263621489501127,0.0883614968037215,0.088361496803722,4.57423378787958e-05,0.000268170003073518
"E050R1","exact","default_logistf_sas","default","all_outputs",676,1,0.0029585798816568,0.997041420118343,0.997041420118343,0.0532544378698225,0.0532544378698225,0.0534124629080119,0.0534124629080119,,,36,36,674,674,0,0,0.0988209871275814,1.92065996022594,1.92074441293711,0.00646996254705712,0.0814982728117256,0.0878619676308667,2.89220517066813e-05,0.000461469387851308
"E050R1","exact","default_logistf_sas","default","both_point_converged",676,0.997041420118343,0.0029585798816568,0.997041420118343,0.997041420118343,0.0532544378698225,0.0532544378698225,0.0534124629080119,0.0534124629080119,,,36,36,674,674,0,0,0.0988209871275814,1.92065996022594,1.92074441293711,0.00646996254705712,0.0814982728117256,0.0878619676308667,2.89220517066813e-05,0.000461469387851308
"E050R1","exact","default_logistf_sas","default","common_point_converged",676,0.994082840236686,0.0029585798816568,0.994082840236686,0.994082840236686,0.0532544378698225,0.0532544378698225,0.0535714285714286,0.0535714285714286,,,36,36,672,672,0,0,0.0988209871275776,1.92065996022594,1.92074441293711,0.00646996254706067,0.0814982728117256,0.0878619676308667,2.89220516873634e-05,0.000461469387851539
"E050R1","exact","default_logistf_sas","default","common_inference_available",676,0.994082840236686,0.0029585798816568,0.994082840236686,0.994082840236686,0.0532544378698225,0.0532544378698225,0.0535714285714286,0.0535714285714286,,,36,36,672,672,0,0,0.0988209871275776,1.92065996022594,1.92074441293711,0.00646996254706067,0.0814982728117256,0.0878619676308667,2.89220516873634e-05,0.000461469387851539
"E100R1","exact","default_logistf_sas","default","all_outputs",2601,1,0.000768935024990388,0.99923106497501,0.99923106497501,0.0207612456747405,0.0207612456747405,0.0207772220084648,0.0207772220084648,,,54,54,2599,2599,0,0,0.0480270679622141,1.98996393339937,1.99074149758779,0.00101888233638129,0.0406333058197262,0.0872584546518038,6.18054374582622e-05,0.000310181214334122
"E100R1","exact","default_logistf_sas","default","both_point_converged",2601,0.99923106497501,0.000768935024990388,0.99923106497501,0.99923106497501,0.0207612456747405,0.0207612456747405,0.0207772220084648,0.0207772220084648,,,54,54,2599,2599,0,0,0.0480270679622141,1.98996393339937,1.99074149758779,0.00101888233638129,0.0406333058197262,0.0872584546518038,6.18054374582622e-05,0.000310181214334122
"E100R1","exact","default_logistf_sas","default","common_point_converged",2601,0.998462129950019,0.000768935024990388,0.998462129950019,0.998462129950019,0.0207612456747405,0.0207612456747405,0.0207932229495572,0.0207932229495572,,,54,54,2597,2597,0,0,0.0480270679622097,1.9899639333994,1.99074149758779,0.0010188823363813,0.0406333058197262,0.0872584546518038,6.18054374592614e-05,0.000310189401833352
"E100R1","exact","default_logistf_sas","default","common_inference_available",2601,0.991541714725106,0.000768935024990388,0.991541714725106,0.991541714725106,0.0199923106497501,0.0199923106497501,0.0201628538193098,0.0201628538193098,,,52,52,2579,2579,0,0,0.0476369904401128,1.98991384491282,1.99074149758779,0.00101583480677401,0.0398637253441731,0.0872584546518038,6.16838623259675e-05,0.000310263089326419
"E200R1","exact","default_logistf_sas","default","all_outputs",10201,1,0.000196059209881384,0.999803940790118,0.999803940790118,0.00686207234584845,0.00686207234584845,0.00686341798215511,0.00686341798215511,,,70,70,10199,10199,0,0,0.0238789408493771,2.02473100750707,2.02828380658298,1.52435174004112e-05,0.0198763950220469,0.0868742022255358,2.52039603219067e-05,0.000378986908911632
"E200R1","exact","default_logistf_sas","default","both_point_converged",10201,0.999803940790118,0.000196059209881384,0.999803940790118,0.999803940790118,0.00686207234584845,0.00686207234584845,0.00686341798215511,0.00686341798215511,,,70,70,10199,10199,0,0,0.0238789408493771,2.02473100750707,2.02828380658298,1.52435174004112e-05,0.0198763950220469,0.0868742022255358,2.52039603219067e-05,0.000378986908911632
"E200R1","exact","default_logistf_sas","default","common_point_converged",10201,0.999607881580237,0.000196059209881384,0.999607881580237,0.999607881580237,0.00686207234584845,0.00686207234584845,0.00686476414631754,0.00686476414631754,,,70,70,10197,10197,0,0,0.0237985325555763,2.0247310075071,2.02828380658298,1.52435174004119e-05,0.0198763950220469,0.0868742022255358,2.51809888442978e-05,0.00037898690892689
"E200R1","exact","default_logistf_sas","default","common_inference_available",10201,0.986962062542888,0.000196059209881384,0.986962062542888,0.986962062542888,0.00627389471620429,0.00627389471620429,0.00635677393722686,0.00635677393722686,,,64,64,10068,10068,0,0,0.0232896693564126,2.02219678209128,2.02828380657182,1.37576979955358e-05,0.0178844138164159,0.0868742022255358,2.50914406491887e-05,0.000344591379331978
"E020R4","exact","default_logistf_sas","default","all_outputs",85,1,0.0235294117647059,0.976470588235294,0.976470588235294,0.117647058823529,0.117647058823529,0.120481927710843,0.120481927710843,,,10,10,83,83,0,0,0.356160870867479,1.54774541285412,1.54774541285429,0.0388685680902114,0.127236048922863,0.127236048922863,0.000131151701523002,0.000405780124510713
"E020R4","exact","default_logistf_sas","default","both_point_converged",85,0.976470588235294,0.0235294117647059,0.976470588235294,0.976470588235294,0.117647058823529,0.117647058823529,0.120481927710843,0.120481927710843,,,10,10,83,83,0,0,0.356160870867479,1.54774541285412,1.54774541285429,0.0388685680902114,0.127236048922863,0.127236048922863,0.000131151701523002,0.000405780124510713
"E020R4","exact","default_logistf_sas","default","common_point_converged",85,0.952941176470588,0.0235294117647059,0.952941176470588,0.952941176470588,0.117647058823529,0.117647058823529,0.123456790123457,0.123456790123457,,,10,10,81,81,0,0,0.336317732836068,1.54774541285413,1.54774541285429,0.038868568090213,0.127236048922863,0.127236048922863,0.000131151702162935,0.000405780124678845
"E020R4","exact","default_logistf_sas","default","common_inference_available",85,0.952941176470588,0.0235294117647059,0.952941176470588,0.952941176470588,0.117647058823529,0.117647058823529,0.123456790123457,0.123456790123457,,,10,10,81,81,0,0,0.336317732836068,1.54774541285413,1.54774541285429,0.038868568090213,0.127236048922863,0.127236048922863,0.000131151702162935,0.000405780124678845
"E050R4","exact","default_logistf_sas","default","all_outputs",451,1,0.00443458980044346,0.995565410199557,0.995565410199557,0.0665188470066519,0.0665188470066519,0.066815144766147,0.066815144766147,,,30,30,449,449,0,0,0.172526224537888,1.84066494835009,1.84626710598783,0.00956862246018697,0.118717629008885,0.120806581900789,0.000111228037114941,0.000610221419592793
"E050R4","exact","default_logistf_sas","default","both_point_converged",451,0.995565410199557,0.00443458980044346,0.995565410199557,0.995565410199557,0.0665188470066519,0.0665188470066519,0.066815144766147,0.066815144766147,,,30,30,449,449,0,0,0.172526224537888,1.84066494835009,1.84626710598783,0.00956862246018697,0.118717629008885,0.120806581900789,0.000111228037114941,0.000610221419592793
"E050R4","exact","default_logistf_sas","default","common_point_converged",451,0.991130820399113,0.00443458980044346,0.991130820399113,0.991130820399113,0.0665188470066519,0.0665188470066519,0.0671140939597315,0.0671140939597315,,,30,30,447,447,0,0,0.172526224537887,1.8406649483501,1.84626710598783,0.00958984869725066,0.118717629008885,0.120806581900789,0.00011300850817797,0.000610221419652657
"E050R4","exact","default_logistf_sas","default","common_inference_available",451,0.991130820399113,0.00443458980044346,0.991130820399113,0.991130820399113,0.0665188470066519,0.0665188470066519,0.0671140939597315,0.0671140939597315,,,30,30,447,447,0,0,0.172526224537887,1.8406649483501,1.84626710598783,0.00958984869725066,0.118717629008885,0.120806581900789,0.00011300850817797,0.000610221419652657
"E100R4","exact","default_logistf_sas","default","all_outputs",1701,1,0.00117577895355673,0.998824221046443,0.998824221046443,0.0352733686067019,0.0352733686067019,0.0353148911124191,0.0353148911124191,,,60,60,1699,1699,0,0,0.088174931958547,1.94922494461338,1.95205247855773,0.00227571129036969,0.0999971620375264,0.119236762319743,7.37071457250771e-05,0.00051390634999346
"E100R4","exact","default_logistf_sas","default","both_point_converged",1701,0.998824221046443,0.00117577895355673,0.998824221046443,0.998824221046443,0.0352733686067019,0.0352733686067019,0.0353148911124191,0.0353148911124191,,,60,60,1699,1699,0,0,0.088174931958547,1.94922494461338,1.95205247855773,0.00227571129036969,0.0999971620375264,0.119236762319743,7.37071457250771e-05,0.00051390634999346
"E100R4","exact","default_logistf_sas","default","common_point_converged",1701,0.997648442092887,0.00117577895355673,0.997648442092887,0.997648442092887,0.0352733686067019,0.0352733686067019,0.0353565114908662,0.0353565114908662,,,60,60,1697,1697,0,0,0.0880769136092177,1.94922494461339,1.95205247855773,0.00227571129037013,0.0999971620375264,0.119236762319743,7.35250812061786e-05,0.000513906350004092
"E100R4","exact","default_logistf_sas","default","common_inference_available",1701,0.997648442092887,0.00117577895355673,0.997648442092887,0.997648442092887,0.0352733686067019,0.0352733686067019,0.0353565114908662,0.0353565114908662,,,60,60,1697,1697,0,0,0.0880769136092177,1.94922494461339,1.95205247855773,0.00227571129037013,0.0999971620375264,0.119236762319743,7.35250812061786e-05,0.000513906350004092
"E200R4","exact","default_logistf_sas","default","all_outputs",6601,1,0.00030298439630359,0.999697015603697,0.999697015603697,0.0169671261930011,0.0169671261930011,0.0169722685255342,0.0169722685255342,,,112,112,6599,6599,0,0,0.0421387311998969,2.00507475700484,2.00830540994413,0.000234956399295785,0.0511082243368986,0.118514071046641,5.93842544769352e-05,0.000470509661095033
"E200R4","exact","default_logistf_sas","default","both_point_converged",6601,0.999697015603697,0.00030298439630359,0.999697015603697,0.999697015603697,0.0169671261930011,0.0169671261930011,0.0169722685255342,0.0169722685255342,,,112,112,6599,6599,0,0,0.0421387311998969,2.00507475700484,2.00830540994413,0.000234956399295785,0.0511082243368986,0.118514071046641,5.93842544769352e-05,0.000470509661095033
"E200R4","exact","default_logistf_sas","default","common_point_converged",6601,0.999394031207393,0.00030298439630359,0.999394031207393,0.999394031207393,0.0169671261930011,0.0169671261930011,0.0169774139760497,0.0169774139760497,,,112,112,6597,6597,0,0,0.0421298382288902,2.00507482150632,2.00830540994413,0.000234956399295785,0.0511186997635472,0.118514071046641,5.93842544898138e-05,0.000470790702712982
"E200R4","exact","default_logistf_sas","default","common_inference_available",6601,0.995152249659143,0.00030298439630359,0.995152249659143,0.995152249659143,0.0169671261930011,0.0169671261930011,0.0170497792662506,0.0170497792662506,,,112,112,6569,6569,0,0,0.0419757629325695,2.00503731710563,2.00830540994413,0.000236158706805377,0.0512653557366248,0.118514071046641,5.99628712681238e-05,0.000474454980390302
"C40R00","simulation","default_logistf_sas","default","all_outputs",2500,1,0.048,0.952,0.952,0.0304,0.0304,0.0319327731092437,0.0319327731092437,0.0036039818729665,0.0036039818729665,76,76,2380,2380,0.0816,0,0.598494682751288,15.9629329239237,72.8917799146669,0.0136451136420146,0.0668007388045831,0.255683634230647,4.87892577876181e-05,0.0423234338745825
"C40R00","simulation","default_logistf_sas","default","both_point_converged",2500,0.8704,0.048,0.8704,0.8704,0.0288,0.0288,0.0330882352941176,0.0330882352941176,0.00383442969597829,0.00383442969597829,72,72,2176,2176,0,0,0.481948458902989,9.0454972125152,51.5261761886397,0.0124500535385632,0.0627935297049536,0.0710647846847037,4.2654193108671e-05,0.000388123384736705
"C40R00","simulation","default_logistf_sas","default","common_point_converged",2500,0.8668,0.048,0.8668,0.8668,0.0288,0.0288,0.0332256575911398,0.0332256575911398,0.00385008125150397,0.00385008125150397,72,72,2167,2167,0,0,0.478866191340392,8.71713394708893,51.5261761886397,0.0124315291052602,0.0627935297049536,0.0710647846847037,4.25806721624511e-05,0.000388123384736705
"C40R00","simulation","default_logistf_sas","default","common_inference_available",2500,0.8568,0.048,0.8568,0.8568,0.0288,0.0288,0.0336134453781513,0.0336134453781513,0.00389423558695473,0.00389423558695473,72,72,2142,2142,0,0,0.468037989045201,5.7372877246985,22.6271930279481,0.0122646138619639,0.0627935297049536,0.0710647846847037,4.21227347872088e-05,0.000378662170942068
"C100R00","simulation","default_logistf_sas","default","all_outputs",2500,1,0.0032,0.9968,0.9968,0.0088,0.0088,0.00882825040128411,0.00882825040128411,0.00187386267230591,0.00187386267230591,22,22,2492,2492,0.0128,0,0.272734292780318,2.69940913066055,19.8588935808411,0.010097120633618,0.0857510774404693,0.18679883054785,2.86024425557585e-05,0.000318127388493128
"C100R00","simulation","default_logistf_sas","default","both_point_converged",2500,0.984,0.0032,0.984,0.984,0.008,0.008,0.00813008130081301,0.00813008130081301,0.00181053635753985,0.00181053635753985,20,20,2460,2460,0,0,0.249852715394617,2.2045675010718,10.8201886024748,0.0100612234721449,0.0807986215792658,0.103683891116115,2.80958595780811e-05,0.000250772307449854
"C100R00","simulation","default_logistf_sas","default","common_point_converged",2500,0.9832,0.0032,0.9832,0.9832,0.0076,0.0076,0.00772986167615948,0.00772986167615948,0.00176648471042093,0.00176648471042093,19,19,2458,2458,0,0,0.247541501744693,2.2018447117119,10.8201886024748,0.0100572854801861,0.0807986215792658,0.103683891116115,2.8077080719946e-05,0.000249643949771672
"C100R00","simulation","default_logistf_sas","default","common_inference_available",2500,0.9828,0.0032,0.9828,0.9828,0.0076,0.0076,0.00773300773300773,0.00773300773300773,0.00176720086889786,0.00176720086889786,19,19,2457,2457,0,0,0.247541501744693,2.1993813326058,10.8201886024748,0.0100572854801861,0.0807986215792658,0.103683891116115,2.8077080719946e-05,0.000249643949771672
"C40R50","simulation","default_logistf_sas","default","all_outputs",2500,1,0.048,0.952,0.952,0.0256,0.0256,0.026890756302521,0.026890756302521,0.00331584200544021,0.00331584200544021,64,64,2380,2380,0.0928,0,0.710359316622551,15.296524671059,72.8917799147048,0.0140674386272881,0.0710647846847045,0.255683634230648,5.20434649730894e-05,0.0874338891631243
"C40R50","simulation","default_logistf_sas","default","both_point_converged",2500,0.8592,0.048,0.8592,0.8592,0.0248,0.0248,0.0288640595903166,0.0288640595903166,0.00361244780843415,0.00361244780843415,62,62,2148,2148,0,0,0.519629447216142,9.12993002306012,44.7183731467124,0.0129158544698639,0.0628448575931601,0.0933674091456841,4.43151009625886e-05,0.000379098231556796
"C40R50","simulation","default_logistf_sas","default","common_point_converged",2500,0.8516,0.048,0.8516,0.8516,0.0248,0.0248,0.0291216533583842,0.0291216533583842,0.00364420324833822,0.00364420324833822,62,62,2129,2129,0,0,0.511113558247298,8.58560752910749,44.7183731467124,0.0128954602933132,0.0627935297049517,0.0933674091456841,4.40744041646512e-05,0.00037789386420517
"C40R50","simulation","default_logistf_sas","default","common_inference_available",2500,0.8404,0.048,0.8404,0.8404,0.0248,0.0248,0.0295097572584484,0.0295097572584484,0.00369203134109203,0.00369203134109203,62,62,2101,2101,0,0,0.495611631229923,5.73728772486666,18.7710031586272,0.0126959478047406,0.0627935297049517,0.0933674091456841,4.37919227112005e-05,0.000375201370544698
"C100R50","simulation","default_logistf_sas","default","all_outputs",2500,1,0.004,0.996,0.996,0.008,0.008,0.00803212851405623,0.00803212851405623,0.0017888109875649,0.0017888109875649,20,20,2490,2490,0.0128,0,0.310508793554487,2.48061904883052,10.8201886024771,0.00940666346463093,0.0870328704128648,0.138441785904885,3.07321875427369e-05,0.000369154218406109
"C100R50","simulation","default_logistf_sas","default","both_point_converged",2500,0.9832,0.004,0.9832,0.9832,0.0072,0.0072,0.00732302685109845,0.00732302685109845,0.0017197223990266,0.0017197223990266,18,18,2458,2458,0,0,0.284024620926347,2.22578895858796,10.8201886024771,0.00937248577729666,0.0860719154680853,0.103683891116115,3.01624922440791e-05,0.000305488464610981
"C100R50","simulation","default_logistf_sas","default","common_point_converged",2500,0.982,0.004,0.982,0.982,0.0072,0.0072,0.00733197556008147,0.00733197556008147,0.00172181613189211,0.00172181613189211,18,18,2455,2455,0,0,0.282978327516119,2.21490744067634,10.8201886024771,0.00936737867919396,0.0860719154680853,0.103683891116115,3.01427415499989e-05,0.000303569342829713
"C100R50","simulation","default_logistf_sas","default","common_inference_available",2500,0.9816,0.004,0.9816,0.9816,0.0072,0.0072,0.00733496332518337,0.00733496332518337,0.00172251517621021,0.00172251517621021,18,18,2454,2454,0,0,0.280763651805599,2.20580276264103,10.8201886024771,0.00935587783466851,0.0860719154680853,0.103683891116115,3.01415381459558e-05,0.000303569342829713
"C40R90","simulation","default_logistf_sas","default","all_outputs",2500,1,0.0524,0.9476,0.9476,0.0264,0.0264,0.0278598564795272,0.0278598564795272,0.00338120377881392,0.00338120377881392,66,66,2369,2369,0.1248,0,0.779874976787124,17.0946325108917,72.8928023780071,0.0143825419649026,0.0724417465330328,0.267255610405975,5.95436117645232e-05,0.0735626810920582
"C40R90","simulation","default_logistf_sas","default","both_point_converged",2500,0.8228,0.0524,0.8228,0.8228,0.024,0.024,0.0291686922702965,0.0291686922702965,0.00371033582845424,0.00371033582845424,60,60,2057,2057,0,0,0.527730690403408,8.71713394708932,55.3411259811717,0.0126087350335866,0.0632626572576612,0.0933674091456902,4.92538494178962e-05,0.000413896114129564
"C40R90","simulation","default_logistf_sas","default","common_point_converged",2500,0.8172,0.0524,0.8172,0.8172,0.0232,0.0232,0.0283896231032795,0.0283896231032795,0.0036744445874982,0.0036744445874982,58,58,2043,2043,0,0,0.520451698567573,8.51456130379157,50.7324195768278,0.0124648973877201,0.0632626572576612,0.0933674091456902,4.91889050779903e-05,0.000411242013858448
"C40R90","simulation","default_logistf_sas","default","common_inference_available",2500,0.8088,0.0524,0.8088,0.8088,0.0228,0.0228,0.0281899109792285,0.0281899109792285,0.00368084032640811,0.00368084032640811,57,57,2022,2022,0,0,0.515038402389245,7.03507762464756,50.7324195768278,0.0121988637572105,0.0632626572576612,0.0933674091456902,4.81987526281813e-05,0.000404953323507762
"C100R90","simulation","default_logistf_sas","default","all_outputs",2500,1,0.0044,0.9956,0.9956,0.0072,0.0072,0.00723182000803536,0.00723182000803536,0.00169838161656053,0.00169838161656053,18,18,2489,2489,0.0144,0,0.321854616640533,3.38696323389391,16.8290360266528,0.00859912791354889,0.0863182360262931,0.138441785904881,3.05133670720492e-05,0.000404687788173375
"C100R90","simulation","default_logistf_sas","default","both_point_converged",2500,0.9812,0.0044,0.9812,0.9812,0.0072,0.0072,0.00733795352629433,0.00733795352629433,0.00172321478836053,0.00172321478836053,18,18,2453,2453,0,0,0.312366163768,2.28862598107081,16.8290360266528,0.00850086705692843,0.0859775513291526,0.107899452709608,2.98889257485113e-05,0.000303569342829713
"C100R90","simulation","default_logistf_sas","default","common_point_converged",2500,0.9792,0.0044,0.9792,0.9792,0.0072,0.0072,0.00735294117647059,0.00735294117647059,0.00172672139085979,0.00172672139085979,18,18,2448,2448,0,0,0.30927210318554,2.2658894826523,8.42296287065124,0.00850086705692843,0.0859775513291526,0.107899452709608,2.97673678487653e-05,0.000300269024579969
"C100R90","simulation","default_logistf_sas","default","common_inference_available",2500,0.9792,0.0044,0.9792,0.9792,0.0072,0.0072,0.00735294117647059,0.00735294117647059,0.00172672139085979,0.00172672139085979,18,18,2448,2448,0,0,0.30927210318554,2.2658894826523,8.42296287065124,0.00850086705692843,0.0859775513291526,0.107899452709608,2.97673678487653e-05,0.000300269024579969
"C40R99","simulation","default_logistf_sas","default","all_outputs",2500,1,0.0532,0.9468,0.9468,0.0248,0.0248,0.0261934938741022,0.0261934938741022,0.00328272061686688,0.00328272061686688,62,62,2367,2367,0.1424,0,0.8884690871175,17.8887452198115,72.8928023782451,0.0143959803872403,0.0713109456571445,0.267255610405882,6.80795297218761e-05,0.109380122102112
"C40R99","simulation","default_logistf_sas","default","both_point_converged",2500,0.8044,0.0532,0.8044,0.8044,0.0216,0.0216,0.0268523122824465,0.0268523122824465,0.00360474200142447,0.00360474200142447,54,54,2011,2011,0,0,0.518778111792314,9.04549721244624,55.3411259811722,0.0122798199594996,0.0632725590687682,0.0818674933124915,5.29763879395413e-05,0.000413102265294008
"C40R99","simulation","default_logistf_sas","default","common_point_converged",2500,0.7896,0.0532,0.7896,0.7896,0.0208,0.0208,0.0263424518743668,0.0263424518743668,0.00360460466965873,0.00360460466965873,52,52,1974,1974,0,0,0.503523288544153,7.41660556761495,50.7324195776371,0.0119400500491358,0.0633349014695698,0.0818674933124915,5.19592914489664e-05,0.000392554682428603
"C40R99","simulation","default_logistf_sas","default","common_inference_available",2500,0.7812,0.0532,0.7812,0.7812,0.0208,0.0208,0.0266257040450589,0.0266257040450589,0.00364283386541308,0.00364283386541308,52,52,1953,1953,0,0,0.49454342003666,5.58684351765766,50.7324195776371,0.0116116140419549,0.0630907044227883,0.0725871221576275,5.13279957320164e-05,0.000387954873859453
"C100R99","simulation","default_logistf_sas","default","all_outputs",2500,1,0.0044,0.9956,0.9956,0.0084,0.0084,0.00843712334270792,0.00843712334270792,0.0018333478776548,0.0018333478776548,21,21,2489,2489,0.0176,0,0.319589433142921,3.38686294889232,48.4869025661502,0.00878089997398937,0.0899570500895528,0.140931047116738,3.26318090653199e-05,0.000442707721417746
"C100R99","simulation","default_logistf_sas","default","both_point_converged",2500,0.978,0.0044,0.978,0.978,0.0084,0.0084,0.00858895705521472,0.00858895705521472,0.00186619774331247,0.00186619774331247,21,21,2445,2445,0,0,0.302745807953269,2.24847393026477,48.4869025661502,0.0086239506277147,0.0863134191329944,0.105594079071584,3.16629483403386e-05,0.000317631526621565
"C100R99","simulation","default_logistf_sas","default","common_point_converged",2500,0.9748,0.0044,0.9748,0.9748,0.0084,0.0084,0.00861715223635618,0.00861715223635618,0.00187229733254999,0.00187229733254999,21,21,2437,2437,0,0,0.297131602576157,2.22313345114159,48.4869025661502,0.00852687203165003,0.0863134191329944,0.105594079071584,3.16038487837567e-05,0.000316332987909451
"C100R99","simulation","default_logistf_sas","default","common_inference_available",2500,0.9744,0.0044,0.9744,0.9744,0.008,0.008,0.00821018062397373,0.00821018062397373,0.00182830032669801,0.00182830032669801,20,20,2436,2436,0,0,0.296402925616795,2.22178439878595,9.41094193293981,0.00852299694578351,0.0863134191329944,0.105594079071584,3.15964999583196e-05,0.000310161740967985
"E020R1","exact","default_brglm2_sas","default","all_outputs",121,1,0.0165289256198347,0.983471074380165,0.983471074380165,0,0,0,0,,,0,0,119,119,0,0,7.5120547149421e-05,0.000460028426693118,0.000460028426694237,1.64572984988898e-05,4.31101219256091e-05,4.31101219257046e-05,6.10455089860018e-05,0.000268173578939179
"E020R1","exact","default_brglm2_sas","default","both_point_converged",121,0.983471074380165,0.0165289256198347,0.983471074380165,0.983471074380165,0,0,0,0,,,0,0,119,119,0,0,7.5120547149421e-05,0.000460028426693118,0.000460028426694237,1.64572984988898e-05,4.31101219256091e-05,4.31101219257046e-05,6.10455089860018e-05,0.000268173578939179
"E020R1","exact","default_brglm2_sas","default","common_point_converged",121,0.966942148760331,0.0165289256198347,0.966942148760331,0.966942148760331,0,0,0,0,,,0,0,117,117,0,0,7.51205471489769e-05,0.000460028426693242,0.000460028426694237,1.64572984990147e-05,4.31101219256136e-05,4.31101219257046e-05,4.57423383060096e-05,0.000268173578939201
"E020R1","exact","default_brglm2_sas","default","common_inference_available",121,0.966942148760331,0.0165289256198347,0.966942148760331,0.966942148760331,0,0,0,0,,,0,0,117,117,0,0,7.51205471489769e-05,0.000460028426693242,0.000460028426694237,1.64572984990147e-05,4.31101219256136e-05,4.31101219257046e-05,4.57423383060096e-05,0.000268173578939201
"E050R1","exact","default_brglm2_sas","default","all_outputs",676,1,0.0029585798816568,0.997041420118343,0.997041420118343,0,0,0,0,,,0,0,674,674,0,0,4.30998003706495e-05,0.00106950517000453,0.0011988971196697,2.24946507290311e-06,0.000341694361272857,0.000348117895129785,2.89532042194729e-05,0.000461468780499352
"E050R1","exact","default_brglm2_sas","default","both_point_converged",676,0.997041420118343,0.0029585798816568,0.997041420118343,0.997041420118343,0,0,0,0,,,0,0,674,674,0,0,4.30998003706495e-05,0.00106950517000453,0.0011988971196697,2.24946507290311e-06,0.000341694361272857,0.000348117895129785,2.89532042194729e-05,0.000461468780499352
"E050R1","exact","default_brglm2_sas","default","common_point_converged",676,0.994082840236686,0.0029585798816568,0.994082840236686,0.994082840236686,0,0,0,0,,,0,0,672,672,0,0,4.1379071912262e-05,0.00106950517000459,0.0011988971196697,2.24946507292045e-06,0.000341694361272866,0.000348117895129785,2.89532042190288e-05,0.000461468780499352
"E050R1","exact","default_brglm2_sas","default","common_inference_available",676,0.994082840236686,0.0029585798816568,0.994082840236686,0.994082840236686,0,0,0,0,,,0,0,672,672,0,0,4.1379071912262e-05,0.00106950517000459,0.0011988971196697,2.24946507292045e-06,0.000341694361272866,0.000348117895129785,2.89532042190288e-05,0.000461468780499352
"E100R1","exact","default_brglm2_sas","default","all_outputs",2601,1,0.000768935024990388,0.99923106497501,0.99923106497501,0,0,0,0,,,0,0,2599,2599,0,0,8.24710086106961e-05,0.000465678235746747,0.00162679718960135,2.06722161437845e-07,0.00016096304556841,0.000164632717373381,6.18056501593411e-05,0.000310181213822327
"E100R1","exact","default_brglm2_sas","default","both_point_converged",2601,0.99923106497501,0.000768935024990388,0.99923106497501,0.99923106497501,0,0,0,0,,,0,0,2599,2599,0,0,8.24710086106961e-05,0.000465678235746747,0.00162679718960135,2.06722161437845e-07,0.00016096304556841,0.000164632717373381,6.18056501593411e-05,0.000310181213822327
"E100R1","exact","default_brglm2_sas","default","common_point_converged",2601,0.998462129950019,0.000768935024990388,0.998462129950019,0.998462129950019,0,0,0,0,,,0,0,2597,2597,0,0,8.24710086124725e-05,0.000465678235747546,0.00162679718960135,2.06722161502897e-07,0.000160974413644626,0.000164632717373381,6.18056501597297e-05,0.000310189401321796
"E100R1","exact","default_brglm2_sas","default","common_inference_available",2601,0.991541714725106,0.000768935024990388,0.991541714725106,0.991541714725106,0,0,0,0,,,0,0,2579,2579,0,0,8.10424850961056e-05,0.000459631000996746,0.00162679718960135,2.06722161437845e-07,0.000161076726330569,0.000164632717373381,6.14855879643994e-05,0.000310263088817022
"E200R1","exact","default_brglm2_sas","default","all_outputs",10201,1,0.000196059209881384,0.999803940790118,0.999803940790118,0,0,0,0,,,0,0,10199,10199,0,0,3.35529296280335e-05,0.000604144367669459,0.00253401823079713,4.75901204740877e-09,5.22332954412957e-05,0.000114758509471347,2.51774413904116e-05,0.000378990456888531
"E200R1","exact","default_brglm2_sas","default","both_point_converged",10201,0.999803940790118,0.000196059209881384,0.999803940790118,0.999803940790118,0,0,0,0,,,0,0,10199,10199,0,0,3.35529296280335e-05,0.000604144367669459,0.00253401823079713,4.75901204740877e-09,5.22332954412957e-05,0.000114758509471347,2.51774413904116e-05,0.000378990456888531
"E200R1","exact","default_brglm2_sas","default","common_point_converged",10201,0.999607881580237,0.000196059209881384,0.999607881580237,0.999607881580237,0,0,0,0,,,0,0,10197,10197,0,0,3.3552929620928e-05,0.000604144367669939,0.00253401823079713,4.75901204742571e-09,5.22332954413518e-05,0.000114758509471347,2.51587750657034e-05,0.000378990456888566
"E200R1","exact","default_brglm2_sas","default","common_inference_available",10201,0.986962062542888,0.000196059209881384,0.986962062542888,0.986962062542888,0,0,0,0,,,0,0,10068,10068,0,0,3.29951401626671e-05,0.000525814822386915,0.00253401822998889,4.48540313836051e-09,5.22332954447391e-05,0.000114758509471347,2.50580074512285e-05,0.000344836461873812
"E020R4","exact","default_brglm2_sas","default","all_outputs",85,1,0.0235294117647059,0.976470588235294,0.976470588235294,0,0,0,0,,,0,0,83,83,0,0,0.000191152032296138,0.000912277290805008,0.000912277290805008,2.24206891630829e-05,0.000136361479226395,0.000136361479226577,0.000131811722805963,0.000406475073359749
"E020R4","exact","default_brglm2_sas","default","both_point_converged",85,0.976470588235294,0.0235294117647059,0.976470588235294,0.976470588235294,0,0,0,0,,,0,0,83,83,0,0,0.000191152032296138,0.000912277290805008,0.000912277290805008,2.24206891630829e-05,0.000136361479226395,0.000136361479226577,0.000131811722805963,0.000406475073359749
"E020R4","exact","default_brglm2_sas","default","common_point_converged",85,0.952941176470588,0.0235294117647059,0.952941176470588,0.952941176470588,0,0,0,0,,,0,0,81,81,0,0,0.000191152032296138,0.000912277290805008,0.000912277290805008,2.2420689163527e-05,0.000136361479226399,0.000136361479226577,0.000131811722807074,0.000406475073359758
"E020R4","exact","default_brglm2_sas","default","common_inference_available",85,0.952941176470588,0.0235294117647059,0.952941176470588,0.952941176470588,0,0,0,0,,,0,0,81,81,0,0,0.000191152032296138,0.000912277290805008,0.000912277290805008,2.2420689163527e-05,0.000136361479226399,0.000136361479226577,0.000131811722807074,0.000406475073359758
"E050R4","exact","default_brglm2_sas","default","all_outputs",451,1,0.00443458980044346,0.995565410199557,0.995565410199557,0,0,0,0,,,0,0,449,449,0,0,0.000133990771021608,0.00141609963229605,0.00148558861012305,1.39994128911802e-05,0.000258925486253534,0.000291182396965795,0.000111760249028592,0.000609691585327319
"E050R4","exact","default_brglm2_sas","default","both_point_converged",451,0.995565410199557,0.00443458980044346,0.995565410199557,0.995565410199557,0,0,0,0,,,0,0,449,449,0,0,0.000133990771021608,0.00141609963229605,0.00148558861012305,1.39994128911802e-05,0.000258925486253534,0.000291182396965795,0.000111760249028592,0.000609691585327319
"E050R4","exact","default_brglm2_sas","default","common_point_converged",451,0.991130820399113,0.00443458980044346,0.991130820399113,0.991130820399113,0,0,0,0,,,0,0,447,447,0,0,0.000134560959490493,0.00141609963229605,0.00148558861012305,1.4340935915208e-05,0.000258925486253565,0.000291182396965795,0.00011322738169417,0.000609691585327328
"E050R4","exact","default_brglm2_sas","default","common_inference_available",451,0.991130820399113,0.00443458980044346,0.991130820399113,0.991130820399113,0,0,0,0,,,0,0,447,447,0,0,0.000134560959490493,0.00141609963229605,0.00148558861012305,1.4340935915208e-05,0.000258925486253565,0.000291182396965795,0.00011322738169417,0.000609691585327328
"E100R4","exact","default_brglm2_sas","default","all_outputs",1701,1,0.00117577895355673,0.998824221046443,0.998824221046443,0,0,0,0,,,0,0,1699,1699,0,0,0.000103636660626183,0.00100414433648599,0.00186672000904498,2.4852862861649e-06,0.000374978300962561,0.000477622521197429,7.38117178427089e-05,0.000514049230022637
"E100R4","exact","default_brglm2_sas","default","both_point_converged",1701,0.998824221046443,0.00117577895355673,0.998824221046443,0.998824221046443,0,0,0,0,,,0,0,1699,1699,0,0,0.000103636660626183,0.00100414433648599,0.00186672000904498,2.4852862861649e-06,0.000374978300962561,0.000477622521197429,7.38117178427089e-05,0.000514049230022637
"E100R4","exact","default_brglm2_sas","default","common_point_converged",1701,0.997648442092887,0.00117577895355673,0.997648442092887,0.997648442092887,0,0,0,0,,,0,0,1697,1697,0,0,0.000103340868948365,0.00100414433648609,0.00186672000904498,2.48528628617184e-06,0.000374978300962563,0.000477622521197429,7.36258063428474e-05,0.000514049230022646
"E100R4","exact","default_brglm2_sas","default","common_inference_available",1701,0.997648442092887,0.00117577895355673,0.997648442092887,0.997648442092887,0,0,0,0,,,0,0,1697,1697,0,0,0.000103340868948365,0.00100414433648609,0.00186672000904498,2.48528628617184e-06,0.000374978300962563,0.000477622521197429,7.36258063428474e-05,0.000514049230022646
"E200R4","exact","default_brglm2_sas","default","all_outputs",6601,1,0.00030298439630359,0.999697015603697,0.999697015603697,0,0,0,0,,,0,0,6599,6599,0,0,7.25258661763428e-05,0.000863676847654668,0.00330365073908823,2.8056937037156e-07,0.000426568277718282,0.000812644995964451,5.97708005073416e-05,0.000470417789148982
"E200R4","exact","default_brglm2_sas","default","both_point_converged",6601,0.999697015603697,0.00030298439630359,0.999697015603697,0.999697015603697,0,0,0,0,,,0,0,6599,6599,0,0,7.25258661763428e-05,0.000863676847654668,0.00330365073908823,2.8056937037156e-07,0.000426568277718282,0.000812644995964451,5.97708005073416e-05,0.000470417789148982
"E200R4","exact","default_brglm2_sas","default","common_point_converged",6601,0.999394031207393,0.00030298439630359,0.999394031207393,0.999394031207393,0,0,0,0,,,0,0,6597,6597,0,0,7.25258661781192e-05,0.000864344807909382,0.00330365073908823,2.80569370374162e-07,0.000426754586291666,0.000812644995964451,5.97708005164455e-05,0.000470703287435298
"E200R4","exact","default_brglm2_sas","default","common_inference_available",6601,0.995152249659143,0.00030298439630359,0.995152249659143,0.995152249659143,0,0,0,0,,,0,0,6569,6569,0,0,7.29746255927477e-05,0.000855168895529875,0.00330365073908823,2.87506269189405e-07,0.000429362906318984,0.000812644995964451,6.00502312813056e-05,0.00047454384245119
"C40R00","simulation","default_brglm2_sas","default","all_outputs",2500,1,0.048,0.952,0.952,0,0,0,0,0,0,0,0,2380,2380,0.0448,0,9.45986111728914e-05,0.0888374762562369,3.02425596200911,1.61663107988708e-05,0.00816926904906518,0.149134119970226,4.97279996406474e-05,0.0427597715299466
"C40R00","simulation","default_brglm2_sas","default","both_point_converged",2500,0.9072,0.048,0.9072,0.9072,0,0,0,0,0,0,0,0,2268,2268,0,0,8.91154695197294e-05,0.00103323993427118,0.0025949352768766,1.51664826518738e-05,0.000120536259903714,0.000242655990769225,4.57663063596625e-05,0.000483716719013483
"C40R00","simulation","default_brglm2_sas","default","common_point_converged",2500,0.8668,0.048,0.8668,0.8668,0,0,0,0,0,0,0,0,2167,2167,0,0,8.31590475529609e-05,0.000776072847530784,0.00224676780030109,1.4640380303188e-05,0.000102502208119248,0.000175328822041299,4.31886096472489e-05,0.000390880574361763
"C40R00","simulation","default_brglm2_sas","default","common_inference_available",2500,0.8568,0.048,0.8568,0.8568,0,0,0,0,0,0,0,0,2142,2142,0,0,8.24865434143618e-05,0.000756792397210049,0.00179758471789526,1.45819898079713e-05,0.000102502208119248,0.000175328822041299,4.29900946949946e-05,0.000383743409685611
"C100R00","simulation","default_brglm2_sas","default","all_outputs",2500,1,0.0032,0.9968,0.9968,0,0,0,0,0,0,0,0,2492,2492,0.0048,0,5.4272691521362e-05,0.000628844172442911,0.754807121989035,9.37825095159717e-06,0.000142893688956036,0.0589333055316638,2.88917974244907e-05,0.000324205694855362
"C100R00","simulation","default_brglm2_sas","default","both_point_converged",2500,0.992,0.0032,0.992,0.992,0,0,0,0,0,0,0,0,2480,2480,0,0,5.40838225924212e-05,0.000547856061132279,0.00146549924111916,9.31898877348791e-06,0.000126520655421736,0.000214603035160965,2.86397352182721e-05,0.000262207841902562
"C100R00","simulation","default_brglm2_sas","default","common_point_converged",2500,0.9832,0.0032,0.9832,0.9832,0,0,0,0,0,0,0,0,2458,2458,0,0,5.37297526355118e-05,0.00046813459717221,0.00112772350516011,9.30275401378466e-06,0.000120688339861119,0.000214603035160965,2.82948396668724e-05,0.000251248072690169
"C100R00","simulation","default_brglm2_sas","default","common_inference_available",2500,0.9828,0.0032,0.9828,0.9828,0,0,0,0,0,0,0,0,2457,2457,0,0,5.37297526355118e-05,0.00046813459717221,0.00112772350516011,9.30562929651879e-06,0.000120688339861119,0.000214603035160965,2.82948396668724e-05,0.000251248072690169
"C40R50","simulation","default_brglm2_sas","default","all_outputs",2500,1,0.048,0.952,0.952,0,0,0,0,0,0,0,0,2380,2380,0.0552,0,0.000103272653286357,0.211867103612574,3.08347195864374,1.67535630044569e-05,0.015068845552203,0.149134119970224,5.32521599043712e-05,0.104923336131143
"C40R50","simulation","default_brglm2_sas","default","both_point_converged",2500,0.8968,0.048,0.8968,0.8968,0,0,0,0,0,0,0,0,2242,2242,0,0,9.44479776805451e-05,0.00108072924436531,0.822178567386327,1.54064355384065e-05,0.000125572491827874,0.0324995866198568,4.80574625270069e-05,0.000522765358190735
"C40R50","simulation","default_brglm2_sas","default","common_point_converged",2500,0.8516,0.048,0.8516,0.8516,0,0,0,0,0,0,0,0,2129,2129,0,0,8.82779762712005e-05,0.000759935026089842,0.822178567386327,1.4852168978563e-05,0.00010833414142708,0.0324995866198568,4.47702417152307e-05,0.00038411880722844
"C40R50","simulation","default_brglm2_sas","default","common_inference_available",2500,0.8404,0.048,0.8404,0.8404,0,0,0,0,0,0,0,0,2101,2101,0,0,8.71110483502413e-05,0.000757963106368109,0.822178567386327,1.48494213727535e-05,0.00010833414142708,0.0324995866198568,4.45284886048114e-05,0.000383424406142474
"C100R50","simulation","default_brglm2_sas","default","all_outputs",2500,1,0.004,0.996,0.996,0,0,0,0,0,0,0,0,2490,2490,0.0036,0,5.90589702607058e-05,0.00069440538521448,0.175320711658193,9.90553789215198e-06,0.000145981629297132,0.0214825868217089,3.09264116085117e-05,0.000370364493344377
"C100R50","simulation","default_brglm2_sas","default","both_point_converged",2500,0.9924,0.004,0.9924,0.9924,0,0,0,0,0,0,0,0,2481,2481,0,0,5.88130191572223e-05,0.000598053762733031,0.00165757019950163,9.74771931722129e-06,0.000128467527949039,0.000228714319949752,3.08294215780602e-05,0.000324904530650372
"C100R50","simulation","default_brglm2_sas","default","common_point_converged",2500,0.982,0.004,0.982,0.982,0,0,0,0,0,0,0,0,2455,2455,0,0,5.83014804855786e-05,0.000562021817505531,0.00112772350516721,9.73316382185674e-06,0.000124437994030835,0.000228714319949752,3.0335352912747e-05,0.00030489266449818
"C100R50","simulation","default_brglm2_sas","default","common_inference_available",2500,0.9816,0.004,0.9816,0.9816,0,0,0,0,0,0,0,0,2454,2454,0,0,5.82540342044524e-05,0.000562021817505531,0.00112772350516721,9.73316382185674e-06,0.000124437994030835,0.000228714319949752,3.03303040880554e-05,0.00030489266449818
"C40R90","simulation","default_brglm2_sas","default","all_outputs",2500,1,0.0524,0.9476,0.9476,0,0,0,0,0,0,0,0,2369,2369,0.0708,0,0.000120229487800216,0.170810275256976,3.08347099813487,1.85546974595385e-05,0.0127922489879879,0.149134119970223,6.11694948414732e-05,0.0921243633109812
"C40R90","simulation","default_brglm2_sas","default","both_point_converged",2500,0.8768,0.0524,0.8768,0.8768,0,0,0,0,0,0,0,0,2192,2192,0,0,0.000106024428985663,0.00136747908677215,0.822177888517186,1.66633198819266e-05,0.000140038136743792,0.0324995632427929,5.35546730240366e-05,0.000672902927800312
"C40R90","simulation","default_brglm2_sas","default","common_point_converged",2500,0.8172,0.0524,0.8172,0.8172,0,0,0,0,0,0,0,0,2043,2043,0,0,9.62683767058437e-05,0.000805526861296535,0.822177888517186,1.58853736442754e-05,0.000121638971682159,0.0324995632427929,4.94318688493145e-05,0.000413453118032425
"C40R90","simulation","default_brglm2_sas","default","common_inference_available",2500,0.8088,0.0524,0.8088,0.8088,0,0,0,0,0,0,0,0,2022,2022,0,0,9.48954606103669e-05,0.00079831548212983,0.822177888517186,1.58964717691945e-05,0.000121638971682159,0.0324995632427929,4.87291820407409e-05,0.000412144091077593
"C100R90","simulation","default_brglm2_sas","default","all_outputs",2500,1,0.0044,0.9956,0.9956,0,0,0,0,0,0,0,0,2489,2489,0.0056,0,6.51291373814367e-05,0.00078481102196104,0.241022749546409,1.02459625095919e-05,0.000153338602704889,0.0324113817790668,3.08294215780602e-05,0.000409787506645554
"C100R90","simulation","default_brglm2_sas","default","both_point_converged",2500,0.99,0.0044,0.99,0.99,0,0,0,0,0,0,0,0,2475,2475,0,0,6.45482552139587e-05,0.000584214462004518,0.00142441305174312,1.01651812173253e-05,0.000128858045371216,0.000198660075599544,3.0356403428522e-05,0.000317551309743619
"C100R90","simulation","default_brglm2_sas","default","common_point_converged",2500,0.9792,0.0044,0.9792,0.9792,0,0,0,0,0,0,0,0,2448,2448,0,0,6.37014201867458e-05,0.000533537184592703,0.00123938563534232,1.00657894049339e-05,0.000125538016511384,0.000198660075599544,3.00323091053656e-05,0.000301975502751239
"C100R90","simulation","default_brglm2_sas","default","common_inference_available",2500,0.9792,0.0044,0.9792,0.9792,0,0,0,0,0,0,0,0,2448,2448,0,0,6.37014201867458e-05,0.000533537184592703,0.00123938563534232,1.00657894049339e-05,0.000125538016511384,0.000198660075599544,3.00323091053656e-05,0.000301975502751239
"C40R99","simulation","default_brglm2_sas","default","all_outputs",2500,1,0.0532,0.9468,0.9468,0,0,0,0,0,0,0,0,2367,2367,0.0736,0,0.000132887664127335,0.211868827161317,5.46074279205826,2.02559345163777e-05,0.0145055383452585,0.233933731656966,6.93611235340619e-05,0.111407283156596
"C40R99","simulation","default_brglm2_sas","default","both_point_converged",2500,0.8732,0.0532,0.8732,0.8732,0,0,0,0,0,0,0,0,2183,2183,0,0,0.000117016418579308,0.00137571679457515,0.00331377587328952,1.80611860742808e-05,0.000150654324193034,0.000292252184741049,5.88625839837986e-05,0.000689433330285982
"C40R99","simulation","default_brglm2_sas","default","common_point_converged",2500,0.7896,0.0532,0.7896,0.7896,0,0,0,0,0,0,0,0,1974,1974,0,0,0.000102430771014017,0.000799123068253138,0.00179758471787395,1.64766568196972e-05,0.000126130203848662,0.000191425176372495,5.21418595387235e-05,0.000393455130974107
"C40R99","simulation","default_brglm2_sas","default","common_inference_available",2500,0.7812,0.0532,0.7812,0.7812,0,0,0,0,0,0,0,0,1953,1953,0,0,0.000100495745099405,0.000774869114851917,0.00179758471787395,1.64766568196972e-05,0.000126130203848662,0.000191425176372495,5.14000710711351e-05,0.000389017727452146
"C100R99","simulation","default_brglm2_sas","default","all_outputs",2500,1,0.0044,0.9956,0.9956,0,0,0,0,0,0,0,0,2489,2489,0.006,0,6.68491991160369e-05,0.000932479705069156,0.295780735490587,1.12803382693594e-05,0.00015443551906491,0.0440738942034482,3.27119613611204e-05,0.000481163273023277
"C100R99","simulation","default_brglm2_sas","default","both_point_converged",2500,0.9896,0.0044,0.9896,0.9896,0,0,0,0,0,0,0,0,2474,2474,0,0,6.62519329770461e-05,0.000612776040630258,0.00158908883208841,1.10655636095247e-05,0.000127539447850933,0.000204840045270549,3.23575436802503e-05,0.000324552182332294
"C100R99","simulation","default_brglm2_sas","default","common_point_converged",2500,0.9748,0.0044,0.9748,0.9748,0,0,0,0,0,0,0,0,2437,2437,0,0,6.51794246322446e-05,0.000564555398949729,0.00151515893205723,1.10484393428534e-05,0.000125538016511939,0.000198844155933742,3.17250620820442e-05,0.000316742201042164
"C100R99","simulation","default_brglm2_sas","default","common_inference_available",2500,0.9744,0.0044,0.9744,0.9744,0,0,0,0,0,0,0,0,2436,2436,0,0,6.51599343632903e-05,0.000548768712096415,0.00151515893205723,1.10484393428534e-05,0.000125538016511939,0.000198844155933742,3.17232840419956e-05,0.000311178348245011
"E020R1","exact","default_fl_sas","default","all_outputs",121,1,0.0165289256198347,0.983471074380165,0.983471074380165,0.0991735537190083,0.0991735537190083,0.100840336134454,0.100840336134454,,,12,12,119,119,0,0.983471074380165,0.268605250589172,1.72367462149163,1.72367462149168,0.0263621489310528,0.0883614968053048,0.0883614968053053,6.30744184499932e-05,0.000269384046275345
"E020R1","exact","default_fl_sas","default","both_point_converged",121,0,0.0165289256198347,0,0,0,0,,,,,0,0,0,0,0,0,,,,,,,,
"E020R1","exact","default_fl_sas","default","common_point_converged",121,0.966942148760331,0.0165289256198347,0.966942148760331,0.966942148760331,0.0991735537190083,0.0991735537190083,0.102564102564103,0.102564102564103,,,12,12,117,117,0,0.966942148760331,0.246192302488915,1.72367462149163,1.72367462149168,0.0263621489310542,0.0883614968053048,0.0883614968053053,5.14985193333928e-05,0.000269384046275389
"E020R1","exact","default_fl_sas","default","common_inference_available",121,0.966942148760331,0.0165289256198347,0.966942148760331,0.966942148760331,0.0991735537190083,0.0991735537190083,0.102564102564103,0.102564102564103,,,12,12,117,117,0,0.966942148760331,0.246192302488915,1.72367462149163,1.72367462149168,0.0263621489310542,0.0883614968053048,0.0883614968053053,5.14985193333928e-05,0.000269384046275389
"E050R1","exact","default_fl_sas","default","all_outputs",676,1,0.0029585798816568,0.997041420118343,0.997041420118343,0.0532544378698225,0.0532544378698225,0.0534124629080119,0.0534124629080119,,,36,36,674,674,0,0.997041420118343,0.0988210473629918,1.92066032252458,1.92074464381007,0.00646996253988069,0.0814982728119103,0.0878619676307825,3.02800454199392e-05,0.000460762096369782
"E050R1","exact","default_fl_sas","default","both_point_converged",676,0,0.0029585798816568,0,0,0,0,,,,,0,0,0,0,0,0,,,,,,,,
"E050R1","exact","default_fl_sas","default","common_point_converged",676,0.994082840236686,0.0029585798816568,0.994082840236686,0.994082840236686,0.0532544378698225,0.0532544378698225,0.0535714285714286,0.0535714285714286,,,36,36,672,672,0,0.994082840236686,0.0988210473629902,1.92066032252458,1.92074464381007,0.00646996253994597,0.0814982728119103,0.0878619676307825,3.02800454197172e-05,0.000460762096369871
"E050R1","exact","default_fl_sas","default","common_inference_available",676,0.994082840236686,0.0029585798816568,0.994082840236686,0.994082840236686,0.0532544378698225,0.0532544378698225,0.0535714285714286,0.0535714285714286,,,36,36,672,672,0,0.994082840236686,0.0988210473629902,1.92066032252458,1.92074464381007,0.00646996253994597,0.0814982728119103,0.0878619676307825,3.02800454197172e-05,0.000460762096369871
"E100R1","exact","default_fl_sas","default","all_outputs",2601,1,0.000768935024990388,0.945405613225683,0.945405613225683,0.0207612456747405,0.0207612456747405,0.021960146400976,0.021960146400976,,,54,54,2459,2459,0,0.945405613225683,0.0443520033336826,1.92243602171754,1.95744999455577,0.00101564395788546,0.0396466641844165,0.087258454652014,5.99266933671849e-05,0.000303640733666661
"E100R1","exact","default_fl_sas","default","both_point_converged",2601,0,0.000768935024990388,0,0,0,0,,,,,0,0,0,0,0,0,,,,,,,,
"E100R1","exact","default_fl_sas","default","common_point_converged",2601,0.998462129950019,0.000768935024990388,0.944636678200692,0.944636678200692,0.0207612456747405,0.0207612456747405,0.021978021978022,0.021978021978022,,,54,54,2457,2457,0,0.944636678200692,0.0443520033336764,1.92243602171754,1.95744999455577,0.00101564395788555,0.0396466641844165,0.087258454652014,5.99266933698495e-05,0.000303640733666679
"E100R1","exact","default_fl_sas","default","common_inference_available",2601,0.991541714725106,0.000768935024990388,0.943867743175702,0.943867743175702,0.0199923106497501,0.0199923106497501,0.0211812627291242,0.0211812627291242,,,52,52,2455,2455,0,0.943867743175702,0.0443520033336484,1.92243602171608,1.95744999455577,0.00101564395788546,0.039646664184403,0.087258454652014,5.99266933671849e-05,0.000303640733666697
"E200R1","exact","default_fl_sas","default","all_outputs",10201,1,0.000196059209881384,0.963336927752181,0.963336927752181,0.00568571708656014,0.00568571708656014,0.00590210644143686,0.00590210644143686,,,58,58,9827,9827,0,0.963336927752181,0.0222897257593322,0.53093187780369,1.92175530182129,1.15053294112271e-05,0.0154310063689527,0.0868742022255248,2.50031568959641e-05,0.000304226850740672
"E200R1","exact","default_fl_sas","default","both_point_converged",10201,0,0.000196059209881384,0,0,0,0,,,,,0,0,0,0,0,0,,,,,,,,
"E200R1","exact","default_fl_sas","default","common_point_converged",10201,0.999607881580237,0.000196059209881384,0.9631408685423,0.9631408685423,0.00568571708656014,0.00568571708656014,0.00590330788804071,0.00590330788804071,,,58,58,9825,9825,0,0.9631408685423,0.0222817577765702,0.53093187780346,1.92175530182129,1.15053294112273e-05,0.0154310063689528,0.0868742022255248,2.50031568945208e-05,0.00030422685074071
"E200R1","exact","default_fl_sas","default","common_inference_available",10201,0.986962062542888,0.000196059209881384,0.963042838937359,0.963042838937359,0.00568571708656014,0.00568571708656014,0.00590390879478827,0.00590390879478827,,,58,58,9824,9824,0,0.963042838937359,0.0222817577765517,0.53093187780346,1.92175530182129,1.15053294112282e-05,0.0154310063689528,0.0868742022255248,2.50031568952425e-05,0.000304226850740729
"E020R4","exact","default_fl_sas","default","all_outputs",85,1,0.0235294117647059,0.976470588235294,0.976470588235294,0.117647058823529,0.117647058823529,0.120481927710843,0.120481927710843,,,10,10,83,83,0,0.976470588235294,0.356135841466076,1.54779583980393,1.54779583980402,0.0388685680906349,0.127236048899647,0.127236048899648,0.000129653155646281,0.000419831464129654
"E020R4","exact","default_fl_sas","default","both_point_converged",85,0,0.0235294117647059,0,0,0,0,,,,,0,0,0,0,0,0,,,,,,,,
"E020R4","exact","default_fl_sas","default","common_point_converged",85,0.952941176470588,0.0235294117647059,0.952941176470588,0.952941176470588,0.117647058823529,0.117647058823529,0.123456790123457,0.123456790123457,,,10,10,81,81,0,0.952941176470588,0.33628523253763,1.54779583980393,1.54779583980402,0.0388685680906394,0.127236048899647,0.127236048899648,0.000129653155647391,0.000419831464129672
"E020R4","exact","default_fl_sas","default","common_inference_available",85,0.952941176470588,0.0235294117647059,0.952941176470588,0.952941176470588,0.117647058823529,0.117647058823529,0.123456790123457,0.123456790123457,,,10,10,81,81,0,0.952941176470588,0.33628523253763,1.54779583980393,1.54779583980402,0.0388685680906394,0.127236048899647,0.127236048899648,0.000129653155647391,0.000419831464129672
"E050R4","exact","default_fl_sas","default","all_outputs",451,1,0.00443458980044346,0.995565410199557,0.995565410199557,0.0665188470066519,0.0665188470066519,0.066815144766147,0.066815144766147,,,30,30,449,449,0,0.995565410199557,0.172524372087147,1.84066536438472,1.84641377048496,0.0095686223925876,0.118717629008259,0.12080658190018,0.000118972911952953,0.000604102132496145
"E050R4","exact","default_fl_sas","default","both_point_converged",451,0,0.00443458980044346,0,0,0,0,,,,,0,0,0,0,0,0,,,,,,,,
"E050R4","exact","default_fl_sas","default","common_point_converged",451,0.991130820399113,0.00443458980044346,0.991130820399113,0.991130820399113,0.0665188470066519,0.0665188470066519,0.0671140939597315,0.0671140939597315,,,30,30,447,447,0,0.991130820399113,0.172524372087136,1.84066536438472,1.84641377048496,0.00958984869585167,0.118717629008259,0.12080658190018,0.000122133358071874,0.000604102132496225
"E050R4","exact","default_fl_sas","default","common_inference_available",451,0.991130820399113,0.00443458980044346,0.991130820399113,0.991130820399113,0.0665188470066519,0.0665188470066519,0.0671140939597315,0.0671140939597315,,,30,30,447,447,0,0.991130820399113,0.172524372087136,1.84066536438472,1.84641377048496,0.00958984869585167,0.118717629008259,0.12080658190018,0.000122133358071874,0.000604102132496225
"E100R4","exact","default_fl_sas","default","all_outputs",1701,1,0.00117577895355673,0.990593768371546,0.990593768371546,0.0352733686067019,0.0352733686067019,0.0356083086053412,0.0356083086053412,,,60,60,1685,1685,0,0.990593768371546,0.086893255243603,1.94915258766592,1.94972388460375,0.00228356602075261,0.0999971620376293,0.119236762321255,7.71539361090756e-05,0.000512427045953849
"E100R4","exact","default_fl_sas","default","both_point_converged",1701,0,0.00117577895355673,0,0,0,0,,,,,0,0,0,0,0,0,,,,,,,,
"E100R4","exact","default_fl_sas","default","common_point_converged",1701,0.997648442092887,0.00117577895355673,0.989417989417989,0.989417989417989,0.0352733686067019,0.0352733686067019,0.035650623885918,0.035650623885918,,,60,60,1683,1683,0,0.989417989417989,0.0868932552435734,1.94915258766593,1.94972388460375,0.00236468071307276,0.0999971620376294,0.119236762321255,7.71539361080764e-05,0.000512427045953858
"E100R4","exact","default_fl_sas","default","common_inference_available",1701,0.997648442092887,0.00117577895355673,0.989417989417989,0.989417989417989,0.0352733686067019,0.0352733686067019,0.035650623885918,0.035650623885918,,,60,60,1683,1683,0,0.989417989417989,0.0868932552435734,1.94915258766593,1.94972388460375,0.00236468071307276,0.0999971620376294,0.119236762321255,7.71539361080764e-05,0.000512427045953858
"E200R4","exact","default_fl_sas","default","all_outputs",6601,1,0.00030298439630359,0.948189668232086,0.948189668232086,0.0127253446447508,0.0127253446447508,0.0134206742291101,0.0134206742291101,,,84,84,6259,6259,0,0.948189668232086,0.039092138603984,0.520487390801982,1.97575691410795,0.000193606684757298,0.0412395909044969,0.118514071046725,5.77811814764795e-05,0.000421104595274278
"E200R4","exact","default_fl_sas","default","both_point_converged",6601,0,0.00030298439630359,0,0,0,0,,,,,0,0,0,0,0,0,,,,,,,,
"E200R4","exact","default_fl_sas","default","common_point_converged",6601,0.999394031207393,0.00030298439630359,0.947886683835782,0.947886683835782,0.0127253446447508,0.0127253446447508,0.0134249640402749,0.0134249640402749,,,84,84,6257,6257,0,0.947886683835782,0.039067352090298,0.520342850754147,1.97575691410795,0.000193606684757873,0.041239590904497,0.118514071046725,5.77811814765905e-05,0.000421104595274375
"E200R4","exact","default_fl_sas","default","common_inference_available",6601,0.995152249659143,0.00030298439630359,0.947886683835782,0.947886683835782,0.0127253446447508,0.0127253446447508,0.0134249640402749,0.0134249640402749,,,84,84,6257,6257,0,0.947886683835782,0.039067352090298,0.520342850754147,1.97575691410795,0.000193606684757873,0.041239590904497,0.118514071046725,5.77811814765905e-05,0.000421104595274375
"C40R00","simulation","default_fl_sas","default","all_outputs",2500,1,0.048,0.952,0.952,0.0304,0.0304,0.0319327731092437,0.0319327731092437,0.0036039818729665,0.0036039818729665,76,76,2380,2380,0.0448,0.9072,0.597890661571396,16.2816052088207,72.8915153378586,0.0136451136812963,0.0668007388354835,0.255673032650204,4.56408624158744e-05,0.0427072220628406
"C40R00","simulation","default_fl_sas","default","both_point_converged",2500,0,0.048,0,0,0,0,,,,,0,0,0,0,0,0,,,,,,,,
"C40R00","simulation","default_fl_sas","default","common_point_converged",2500,0.8668,0.048,0.8668,0.8668,0.0288,0.0288,0.0332256575911398,0.0332256575911398,0.00385008125150397,0.00385008125150397,72,72,2167,2167,0,0.8668,0.477154003892853,8.71715274503516,51.5264541680804,0.0124315291111122,0.0627935296885473,0.0710647846865535,4.11760081888701e-05,0.000367440254905649
"C40R00","simulation","default_fl_sas","default","common_inference_available",2500,0.8568,0.048,0.8568,0.8568,0.0288,0.0288,0.0336134453781513,0.0336134453781513,0.00389423558695473,0.00389423558695473,72,72,2142,2142,0,0.8568,0.467969861803673,5.67939344868781,22.626365100772,0.0122646138501945,0.0627935296885473,0.0710647846865535,4.10181463389447e-05,0.000366899809336907
"C100R00","simulation","default_fl_sas","default","all_outputs",2500,1,0.0032,0.9968,0.9968,0.0088,0.0088,0.00882825040128411,0.00882825040128411,0.00187386267230591,0.00187386267230591,22,22,2492,2492,0.0048,0.992,0.272715887709655,2.69920718539253,19.8588947509993,0.0100971206372154,0.0857510774488264,0.18679345425238,2.77914823556547e-05,0.000311846079957601
"C100R00","simulation","default_fl_sas","default","both_point_converged",2500,0,0.0032,0,0,0,0,,,,,0,0,0,0,0,0,,,,,,,,
"C100R00","simulation","default_fl_sas","default","common_point_converged",2500,0.9832,0.0032,0.9832,0.9832,0.0076,0.0076,0.00772986167615948,0.00772986167615948,0.00176648471042093,0.00176648471042093,19,19,2458,2458,0,0.9832,0.247527643856693,2.20185214589896,10.8206005141582,0.0100572854556636,0.0807986215507488,0.103683891117534,2.72793032514151e-05,0.000244682808475671
"C100R00","simulation","default_fl_sas","default","common_inference_available",2500,0.9828,0.0032,0.9828,0.9828,0.0076,0.0076,0.00773300773300773,0.00773300773300773,0.00176720086889786,0.00176720086889786,19,19,2457,2457,0,0.9828,0.247527643856693,2.19906464491594,10.8206005141582,0.0100572854556636,0.0807986215507488,0.103683891117534,2.72793032514151e-05,0.000244682808475671
"C40R50","simulation","default_fl_sas","default","all_outputs",2500,1,0.048,0.952,0.952,0.0256,0.0256,0.026890756302521,0.026890756302521,0.00331584200544021,0.00331584200544021,64,64,2380,2380,0.0552,0.8968,0.710350411683592,15.2957917902265,72.8907338495972,0.0140674384980316,0.0710647846865531,0.255673032650205,4.9750543782201e-05,0.0981263409144875
"C40R50","simulation","default_fl_sas","default","both_point_converged",2500,0,0.048,0,0,0,0,,,,,0,0,0,0,0,0,,,,,,,,
"C40R50","simulation","default_fl_sas","default","common_point_converged",2500,0.8516,0.048,0.8516,0.8516,0.0248,0.0248,0.0291216533583842,0.0291216533583842,0.00364420324833822,0.00364420324833822,62,62,2129,2129,0,0.8516,0.509470467806425,8.58565347524393,44.7211426625387,0.0128954603232009,0.062793529688547,0.0933674096172242,4.19366230808293e-05,0.000363067170337628
"C40R50","simulation","default_fl_sas","default","common_inference_available",2500,0.8404,0.048,0.8404,0.8404,0.0248,0.0248,0.0295097572584484,0.0295097572584484,0.00369203134109203,0.00369203134109203,62,62,2101,2101,0,0.8404,0.494985927761599,5.67944874358946,18.7696820624148,0.0126959478142261,0.062793529688547,0.0933674096172242,4.18349732431711e-05,0.00036145100645113
"C100R50","simulation","default_fl_sas","default","all_outputs",2500,1,0.004,0.996,0.996,0.008,0.008,0.00803212851405623,0.00803212851405623,0.0017888109875649,0.0017888109875649,20,20,2490,2490,0.0036,0.9924,0.310500410161211,2.48059911611614,10.8202344597451,0.00940666346157659,0.0870328704081572,0.138441781132795,2.96796059825466e-05,0.000363301031271357
"C100R50","simulation","default_fl_sas","default","both_point_converged",2500,0,0.004,0,0,0,0,,,,,0,0,0,0,0,0,,,,,,,,
"C100R50","simulation","default_fl_sas","default","common_point_converged",2500,0.982,0.004,0.982,0.982,0.0072,0.0072,0.00733197556008147,0.00733197556008147,0.00172181613189211,0.00172181613189211,18,18,2455,2455,0,0.982,0.28292992371627,2.21468686101232,10.8202344597451,0.00936737867353382,0.0860719154700089,0.103683891117533,2.90090705368229e-05,0.000288897383678099
"C100R50","simulation","default_fl_sas","default","common_inference_available",2500,0.9816,0.004,0.9816,0.9816,0.0072,0.0072,0.00733496332518337,0.00733496332518337,0.00172251517621021,0.00172251517621021,18,18,2454,2454,0,0.9816,0.280743293079967,2.20577052208533,10.8202344597451,0.00935587744531508,0.0860719154700089,0.103683891117533,2.89850052519469e-05,0.000288897383678099
"C40R90","simulation","default_fl_sas","default","all_outputs",2500,1,0.0524,0.9476,0.9476,0.0264,0.0264,0.0278598564795272,0.0278598564795272,0.00338120377881392,0.00338120377881392,66,66,2369,2369,0.0708,0.8768,0.779878091088948,17.0946358097428,91.3732156650657,0.014382541966103,0.0724236145182542,0.267255609610398,5.82126048741527e-05,0.0878548511033522
"C40R90","simulation","default_fl_sas","default","both_point_converged",2500,0,0.0524,0,0,0,0,,,,,0,0,0,0,0,0,,,,,,,,
"C40R90","simulation","default_fl_sas","default","common_point_converged",2500,0.8172,0.0524,0.8172,0.8172,0.0232,0.0232,0.0283896231032795,0.0283896231032795,0.0036744445874982,0.0036744445874982,58,58,2043,2043,0,0.8172,0.520135067777148,8.51460587160984,49.9007551289767,0.0124648974608966,0.0632626572272276,0.0933674096172203,4.73963016787149e-05,0.000395929424549468
"C40R90","simulation","default_fl_sas","default","common_inference_available",2500,0.8088,0.0524,0.8088,0.8088,0.0228,0.0228,0.0281899109792285,0.0281899109792285,0.00368084032640811,0.00368084032640811,57,57,2022,2022,0,0.8088,0.513732659209946,7.03421334825293,49.9007551289767,0.0121988637703974,0.0632626572272276,0.0933674096172203,4.69757714154917e-05,0.000393113627509933
"C100R90","simulation","default_fl_sas","default","all_outputs",2500,1,0.0044,0.9956,0.9956,0.0072,0.0072,0.00723182000803536,0.00723182000803536,0.00169838161656053,0.00169838161656053,18,18,2489,2489,0.0056,0.99,0.321800247418034,3.38704454413907,16.8290808751786,0.00859912791383144,0.0863182360253349,0.138441780975405,3.00078570767415e-05,0.000390698367059183
"C100R90","simulation","default_fl_sas","default","both_point_converged",2500,0,0.0044,0,0,0,0,,,,,0,0,0,0,0,0,,,,,,,,
"C100R90","simulation","default_fl_sas","default","common_point_converged",2500,0.9792,0.0044,0.9792,0.9792,0.0072,0.0072,0.00735294117647059,0.00735294117647059,0.00172672139085979,0.00172672139085979,18,18,2448,2448,0,0.9792,0.309260659517149,2.26532805616004,8.42251983371424,0.0085008670526775,0.085977551326929,0.107899452807882,2.91418094178209e-05,0.000288849593297447
"C100R90","simulation","default_fl_sas","default","common_inference_available",2500,0.9792,0.0044,0.9792,0.9792,0.0072,0.0072,0.00735294117647059,0.00735294117647059,0.00172672139085979,0.00172672139085979,18,18,2448,2448,0,0.9792,0.309260659517149,2.26532805616004,8.42251983371424,0.0085008670526775,0.085977551326929,0.107899452807882,2.91418094178209e-05,0.000288849593297447
"C40R99","simulation","default_fl_sas","default","all_outputs",2500,1,0.0532,0.9468,0.9468,0.0248,0.0248,0.0261934938741022,0.0261934938741022,0.00328272061686688,0.00328272061686688,62,62,2367,2367,0.0736,0.8732,0.888384398592748,16.7133157516969,90.8756790022049,0.0143959803965585,0.0713104785003188,0.267255609800081,6.82797450886063e-05,0.111404945598798
"C40R99","simulation","default_fl_sas","default","both_point_converged",2500,0,0.0532,0,0,0,0,,,,,0,0,0,0,0,0,,,,,,,,
"C40R99","simulation","default_fl_sas","default","common_point_converged",2500,0.7896,0.0532,0.7896,0.7896,0.0208,0.0208,0.0263424518743668,0.0263424518743668,0.00360460466965873,0.00360460466965873,52,52,1974,1974,0,0.7896,0.502970499818381,7.36458529436851,44.7183847165185,0.0119400501200319,0.0633349014697669,0.0818674933188914,5.09251074286565e-05,0.000391282696939221
"C40R99","simulation","default_fl_sas","default","common_inference_available",2500,0.7812,0.0532,0.7812,0.7812,0.0208,0.0208,0.0266257040450589,0.0266257040450589,0.00364283386541308,0.00364283386541308,52,52,1953,1953,0,0.7812,0.492242104627397,5.58649781878984,28.7597864418414,0.0116116140416602,0.0630907044223419,0.0725871221665619,5.0270717653067e-05,0.000378702192123548
"C100R99","simulation","default_fl_sas","default","all_outputs",2500,1,0.0044,0.9956,0.9956,0.0084,0.0084,0.00843712334270792,0.00843712334270792,0.0018333478776548,0.0018333478776548,21,21,2489,2489,0.006,0.9896,0.319582174615286,3.38689876304928,48.4869901781198,0.0087808999742667,0.089957050094897,0.140931047051607,3.23824198966705e-05,0.000465253674839516
"C100R99","simulation","default_fl_sas","default","both_point_converged",2500,0,0.0044,0,0,0,0,,,,,0,0,0,0,0,0,,,,,,,,
"C100R99","simulation","default_fl_sas","default","common_point_converged",2500,0.9748,0.0044,0.9748,0.9748,0.0084,0.0084,0.00861715223635618,0.00861715223635618,0.00187229733254999,0.00187229733254999,21,21,2437,2437,0,0.9748,0.297094928868785,2.22297533675857,48.4869901781198,0.00852687202894309,0.0863134191329422,0.105594079071559,3.14054877550429e-05,0.000312185340670318
"C100R99","simulation","default_fl_sas","default","common_inference_available",2500,0.9744,0.0044,0.9744,0.9744,0.008,0.008,0.00821018062397373,0.00821018062397373,0.00182830032669801,0.00182830032669801,20,20,2436,2436,0,0.9744,0.296389449812968,2.22164142268774,9.411328582308,0.00852299694539127,0.0863134191329422,0.105594079071559,3.14036283302066e-05,0.000307751197112571
"E020R1","exact","aligned_PL_logistf_sas","alignment","all_outputs",121,1,0.0165289256198347,0.983471074380165,0.983471074380165,0,0.0991735537190083,0,0.100840336134454,,,0,12,119,119,0,0,1.88053503054064e-05,0.000171092354261262,0.000171092354805502,0.0263621489501125,0.0883614968037215,0.088361496803722,6.10490869843439e-05,0.000268170002951167
"E020R1","exact","aligned_PL_logistf_sas","alignment","both_point_converged",121,0.983471074380165,0.0165289256198347,0.983471074380165,0.983471074380165,0,0.0991735537190083,0,0.100840336134454,,,0,12,119,119,0,0,1.88053503054064e-05,0.000171092354261262,0.000171092354805502,0.0263621489501125,0.0883614968037215,0.088361496803722,6.10490869843439e-05,0.000268170002951167
"E020R1","exact","aligned_PL_logistf_sas","alignment","common_point_converged",121,0.966942148760331,0.0165289256198347,0.966942148760331,0.966942148760331,0,0.0991735537190083,0,0.102564102564103,,,0,12,117,117,0,0,1.88053503071828e-05,0.000171092354263607,0.000171092354805502,0.0263621489501127,0.0883614968037215,0.088361496803722,4.57423378787958e-05,0.000268170003073518
"E020R1","exact","aligned_PL_logistf_sas","alignment","common_inference_available",121,0.966942148760331,0.0165289256198347,0.966942148760331,0.966942148760331,0,0.0991735537190083,0,0.102564102564103,,,0,12,117,117,0,0,1.88053503071828e-05,0.000171092354263607,0.000171092354805502,0.0263621489501127,0.0883614968037215,0.088361496803722,4.57423378787958e-05,0.000268170003073518
"E050R1","exact","aligned_PL_logistf_sas","alignment","all_outputs",676,1,0.0029585798816568,0.997041420118343,0.997041420118343,0,0.0532544378698225,0,0.0534124629080119,,,0,36,674,674,0,0,2.72616264673786e-07,6.09847683183507e-05,0.000138957397700423,0.00646996254705712,0.0814982728117256,0.0878619676308667,2.89220517066813e-05,0.000461469387851308
"E050R1","exact","aligned_PL_logistf_sas","alignment","both_point_converged",676,0.997041420118343,0.0029585798816568,0.997041420118343,0.997041420118343,0,0.0532544378698225,0,0.0534124629080119,,,0,36,674,674,0,0,2.72616264673786e-07,6.09847683183507e-05,0.000138957397700423,0.00646996254705712,0.0814982728117256,0.0878619676308667,2.89220517066813e-05,0.000461469387851308
"E050R1","exact","aligned_PL_logistf_sas","alignment","common_point_converged",676,0.994082840236686,0.0029585798816568,0.994082840236686,0.994082840236686,0,0.0532544378698225,0,0.0535714285714286,,,0,36,672,672,0,0,2.72088496178213e-07,6.09847683225251e-05,0.000138957397700423,0.00646996254706067,0.0814982728117256,0.0878619676308667,2.89220516873634e-05,0.000461469387851539
"E050R1","exact","aligned_PL_logistf_sas","alignment","common_inference_available",676,0.994082840236686,0.0029585798816568,0.994082840236686,0.994082840236686,0,0.0532544378698225,0,0.0535714285714286,,,0,36,672,672,0,0,2.72088496178213e-07,6.09847683225251e-05,0.000138957397700423,0.00646996254706067,0.0814982728117256,0.0878619676308667,2.89220516873634e-05,0.000461469387851539
"E100R1","exact","aligned_PL_logistf_sas","alignment","all_outputs",2601,1,0.000768935024990388,0.99923106497501,0.99923106497501,0,0.0207612456747405,0,0.0207772220084648,,,0,54,2599,2599,0,0,4.41527429745348e-06,2.91630209140781e-05,3.69896088807664e-05,0.00101888233638129,0.0406333058197262,0.0872584546518038,6.18054374582622e-05,0.000310181214334122
"E100R1","exact","aligned_PL_logistf_sas","alignment","both_point_converged",2601,0.99923106497501,0.000768935024990388,0.99923106497501,0.99923106497501,0,0.0207612456747405,0,0.0207772220084648,,,0,54,2599,2599,0,0,4.41527429745348e-06,2.91630209140781e-05,3.69896088807664e-05,0.00101888233638129,0.0406333058197262,0.0872584546518038,6.18054374582622e-05,0.000310181214334122
"E100R1","exact","aligned_PL_logistf_sas","alignment","common_point_converged",2601,0.998462129950019,0.000768935024990388,0.998462129950019,0.998462129950019,0,0.0207612456747405,0,0.0207932229495572,,,0,54,2597,2597,0,0,4.39476364250124e-06,2.91498122191847e-05,3.69896088807664e-05,0.0010188823363813,0.0406333058197262,0.0872584546518038,6.18054374592614e-05,0.000310189401833352
"E100R1","exact","aligned_PL_logistf_sas","alignment","common_inference_available",2601,0.991541714725106,0.000768935024990388,0.991541714725106,0.991541714725106,0,0.0199923106497501,0,0.0201628538193098,,,0,52,2579,2579,0,0,4.25263246484064e-06,2.91498122234213e-05,3.69896088807664e-05,0.00101583480677401,0.0398637253441731,0.0872584546518038,6.16838623259675e-05,0.000310263089326419
"E200R1","exact","aligned_PL_logistf_sas","alignment","all_outputs",10201,1,0.000196059209881384,0.999803940790118,0.999803940790118,0,0.00686207234584845,0,0.00686341798215511,,,0,70,10199,10199,0,0,3.63049367375912e-06,1.983436600292e-05,6.93175853490047e-05,1.52435174004112e-05,0.0198763950220469,0.0868742022255358,2.52039603219067e-05,0.000378986908911632
"E200R1","exact","aligned_PL_logistf_sas","alignment","both_point_converged",10201,0.999803940790118,0.000196059209881384,0.999803940790118,0.999803940790118,0,0.00686207234584845,0,0.00686341798215511,,,0,70,10199,10199,0,0,3.63049367375912e-06,1.983436600292e-05,6.93175853490047e-05,1.52435174004112e-05,0.0198763950220469,0.0868742022255358,2.52039603219067e-05,0.000378986908911632
"E200R1","exact","aligned_PL_logistf_sas","alignment","common_point_converged",10201,0.999607881580237,0.000196059209881384,0.999607881580237,0.999607881580237,0,0.00686207234584845,0,0.00686476414631754,,,0,70,10197,10197,0,0,3.62270260700903e-06,1.98305474990335e-05,6.93175853490047e-05,1.52435174004119e-05,0.0198763950220469,0.0868742022255358,2.51809888442978e-05,0.00037898690892689
"E200R1","exact","aligned_PL_logistf_sas","alignment","common_inference_available",10201,0.986962062542888,0.000196059209881384,0.986962062542888,0.986962062542888,0,0.00627389471620429,0,0.00635677393722686,,,0,64,10068,10068,0,0,3.62270250664487e-06,1.96683462745462e-05,6.93175853490047e-05,1.37576979955358e-05,0.0178844138164159,0.0868742022255358,2.50914406491887e-05,0.000344591379331978
"E020R4","exact","aligned_PL_logistf_sas","alignment","all_outputs",85,1,0.0235294117647059,0.976470588235294,0.976470588235294,0,0.117647058823529,0,0.120481927710843,,,0,10,83,83,0,0,1.9794254815686e-05,0.000171542521494104,0.000171542521517409,0.0388685680902114,0.127236048922863,0.127236048922863,0.000131151701523002,0.000405780124510713
"E020R4","exact","aligned_PL_logistf_sas","alignment","both_point_converged",85,0.976470588235294,0.0235294117647059,0.976470588235294,0.976470588235294,0,0.117647058823529,0,0.120481927710843,,,0,10,83,83,0,0,1.9794254815686e-05,0.000171542521494104,0.000171542521517409,0.0388685680902114,0.127236048922863,0.127236048922863,0.000131151701523002,0.000405780124510713
"E020R4","exact","aligned_PL_logistf_sas","alignment","common_point_converged",85,0.952941176470588,0.0235294117647059,0.952941176470588,0.952941176470588,0,0.117647058823529,0,0.123456790123457,,,0,10,81,81,0,0,1.97942548698649e-05,0.000171542521494672,0.000171542521517409,0.038868568090213,0.127236048922863,0.127236048922863,0.000131151702162935,0.000405780124678845
"E020R4","exact","aligned_PL_logistf_sas","alignment","common_inference_available",85,0.952941176470588,0.0235294117647059,0.952941176470588,0.952941176470588,0,0.117647058823529,0,0.123456790123457,,,0,10,81,81,0,0,1.97942548698649e-05,0.000171542521494672,0.000171542521517409,0.038868568090213,0.127236048922863,0.127236048922863,0.000131151702162935,0.000405780124678845
"E050R4","exact","aligned_PL_logistf_sas","alignment","all_outputs",451,1,0.00443458980044346,0.995565410199557,0.995565410199557,0,0.0665188470066519,0,0.066815144766147,,,0,30,449,449,0,0,2.72630116393557e-06,6.56114997769919e-05,0.000146674562021332,0.00956862246018697,0.118717629008885,0.120806581900789,0.000111228037114941,0.000610221419592793
"E050R4","exact","aligned_PL_logistf_sas","alignment","both_point_converged",451,0.995565410199557,0.00443458980044346,0.995565410199557,0.995565410199557,0,0.0665188470066519,0,0.066815144766147,,,0,30,449,449,0,0,2.72630116393557e-06,6.56114997769919e-05,0.000146674562021332,0.00956862246018697,0.118717629008885,0.120806581900789,0.000111228037114941,0.000610221419592793
"E050R4","exact","aligned_PL_logistf_sas","alignment","common_point_converged",451,0.991130820399113,0.00443458980044346,0.991130820399113,0.991130820399113,0,0.0665188470066519,0,0.0671140939597315,,,0,30,447,447,0,0,2.68839822936684e-06,6.561149978074e-05,0.000146674562021332,0.00958984869725066,0.118717629008885,0.120806581900789,0.00011300850817797,0.000610221419652657
"E050R4","exact","aligned_PL_logistf_sas","alignment","common_inference_available",451,0.991130820399113,0.00443458980044346,0.991130820399113,0.991130820399113,0,0.0665188470066519,0,0.0671140939597315,,,0,30,447,447,0,0,2.68839822936684e-06,6.561149978074e-05,0.000146674562021332,0.00958984869725066,0.118717629008885,0.120806581900789,0.00011300850817797,0.000610221419652657
"E100R4","exact","aligned_PL_logistf_sas","alignment","all_outputs",1701,1,0.00117577895355673,0.998824221046443,0.998824221046443,0,0.0352733686067019,0,0.0353148911124191,,,0,60,1699,1699,0,0,2.39620321362821e-07,4.22775335018111e-05,0.000176091307487525,0.00227571129036969,0.0999971620375264,0.119236762319743,7.37071457250771e-05,0.00051390634999346
"E100R4","exact","aligned_PL_logistf_sas","alignment","both_point_converged",1701,0.998824221046443,0.00117577895355673,0.998824221046443,0.998824221046443,0,0.0352733686067019,0,0.0353148911124191,,,0,60,1699,1699,0,0,2.39620321362821e-07,4.22775335018111e-05,0.000176091307487525,0.00227571129036969,0.0999971620375264,0.119236762319743,7.37071457250771e-05,0.00051390634999346
"E100R4","exact","aligned_PL_logistf_sas","alignment","common_point_converged",1701,0.997648442092887,0.00117577895355673,0.997648442092887,0.997648442092887,0,0.0352733686067019,0,0.0353565114908662,,,0,60,1697,1697,0,0,2.39620307596056e-07,4.22775335027326e-05,0.000176091307487525,0.00227571129037013,0.0999971620375264,0.119236762319743,7.35250812061786e-05,0.000513906350004092
"E100R4","exact","aligned_PL_logistf_sas","alignment","common_inference_available",1701,0.997648442092887,0.00117577895355673,0.997648442092887,0.997648442092887,0,0.0352733686067019,0,0.0353565114908662,,,0,60,1697,1697,0,0,2.39620307596056e-07,4.22775335027326e-05,0.000176091307487525,0.00227571129037013,0.0999971620375264,0.119236762319743,7.35250812061786e-05,0.000513906350004092
"E200R4","exact","aligned_PL_logistf_sas","alignment","all_outputs",6601,1,0.00030298439630359,0.999697015603697,0.999697015603697,0,0.0169671261930011,0,0.0169722685255342,,,0,112,6599,6599,0,0,7.35237075177864e-06,2.66029052985672e-05,9.84597497319939e-05,0.000234956399295785,0.0511082243368986,0.118514071046641,5.93842544769352e-05,0.000470509661095033
"E200R4","exact","aligned_PL_logistf_sas","alignment","both_point_converged",6601,0.999697015603697,0.00030298439630359,0.999697015603697,0.999697015603697,0,0.0169671261930011,0,0.0169722685255342,,,0,112,6599,6599,0,0,7.35237075177864e-06,2.66029052985672e-05,9.84597497319939e-05,0.000234956399295785,0.0511082243368986,0.118514071046641,5.93842544769352e-05,0.000470509661095033
"E200R4","exact","aligned_PL_logistf_sas","alignment","common_point_converged",6601,0.999394031207393,0.00030298439630359,0.999394031207393,0.999394031207393,0,0.0169671261930011,0,0.0169774139760497,,,0,112,6597,6597,0,0,7.34547459768642e-06,2.65995828269183e-05,9.84597497319939e-05,0.000234956399295785,0.0511186997635472,0.118514071046641,5.93842544898138e-05,0.000470790702712982
"E200R4","exact","aligned_PL_logistf_sas","alignment","common_inference_available",6601,0.995152249659143,0.00030298439630359,0.995152249659143,0.995152249659143,0,0.0169671261930011,0,0.0170497792662506,,,0,112,6569,6569,0,0,7.34286125414485e-06,2.65666525165287e-05,9.84597497319939e-05,0.000236158706805377,0.0512653557366248,0.118514071046641,5.99628712681238e-05,0.000474454980390302
"C40R00","simulation","aligned_PL_logistf_sas","alignment","all_outputs",2500,1,0.048,0.9308,0.952,0,0.0304,0,0.0319327731092437,0,0.0036039818729665,0,76,2327,2380,0.0708,0,4.9587430571929e-05,0.00501907728527362,17.7576658737034,0.0136451136420146,0.0668007388045831,0.255683634230647,4.87892577876181e-05,0.0423234338745825
"C40R00","simulation","aligned_PL_logistf_sas","alignment","both_point_converged",2500,0.8704,0.048,0.86,0.8704,0,0.0288,0,0.0330882352941176,0,0.00383442969597829,0,72,2150,2176,0,0,4.43628020736497e-05,0.000480613293085241,3.93305397002809,0.0124500535385632,0.0627935297049536,0.0710647846847037,4.2654193108671e-05,0.000388123384736705
"C40R00","simulation","aligned_PL_logistf_sas","alignment","common_point_converged",2500,0.8668,0.048,0.8568,0.8668,0,0.0288,0,0.0332256575911398,0,0.00385008125150397,0,72,2142,2167,0,0,4.41074858361645e-05,0.000471576853891875,3.93305397002809,0.0124315291052602,0.0627935297049536,0.0710647846847037,4.25806721624511e-05,0.000388123384736705
"C40R00","simulation","aligned_PL_logistf_sas","alignment","common_inference_available",2500,0.8568,0.048,0.8568,0.8568,0,0.0288,0,0.0336134453781513,0,0.00389423558695473,0,72,2142,2142,0,0,4.41074858361645e-05,0.000471576853891875,3.93305397002809,0.0122646138619639,0.0627935297049536,0.0710647846847037,4.21227347872088e-05,0.000378662170942068
"C100R00","simulation","aligned_PL_logistf_sas","alignment","all_outputs",2500,1,0.0032,0.9956,0.9968,0,0.0088,0,0.00882825040128411,0,0.00187386267230591,0,22,2489,2492,0.012,0,2.24824956793768e-05,0.000310681667398782,0.00998067041768014,0.010097120633618,0.0857510774404693,0.18679883054785,2.86024425557585e-05,0.000318127388493128
"C100R00","simulation","aligned_PL_logistf_sas","alignment","both_point_converged",2500,0.984,0.0032,0.9836,0.984,0,0.008,0,0.00813008130081301,0,0.00181053635753985,0,20,2459,2460,0,0,2.20821492409318e-05,0.00024749685993708,0.000995554597094994,0.0100612234721449,0.0807986215792658,0.103683891116115,2.80958595780811e-05,0.000250772307449854
"C100R00","simulation","aligned_PL_logistf_sas","alignment","common_point_converged",2500,0.9832,0.0032,0.9828,0.9832,0,0.0076,0,0.00772986167615948,0,0.00176648471042093,0,19,2457,2458,0,0,2.19943043058279e-05,0.000247090275293793,0.000995554597094994,0.0100572854801861,0.0807986215792658,0.103683891116115,2.8077080719946e-05,0.000249643949771672
"C100R00","simulation","aligned_PL_logistf_sas","alignment","common_inference_available",2500,0.9828,0.0032,0.9828,0.9828,0,0.0076,0,0.00773300773300773,0,0.00176720086889786,0,19,2457,2457,0,0,2.19943043058279e-05,0.000247090275293793,0.000995554597094994,0.0100572854801861,0.0807986215792658,0.103683891116115,2.8077080719946e-05,0.000249643949771672
"C40R50","simulation","aligned_PL_logistf_sas","alignment","all_outputs",2500,1,0.048,0.928,0.952,0,0.0256,0,0.026890756302521,0,0.00331584200544021,0,64,2320,2380,0.0808,0,5.40973526756416e-05,0.0122229045067215,17.7576658736817,0.0140674386272881,0.0710647846847045,0.255683634230648,5.20434649730894e-05,0.0874338891631243
"C40R50","simulation","aligned_PL_logistf_sas","alignment","both_point_converged",2500,0.8592,0.048,0.8472,0.8592,0,0.0248,0,0.0288640595903166,0,0.00361244780843415,0,62,2118,2148,0,0,4.75569154527733e-05,0.000534938205527524,3.9330539700278,0.0129158544698639,0.0628448575931601,0.0933674091456841,4.43151009625886e-05,0.000379098231556796
"C40R50","simulation","aligned_PL_logistf_sas","alignment","common_point_converged",2500,0.8516,0.048,0.8404,0.8516,0,0.0248,0,0.0291216533583842,0,0.00364420324833822,0,62,2101,2129,0,0,4.68974746077322e-05,0.000482554569426696,3.9330539700278,0.0128954602933132,0.0627935297049517,0.0933674091456841,4.40744041646512e-05,0.00037789386420517
"C40R50","simulation","aligned_PL_logistf_sas","alignment","common_inference_available",2500,0.8404,0.048,0.8404,0.8404,0,0.0248,0,0.0295097572584484,0,0.00369203134109203,0,62,2101,2101,0,0,4.68974746077322e-05,0.000482554569426696,3.9330539700278,0.0126959478047406,0.0627935297049517,0.0933674091456841,4.37919227112005e-05,0.000375201370544698
"C100R50","simulation","aligned_PL_logistf_sas","alignment","all_outputs",2500,1,0.004,0.9956,0.996,0,0.008,0,0.00803212851405623,0,0.0017888109875649,0,20,2489,2490,0.0128,0,2.47301148761925e-05,0.000309023920030072,0.00864749361327277,0.00940666346463093,0.0870328704128648,0.138441785904885,3.07321875427369e-05,0.000369154218406109
"C100R50","simulation","aligned_PL_logistf_sas","alignment","both_point_converged",2500,0.9832,0.004,0.9828,0.9832,0,0.0072,0,0.00732302685109845,0,0.0017197223990266,0,18,2457,2458,0,0,2.42775097336612e-05,0.000255726637851339,0.000856685309803318,0.00937248577729666,0.0860719154680853,0.103683891116115,3.01624922440791e-05,0.000305488464610981
"C100R50","simulation","aligned_PL_logistf_sas","alignment","common_point_converged",2500,0.982,0.004,0.9816,0.982,0,0.0072,0,0.00733197556008147,0,0.00172181613189211,0,18,2454,2455,0,0,2.4136546346698e-05,0.000253193321721135,0.000524739772870042,0.00936737867919396,0.0860719154680853,0.103683891116115,3.01427415499989e-05,0.000303569342829713
"C100R50","simulation","aligned_PL_logistf_sas","alignment","common_inference_available",2500,0.9816,0.004,0.9816,0.9816,0,0.0072,0,0.00733496332518337,0,0.00172251517621021,0,18,2454,2454,0,0,2.4136546346698e-05,0.000253193321721135,0.000524739772870042,0.00935587783466851,0.0860719154680853,0.103683891116115,3.01415381459558e-05,0.000303569342829713
"C40R90","simulation","aligned_PL_logistf_sas","alignment","all_outputs",2500,1,0.0524,0.9184,0.9476,0,0.0264,0,0.0278598564795272,0,0.00338120377881392,0,66,2296,2369,0.104,0,5.5437243204004e-05,0.00946745701036633,64.7037538906573,0.0143825419649026,0.0724417465330328,0.267255610405975,5.95436117645232e-05,0.0735626810920582
"C40R90","simulation","aligned_PL_logistf_sas","alignment","both_point_converged",2500,0.8228,0.0524,0.8144,0.8228,0,0.024,0,0.0291686922702965,0,0.00371033582845424,0,60,2036,2057,0,0,4.69289554518859e-05,0.000565595369025118,64.7037538906573,0.0126087350335866,0.0632626572576612,0.0933674091456902,4.92538494178962e-05,0.000413896114129564
"C40R90","simulation","aligned_PL_logistf_sas","alignment","common_point_converged",2500,0.8172,0.0524,0.8088,0.8172,0,0.0232,0,0.0283896231032795,0,0.0036744445874982,0,58,2022,2043,0,0,4.63612029832916e-05,0.000554634599125414,0.203004165295729,0.0124648973877201,0.0632626572576612,0.0933674091456902,4.91889050779903e-05,0.000411242013858448
"C40R90","simulation","aligned_PL_logistf_sas","alignment","common_inference_available",2500,0.8088,0.0524,0.8088,0.8088,0,0.0228,0,0.0281899109792285,0,0.00368084032640811,0,57,2022,2022,0,0,4.63612029832916e-05,0.000554634599125414,0.203004165295729,0.0121988637572105,0.0632626572576612,0.0933674091456902,4.81987526281813e-05,0.000404953323507762
"C100R90","simulation","aligned_PL_logistf_sas","alignment","all_outputs",2500,1,0.0044,0.994,0.9956,0,0.0072,0,0.00723182000803536,0,0.00169838161656053,0,18,2485,2489,0.0132,0,2.6246624705184e-05,0.000300836555176431,0.112340060675022,0.00859912791354889,0.0863182360262931,0.138441785904881,3.05133670720492e-05,0.000404687788173375
"C100R90","simulation","aligned_PL_logistf_sas","alignment","both_point_converged",2500,0.9812,0.0044,0.9808,0.9812,0,0.0072,0,0.00733795352629433,0,0.00172321478836053,0,18,2452,2453,0,0,2.54259956800063e-05,0.000239328346324896,0.000493758931309429,0.00850086705692843,0.0859775513291526,0.107899452709608,2.98889257485113e-05,0.000303569342829713
"C100R90","simulation","aligned_PL_logistf_sas","alignment","common_point_converged",2500,0.9792,0.0044,0.9792,0.9792,0,0.0072,0,0.00735294117647059,0,0.00172672139085979,0,18,2448,2448,0,0,2.53286366262984e-05,0.00023758636834792,0.000447362278047869,0.00850086705692843,0.0859775513291526,0.107899452709608,2.97673678487653e-05,0.000300269024579969
"C100R90","simulation","aligned_PL_logistf_sas","alignment","common_inference_available",2500,0.9792,0.0044,0.9792,0.9792,0,0.0072,0,0.00735294117647059,0,0.00172672139085979,0,18,2448,2448,0,0,2.53286366262984e-05,0.00023758636834792,0.000447362278047869,0.00850086705692843,0.0859775513291526,0.107899452709608,2.97673678487653e-05,0.000300269024579969
"C40R99","simulation","aligned_PL_logistf_sas","alignment","all_outputs",2500,1,0.0532,0.9152,0.9468,0,0.0248,0,0.0261934938741022,0,0.00328272061686688,0,62,2288,2367,0.1208,0,5.54241073873474e-05,0.00973018855874042,64.7037538905994,0.0143959803872403,0.0713109456571445,0.267255610405882,6.80795297218761e-05,0.109380122102112
"C40R99","simulation","aligned_PL_logistf_sas","alignment","both_point_converged",2500,0.8044,0.0532,0.7944,0.8044,0,0.0216,0,0.0268523122824465,0,0.00360474200142447,0,54,1986,2011,0,0,4.54389251638432e-05,0.000554634621377836,64.7037538905994,0.0122798199594996,0.0632725590687682,0.0818674933124915,5.29763879395413e-05,0.000413102265294008
"C40R99","simulation","aligned_PL_logistf_sas","alignment","common_point_converged",2500,0.7896,0.0532,0.7812,0.7896,0,0.0208,0,0.0263424518743668,0,0.00360460466965873,0,52,1953,1974,0,0,4.49600981911047e-05,0.000514659526161587,0.20300416527958,0.0119400500491358,0.0633349014695698,0.0818674933124915,5.19592914489664e-05,0.000392554682428603
"C40R99","simulation","aligned_PL_logistf_sas","alignment","common_inference_available",2500,0.7812,0.0532,0.7812,0.7812,0,0.0208,0,0.0266257040450589,0,0.00364283386541308,0,52,1953,1953,0,0,4.49600981911047e-05,0.000514659526161587,0.20300416527958,0.0116116140419549,0.0630907044227883,0.0725871221576275,5.13279957320164e-05,0.000387954873859453
"C100R99","simulation","aligned_PL_logistf_sas","alignment","all_outputs",2500,1,0.0044,0.9932,0.9956,0,0.0084,0,0.00843712334270792,0,0.0018333478776548,0,21,2483,2489,0.0156,0,2.52503782960378e-05,0.000333078937627462,0.134863697002896,0.00878089997398937,0.0899570500895528,0.140931047116738,3.26318090653199e-05,0.000442707721417746
"C100R99","simulation","aligned_PL_logistf_sas","alignment","both_point_converged",2500,0.978,0.0044,0.9776,0.978,0,0.0084,0,0.00858895705521472,0,0.00186619774331247,0,21,2444,2445,0,0,2.44872668457852e-05,0.000235019481287679,0.000493758961662039,0.0086239506277147,0.0863134191329944,0.105594079071584,3.16629483403386e-05,0.000317631526621565
"C100R99","simulation","aligned_PL_logistf_sas","alignment","common_point_converged",2500,0.9748,0.0044,0.9744,0.9748,0,0.0084,0,0.00861715223635618,0,0.00187229733254999,0,21,2436,2437,0,0,2.43235955410537e-05,0.00023281478677184,0.00045468910448232,0.00852687203165003,0.0863134191329944,0.105594079071584,3.16038487837567e-05,0.000316332987909451
"C100R99","simulation","aligned_PL_logistf_sas","alignment","common_inference_available",2500,0.9744,0.0044,0.9744,0.9744,0,0.008,0,0.00821018062397373,0,0.00182830032669801,0,20,2436,2436,0,0,2.43235955410537e-05,0.00023281478677184,0.00045468910448232,0.00852299694578351,0.0863134191329944,0.105594079071584,3.15964999583196e-05,0.000310161740967985
"E020R1","exact","aligned_Wald_logistf_sas","alignment","all_outputs",121,1,0.0165289256198347,0.983471074380165,0.983471074380165,0.0330578512396694,0.0330578512396694,0.0336134453781513,0.0336134453781513,,,4,4,119,119,0,0,0.102610398884015,0.189762000078245,0.195837291086952,0.0154055000819422,0.0230653515298476,0.0230655086397043,6.10490869843439e-05,0.000268170002951167
"E020R1","exact","aligned_Wald_logistf_sas","alignment","both_point_converged",121,0.983471074380165,0.0165289256198347,0.983471074380165,0.983471074380165,0.0330578512396694,0.0330578512396694,0.0336134453781513,0.0336134453781513,,,4,4,119,119,0,0,0.102610398884015,0.189762000078245,0.195837291086952,0.0154055000819422,0.0230653515298476,0.0230655086397043,6.10490869843439e-05,0.000268170002951167
"E020R1","exact","aligned_Wald_logistf_sas","alignment","common_point_converged",121,0.966942148760331,0.0165289256198347,0.966942148760331,0.966942148760331,0.0330578512396694,0.0330578512396694,0.0341880341880342,0.0341880341880342,,,4,4,117,117,0,0,0.102606469711047,0.162085629368423,0.162085674371923,0.0154055000819423,0.0230653689864983,0.0230655086397043,4.57423378787958e-05,0.000268170003073518
"E020R1","exact","aligned_Wald_logistf_sas","alignment","common_inference_available",121,0.966942148760331,0.0165289256198347,0.966942148760331,0.966942148760331,0.0330578512396694,0.0330578512396694,0.0341880341880342,0.0341880341880342,,,4,4,117,117,0,0,0.102606469711047,0.162085629368423,0.162085674371923,0.0154055000819423,0.0230653689864983,0.0230655086397043,4.57423378787958e-05,0.000268170003073518
"E050R1","exact","aligned_Wald_logistf_sas","alignment","all_outputs",676,1,0.0029585798816568,0.997041420118343,0.997041420118343,0.0177514792899408,0.0177514792899408,0.0178041543026706,0.0178041543026706,,,12,12,674,674,0,0,0.0274197798927229,0.0643242201628379,0.0783900290128527,0.00247075111568712,0.00946247117998765,0.00946415547286689,2.89220517066813e-05,0.000461469387851308
"E050R1","exact","aligned_Wald_logistf_sas","alignment","both_point_converged",676,0.997041420118343,0.0029585798816568,0.997041420118343,0.997041420118343,0.0177514792899408,0.0177514792899408,0.0178041543026706,0.0178041543026706,,,12,12,674,674,0,0,0.0274197798927229,0.0643242201628379,0.0783900290128527,0.00247075111568712,0.00946247117998765,0.00946415547286689,2.89220517066813e-05,0.000461469387851308
"E050R1","exact","aligned_Wald_logistf_sas","alignment","common_point_converged",676,0.994082840236686,0.0029585798816568,0.994082840236686,0.994082840236686,0.0177514792899408,0.0177514792899408,0.0178571428571429,0.0178571428571429,,,12,12,672,672,0,0,0.0274095818982718,0.0643229776070907,0.0648635134876123,0.00259357108066759,0.00946247117998767,0.00946415547286689,2.89220516873634e-05,0.000461469387851539
"E050R1","exact","aligned_Wald_logistf_sas","alignment","common_inference_available",676,0.994082840236686,0.0029585798816568,0.994082840236686,0.994082840236686,0.0177514792899408,0.0177514792899408,0.0178571428571429,0.0178571428571429,,,12,12,672,672,0,0,0.0274095818982718,0.0643229776070907,0.0648635134876123,0.00259357108066759,0.00946247117998767,0.00946415547286689,2.89220516873634e-05,0.000461469387851539
"E100R1","exact","aligned_Wald_logistf_sas","alignment","all_outputs",2601,1,0.000768935024990388,0.99923106497501,0.99923106497501,0.0069204152249135,0.0069204152249135,0.00692574066948826,0.00692574066948826,,,18,18,2599,2599,0,0,0.0100537802680951,0.0298125717432289,0.0391980517958537,0.000197898430794851,0.00494438333139778,0.00495300324033315,6.18054374582622e-05,0.000310181214334122
"E100R1","exact","aligned_Wald_logistf_sas","alignment","both_point_converged",2601,0.99923106497501,0.000768935024990388,0.99923106497501,0.99923106497501,0.0069204152249135,0.0069204152249135,0.00692574066948826,0.00692574066948826,,,18,18,2599,2599,0,0,0.0100537802680951,0.0298125717432289,0.0391980517958537,0.000197898430794851,0.00494438333139778,0.00495300324033315,6.18054374582622e-05,0.000310181214334122
"E100R1","exact","aligned_Wald_logistf_sas","alignment","common_point_converged",2601,0.998462129950019,0.000768935024990388,0.998462129950019,0.998462129950019,0.0069204152249135,0.0069204152249135,0.00693107431651906,0.00693107431651906,,,18,18,2597,2597,0,0,0.00999580702396896,0.0298083474330324,0.0324707469277907,0.000197898430794879,0.00494438460644989,0.00495300324033315,6.18054374592614e-05,0.000310189401833352
"E100R1","exact","aligned_Wald_logistf_sas","alignment","common_inference_available",2601,0.991541714725106,0.000768935024990388,0.991541714725106,0.991541714725106,0.0069204152249135,0.0069204152249135,0.00697944939899186,0.00697944939899186,,,18,18,2579,2579,0,0,0.00998816036324413,0.0298083554527845,0.0324707469277907,0.00019756987233093,0.00494439608191885,0.00495300324033315,6.16838623259675e-05,0.000310263089326419
"E200R1","exact","aligned_Wald_logistf_sas","alignment","all_outputs",10201,1,0.000196059209881384,0.999803940790118,0.999803940790118,0.00215665130869523,0.00215665130869523,0.00215707422296304,0.00215707422296304,,,22,22,10199,10199,0,0,0.0035493322962199,0.0142017769241764,0.0197515856740349,1.96621395874107e-06,0.00243536450226092,0.00247193900912773,2.52039603219067e-05,0.000378986908911632
"E200R1","exact","aligned_Wald_logistf_sas","alignment","both_point_converged",10201,0.999803940790118,0.000196059209881384,0.999803940790118,0.999803940790118,0.00215665130869523,0.00215665130869523,0.00215707422296304,0.00215707422296304,,,22,22,10199,10199,0,0,0.0035493322962199,0.0142017769241764,0.0197515856740349,1.96621395874107e-06,0.00243536450226092,0.00247193900912773,2.52039603219067e-05,0.000378986908911632
"E200R1","exact","aligned_Wald_logistf_sas","alignment","common_point_converged",10201,0.999607881580237,0.000196059209881384,0.999607881580237,0.999607881580237,0.00215665130869523,0.00215665130869523,0.00215749730312837,0.00215749730312837,,,22,22,10197,10197,0,0,0.00354933229621279,0.0142014627793828,0.0161070674428778,1.96621395875021e-06,0.00243536450948606,0.00247193900912773,2.51809888442978e-05,0.00037898690892689
"E200R1","exact","aligned_Wald_logistf_sas","alignment","common_inference_available",10201,0.986962062542888,0.000196059209881384,0.986962062542888,0.986962062542888,0.00215665130869523,0.00215665130869523,0.00218514104092173,0.00218514104092173,,,22,22,10068,10068,0,0,0.00353794376651417,0.0141482834380687,0.0161070674428778,1.73277317668451e-06,0.0024353648562931,0.00247193900912773,2.50914406491887e-05,0.000344591379331978
"E020R4","exact","aligned_Wald_logistf_sas","alignment","all_outputs",85,1,0.0235294117647059,0.976470588235294,0.976470588235294,0.0470588235294118,0.0470588235294118,0.0481927710843374,0.0481927710843374,,,4,4,83,83,0,0,0.216082918656614,0.33821758969079,0.338221761238762,0.0306201151736422,0.0501778130967753,0.0501784577153939,0.000131151701523002,0.000405780124510713
"E020R4","exact","aligned_Wald_logistf_sas","alignment","both_point_converged",85,0.976470588235294,0.0235294117647059,0.976470588235294,0.976470588235294,0.0470588235294118,0.0470588235294118,0.0481927710843374,0.0481927710843374,,,4,4,83,83,0,0,0.216082918656614,0.33821758969079,0.338221761238762,0.0306201151736422,0.0501778130967753,0.0501784577153939,0.000131151701523002,0.000405780124510713
"E020R4","exact","aligned_Wald_logistf_sas","alignment","common_point_converged",85,0.952941176470588,0.0235294117647059,0.952941176470588,0.952941176470588,0.0470588235294118,0.0470588235294118,0.0493827160493827,0.0493827160493827,,,4,4,81,81,0,0,0.215461686489094,0.338217691435863,0.338221761238762,0.0306205469184553,0.0501778288191807,0.0501784577153939,0.000131151702162935,0.000405780124678845
"E020R4","exact","aligned_Wald_logistf_sas","alignment","common_inference_available",85,0.952941176470588,0.0235294117647059,0.952941176470588,0.952941176470588,0.0470588235294118,0.0470588235294118,0.0493827160493827,0.0493827160493827,,,4,4,81,81,0,0,0.215461686489094,0.338217691435863,0.338221761238762,0.0306205469184553,0.0501778288191807,0.0501784577153939,0.000131151702162935,0.000405780124678845
"E050R4","exact","aligned_Wald_logistf_sas","alignment","all_outputs",451,1,0.00443458980044346,0.995565410199557,0.995565410199557,0.0221729490022173,0.0221729490022173,0.022271714922049,0.022271714922049,,,10,10,449,449,0,0,0.0638391098999139,0.138424004612021,0.138490350894893,0.0080226145269382,0.0214887992490278,0.021894401850742,0.000111228037114941,0.000610221419592793
"E050R4","exact","aligned_Wald_logistf_sas","alignment","both_point_converged",451,0.995565410199557,0.00443458980044346,0.995565410199557,0.995565410199557,0.0221729490022173,0.0221729490022173,0.022271714922049,0.022271714922049,,,10,10,449,449,0,0,0.0638391098999139,0.138424004612021,0.138490350894893,0.0080226145269382,0.0214887992490278,0.021894401850742,0.000111228037114941,0.000610221419592793
"E050R4","exact","aligned_Wald_logistf_sas","alignment","common_point_converged",451,0.991130820399113,0.00443458980044346,0.991130820399113,0.991130820399113,0.0221729490022173,0.0221729490022173,0.0223713646532438,0.0223713646532438,,,10,10,447,447,0,0,0.0638387058525947,0.138424069466243,0.138490350894893,0.00853358441021044,0.0214888095709647,0.021894401850742,0.00011300850817797,0.000610221419652657
"E050R4","exact","aligned_Wald_logistf_sas","alignment","common_inference_available",451,0.991130820399113,0.00443458980044346,0.991130820399113,0.991130820399113,0.0221729490022173,0.0221729490022173,0.0223713646532438,0.0223713646532438,,,10,10,447,447,0,0,0.0638387058525947,0.138424069466243,0.138490350894893,0.00853358441021044,0.0214888095709647,0.021894401850742,0.00011300850817797,0.000610221419652657
"E100R4","exact","aligned_Wald_logistf_sas","alignment","all_outputs",1701,1,0.00117577895355673,0.998824221046443,0.998824221046443,0.00823045267489712,0.00823045267489712,0.00824014125956445,0.00824014125956445,,,14,14,1699,1699,0,0,0.0230824203981037,0.0696180189690287,0.0706832704640288,0.00175190670270242,0.0106243779253172,0.0112138523892097,7.37071457250771e-05,0.00051390634999346
"E100R4","exact","aligned_Wald_logistf_sas","alignment","both_point_converged",1701,0.998824221046443,0.00117577895355673,0.998824221046443,0.998824221046443,0.00823045267489712,0.00823045267489712,0.00824014125956445,0.00824014125956445,,,14,14,1699,1699,0,0,0.0230824203981037,0.0696180189690287,0.0706832704640288,0.00175190670270242,0.0106243779253172,0.0112138523892097,7.37071457250771e-05,0.00051390634999346
"E100R4","exact","aligned_Wald_logistf_sas","alignment","common_point_converged",1701,0.997648442092887,0.00117577895355673,0.997648442092887,0.997648442092887,0.00823045267489712,0.00823045267489712,0.00824985268120212,0.00824985268120212,,,14,14,1697,1697,0,0,0.0230723732630942,0.0696180216300392,0.0706832704640288,0.00175190675651428,0.0106243810389645,0.0112138523892097,7.35250812061786e-05,0.000513906350004092
"E100R4","exact","aligned_Wald_logistf_sas","alignment","common_inference_available",1701,0.997648442092887,0.00117577895355673,0.997648442092887,0.997648442092887,0.00823045267489712,0.00823045267489712,0.00824985268120212,0.00824985268120212,,,14,14,1697,1697,0,0,0.0230723732630942,0.0696180216300392,0.0706832704640288,0.00175190675651428,0.0106243810389645,0.0112138523892097,7.35250812061786e-05,0.000513906350004092
"E200R4","exact","aligned_Wald_logistf_sas","alignment","all_outputs",6601,1,0.00030298439630359,0.999697015603697,0.999697015603697,0.00181790637782154,0.00181790637782154,0.00181845734202152,0.00181845734202152,,,12,12,6599,6599,0,0,0.0083744996656745,0.034857567190361,0.0352503668811117,8.78986853225516e-05,0.00531625251020746,0.00570857650664042,5.93842544769352e-05,0.000470509661095033
"E200R4","exact","aligned_Wald_logistf_sas","alignment","both_point_converged",6601,0.999697015603697,0.00030298439630359,0.999697015603697,0.999697015603697,0.00181790637782154,0.00181790637782154,0.00181845734202152,0.00181845734202152,,,12,12,6599,6599,0,0,0.0083744996656745,0.034857567190361,0.0352503668811117,8.78986853225516e-05,0.00531625251020746,0.00570857650664042,5.93842544769352e-05,0.000470509661095033
"E200R4","exact","aligned_Wald_logistf_sas","alignment","common_point_converged",6601,0.999394031207393,0.00030298439630359,0.999394031207393,0.999394031207393,0.00181790637782154,0.00181790637782154,0.00181900864029104,0.00181900864029104,,,12,12,6597,6597,0,0,0.00837407018464631,0.0348577345271579,0.0352503668811117,8.78988178322215e-05,0.00531626160897516,0.00570857650664042,5.93842544898138e-05,0.000470790702712982
"E200R4","exact","aligned_Wald_logistf_sas","alignment","common_inference_available",6601,0.995152249659143,0.00030298439630359,0.995152249659143,0.995152249659143,0.00181790637782154,0.00181790637782154,0.00182676206424113,0.00182676206424113,,,12,12,6569,6569,0,0,0.00837093635495978,0.034860077242314,0.0352503668811117,9.03303238630762e-05,0.00531638899172287,0.00570857650664042,5.99628712681238e-05,0.000474454980390302
"C40R00","simulation","aligned_Wald_logistf_sas","alignment","all_outputs",2500,1,0.048,0.952,0.952,0.006,0.006,0.00630252100840336,0.00630252100840336,0.00162216776289755,0.00162216776289755,15,15,2380,2380,0.0816,0,0.135722801636948,0.475850701800151,1.84175680299787,0.0218417018482271,0.060496184307995,0.151158605008324,4.87892577876181e-05,0.0423234338745825
"C40R00","simulation","aligned_Wald_logistf_sas","alignment","both_point_converged",2500,0.8704,0.048,0.8704,0.8704,0.006,0.006,0.00689338235294118,0.00689338235294118,0.0017737184210229,0.0017737184210229,15,15,2176,2176,0,0,0.130867993444168,0.343762225887958,0.633833624756928,0.0213854591369998,0.0460149928641219,0.060496184307995,4.2654193108671e-05,0.000388123384736705
"C40R00","simulation","aligned_Wald_logistf_sas","alignment","common_point_converged",2500,0.8668,0.048,0.8668,0.8668,0.006,0.006,0.00692201199815413,0.00692201199815413,0.00178105936806342,0.00178105936806342,15,15,2167,2167,0,0,0.130629362460994,0.343762225887958,0.633833624756928,0.0213416755870997,0.0460149928641219,0.060496184307995,4.25806721624511e-05,0.000388123384736705
"C40R00","simulation","aligned_Wald_logistf_sas","alignment","common_inference_available",2500,0.8568,0.048,0.8568,0.8568,0.006,0.006,0.00700280112044818,0.00700280112044818,0.00180177341533373,0.00180177341533373,15,15,2142,2142,0,0,0.129876662625144,0.328133555028062,0.496063952596523,0.0212410323447491,0.0448014321317463,0.0600022808830077,4.21227347872088e-05,0.000378662170942068
"C100R00","simulation","aligned_Wald_logistf_sas","alignment","all_outputs",2500,1,0.0032,0.9968,0.9968,0.0172,0.0172,0.0172552166934189,0.0172552166934189,0.0026085944345316,0.0026085944345316,43,43,2492,2492,0.0128,0,0.0686406603623406,0.272805228852259,0.661832850453616,0.0135415523792684,0.0351376563332244,0.0774832747899133,2.86024425557585e-05,0.000318127388493128
"C100R00","simulation","aligned_Wald_logistf_sas","alignment","both_point_converged",2500,0.984,0.0032,0.984,0.984,0.0164,0.0164,0.0166666666666667,0.0166666666666667,0.00258111409178922,0.00258111409178922,41,41,2460,2460,0,0,0.0682186509041314,0.234602700402268,0.512756715124009,0.01342996684753,0.0346022650392541,0.0641751166313253,2.80958595780811e-05,0.000250772307449854
"C100R00","simulation","aligned_Wald_logistf_sas","alignment","common_point_converged",2500,0.9832,0.0032,0.9832,0.9832,0.016,0.016,0.016273393002441,0.016273393002441,0.00255202736002372,0.00255202736002372,40,40,2458,2458,0,0,0.0682165392814857,0.234219360785974,0.512756715124009,0.01342996684753,0.0344822739430873,0.0641751166313253,2.8077080719946e-05,0.000249643949771672
"C100R00","simulation","aligned_Wald_logistf_sas","alignment","common_inference_available",2500,0.9828,0.0032,0.9828,0.9828,0.016,0.016,0.0162800162800163,0.0162800162800163,0.00255305744148606,0.00255305744148606,40,40,2457,2457,0,0,0.0682165392814857,0.234219360785974,0.512756715124009,0.01342996684753,0.0344822739430873,0.0641751166313253,2.8077080719946e-05,0.000249643949771672
"C40R50","simulation","aligned_Wald_logistf_sas","alignment","all_outputs",2500,1,0.048,0.952,0.952,0.0052,0.0052,0.00546218487394958,0.00546218487394958,0.00151079441098016,0.00151079441098016,13,13,2380,2380,0.0928,0,0.142953192864494,0.541298974418976,1.96796346699734,0.0225594973543632,0.0628914780074126,0.188761634163758,5.20434649730894e-05,0.0874338891631243
"C40R50","simulation","aligned_Wald_logistf_sas","alignment","both_point_converged",2500,0.8592,0.048,0.8592,0.8592,0.0052,0.0052,0.00605214152700186,0.00605214152700186,0.00167347489004365,0.00167347489004365,13,13,2148,2148,0,0,0.137123403245396,0.35751148967413,0.49606395259653,0.0220041571392616,0.047058386186852,0.0620980234672188,4.43151009625886e-05,0.000379098231556796
"C40R50","simulation","aligned_Wald_logistf_sas","alignment","common_point_converged",2500,0.8516,0.048,0.8516,0.8516,0.0052,0.0052,0.00610615312353218,0.00610615312353218,0.00168836373682546,0.00168836373682546,13,13,2129,2129,0,0,0.136490369319169,0.349699423436221,0.49606395259653,0.0219782204809514,0.046985551795006,0.0620980234672188,4.40744041646512e-05,0.00037789386420517
"C40R50","simulation","aligned_Wald_logistf_sas","alignment","common_inference_available",2500,0.8404,0.048,0.8404,0.8404,0.0052,0.0052,0.00618752974773917,0.00618752974773917,0.00171079449735076,0.00171079449735076,13,13,2101,2101,0,0,0.136027654172974,0.340534325182754,0.49606395259653,0.0219239129574648,0.0467796118871867,0.0620980234672188,4.37919227112005e-05,0.000375201370544698
"C100R50","simulation","aligned_Wald_logistf_sas","alignment","all_outputs",2500,1,0.004,0.996,0.996,0.0184,0.0184,0.0184738955823293,0.0184738955823293,0.00269855016587202,0.00269855016587202,46,46,2490,2490,0.0128,0,0.0743418535172773,0.32856225457328,0.660665455761679,0.0143393711542149,0.0385144988008596,0.0664160632093381,3.07321875427369e-05,0.000369154218406109
"C100R50","simulation","aligned_Wald_logistf_sas","alignment","both_point_converged",2500,0.9832,0.004,0.9832,0.9832,0.0176,0.0176,0.0179007323026851,0.0179007323026851,0.00267437407304064,0.00267437407304064,44,44,2458,2458,0,0,0.0738082762534926,0.279018347452637,0.498700654356159,0.0143050799003196,0.0358142359505569,0.0664160632093381,3.01624922440791e-05,0.000305488464610981
"C100R50","simulation","aligned_Wald_logistf_sas","alignment","common_point_converged",2500,0.982,0.004,0.982,0.982,0.0176,0.0176,0.0179226069246436,0.0179226069246436,0.00267761232709348,0.00267761232709348,44,44,2455,2455,0,0,0.0737558019047801,0.276443787101325,0.498700654356159,0.0143050799003196,0.0356812428555262,0.0664160632093381,3.01427415499989e-05,0.000303569342829713
"C100R50","simulation","aligned_Wald_logistf_sas","alignment","common_inference_available",2500,0.9816,0.004,0.9816,0.9816,0.0176,0.0176,0.0179299103504482,0.0179299103504482,0.00267869348827087,0.00267869348827087,44,44,2454,2454,0,0,0.0737462003574452,0.276443787101325,0.498700654356159,0.0142941588698081,0.0356812428555262,0.0664160632093381,3.01415381459558e-05,0.000303569342829713
"C40R90","simulation","aligned_Wald_logistf_sas","alignment","all_outputs",2500,1,0.0524,0.9476,0.9476,0.0048,0.0048,0.00506542845082313,0.00506542845082313,0.00145855504304981,0.00145855504304981,12,12,2369,2369,0.1248,0,0.147903336037964,0.54435339540823,1.96796346699722,0.0232618773691733,0.0646328120821343,0.123610653749544,5.95436117645232e-05,0.0735626810920582
"C40R90","simulation","aligned_Wald_logistf_sas","alignment","both_point_converged",2500,0.8228,0.0524,0.8228,0.8228,0.0048,0.0048,0.00583373845405931,0.00583373845405931,0.00167913587947922,0.00167913587947922,12,12,2057,2057,0,0,0.139973000423935,0.361090497335709,0.602664435884829,0.0223116241525545,0.0481171054288082,0.0655435095326136,4.92538494178962e-05,0.000413896114129564
"C40R90","simulation","aligned_Wald_logistf_sas","alignment","common_point_converged",2500,0.8172,0.0524,0.8172,0.8172,0.004,0.004,0.0048947626040137,0.0048947626040137,0.00154406699324226,0.00154406699324226,10,10,2043,2043,0,0,0.13949857453981,0.359251721075396,0.496063856930598,0.022279167331817,0.0481171054288082,0.0655435095326136,4.91889050779903e-05,0.000411242013858448
"C40R90","simulation","aligned_Wald_logistf_sas","alignment","common_inference_available",2500,0.8088,0.0524,0.8088,0.8088,0.0036,0.0036,0.00445103857566766,0.00445103857566766,0.00148037388533725,0.00148037388533725,9,9,2022,2022,0,0,0.13868679038158,0.349698841997062,0.496063856930598,0.0221540593627695,0.0474735733826329,0.0655435095326136,4.81987526281813e-05,0.000404953323507762
"C100R90","simulation","aligned_Wald_logistf_sas","alignment","all_outputs",2500,1,0.0044,0.9956,0.9956,0.0124,0.0124,0.0124548011249498,0.0124548011249498,0.00222297429727629,0.00222297429727629,31,31,2489,2489,0.0144,0,0.0782549464722648,0.328874461864062,0.66066545576166,0.0143541753767369,0.0394084264599286,0.0621657442834643,3.05133670720492e-05,0.000404687788173375
"C100R90","simulation","aligned_Wald_logistf_sas","alignment","both_point_converged",2500,0.9812,0.0044,0.9812,0.9812,0.0124,0.0124,0.012637586628618,0.012637586628618,0.00225538970655256,0.00225538970655256,31,31,2453,2453,0,0,0.0777922533254713,0.293181251843857,0.498698164865923,0.0142995885714653,0.035814235950557,0.0593488358148178,2.98889257485113e-05,0.000303569342829713
"C100R90","simulation","aligned_Wald_logistf_sas","alignment","common_point_converged",2500,0.9792,0.0044,0.9792,0.9792,0.0124,0.0124,0.0126633986928105,0.0126633986928105,0.00225996676207171,0.00225996676207171,31,31,2448,2448,0,0,0.0776858683868691,0.285052108050836,0.498698164865923,0.0142990736653817,0.0356355957524739,0.0593488358148178,2.97673678487653e-05,0.000300269024579969
"C100R90","simulation","aligned_Wald_logistf_sas","alignment","common_inference_available",2500,0.9792,0.0044,0.9792,0.9792,0.0124,0.0124,0.0126633986928105,0.0126633986928105,0.00225996676207171,0.00225996676207171,31,31,2448,2448,0,0,0.0776858683868691,0.285052108050836,0.498698164865923,0.0142990736653817,0.0356355957524739,0.0593488358148178,2.97673678487653e-05,0.000300269024579969
"C40R99","simulation","aligned_Wald_logistf_sas","alignment","all_outputs",2500,1,0.0532,0.9468,0.9468,0.0056,0.0056,0.00591465990705534,0.00591465990705534,0.00157607759224614,0.00157607759224614,14,14,2367,2367,0.1424,0,0.148712345021041,0.541297963537905,3.37040110619858,0.0233459712788987,0.0641870424878193,0.129761424198422,6.80795297218761e-05,0.109380122102112
"C40R99","simulation","aligned_Wald_logistf_sas","alignment","both_point_converged",2500,0.8044,0.0532,0.8044,0.8044,0.0044,0.0044,0.00546991546494281,0.00546991546494281,0.00164472477550054,0.00164472477550054,11,11,2011,2011,0,0,0.13938991577219,0.359249148710956,0.602664435884834,0.0222976383450576,0.047731312216153,0.065575130170229,5.29763879395413e-05,0.000413102265294008
"C40R99","simulation","aligned_Wald_logistf_sas","alignment","common_point_converged",2500,0.7896,0.0532,0.7896,0.7896,0.0036,0.0036,0.00455927051671732,0.00455927051671732,0.00151628838971568,0.00151628838971568,9,9,1974,1974,0,0,0.138185728760708,0.359249148710956,0.554986158394087,0.0221883839816601,0.0480455560661692,0.065575130170229,5.19592914489664e-05,0.000392554682428603
"C40R99","simulation","aligned_Wald_logistf_sas","alignment","common_inference_available",2500,0.7812,0.0532,0.7812,0.7812,0.0036,0.0036,0.00460829493087558,0.00460829493087558,0.00153255482619454,0.00153255482619454,9,9,1953,1953,0,0,0.137541655340904,0.344925889013187,0.496063622133022,0.0220557641589579,0.0474734675963182,0.065575130170229,5.13279957320164e-05,0.000387954873859453
"C100R99","simulation","aligned_Wald_logistf_sas","alignment","all_outputs",2500,1,0.0044,0.9956,0.9956,0.0156,0.0156,0.0156689433507433,0.0156689433507433,0.00248930436576115,0.00248930436576115,39,39,2489,2489,0.0176,0,0.0793153241626787,0.3508767893699,0.662654472414951,0.0144767214621463,0.0406692271863612,0.110747707827964,3.26318090653199e-05,0.000442707721417746
"C100R99","simulation","aligned_Wald_logistf_sas","alignment","both_point_converged",2500,0.978,0.0044,0.978,0.978,0.0156,0.0156,0.0159509202453988,0.0159509202453988,0.00253373867078468,0.00253373867078468,39,39,2445,2445,0,0,0.0786089109830006,0.306175040176185,0.457278903021726,0.0144290626387938,0.0359211176570327,0.0602622138668957,3.16629483403386e-05,0.000317631526621565
"C100R99","simulation","aligned_Wald_logistf_sas","alignment","common_point_converged",2500,0.9748,0.0044,0.9748,0.9748,0.0156,0.0156,0.0160032827246615,0.0160032827246615,0.00254198860331329,0.00254198860331329,39,39,2437,2437,0,0,0.07846849363804,0.306175040176185,0.457278903021726,0.0144259370908287,0.0359211176570327,0.0602622138668957,3.16038487837567e-05,0.000316332987909451
"C100R99","simulation","aligned_Wald_logistf_sas","alignment","common_inference_available",2500,0.9744,0.0044,0.9744,0.9744,0.0152,0.0152,0.0155993431855501,0.0155993431855501,0.00251073260082156,0.00251073260082156,38,38,2436,2436,0,0,0.0784550798187045,0.301521261550223,0.457278903021726,0.0144083321601127,0.0359211176570327,0.0602622138668957,3.15964999583196e-05,0.000310161740967985
"E020R1","exact","default_fl_logistf","alignment","all_outputs",121,1,0.0165289256198347,0.983471074380165,0.983471074380165,0,0,0,0,,,0,0,119,119,0,0.983471074380165,1.8796276904709e-05,0.000171097870151282,0.000171097870309111,1.51390011637886e-12,5.51767745515792e-08,6.89342908311019e-08,3.34742126728571e-06,1.17368798617523e-05
"E020R1","exact","default_fl_logistf","alignment","both_point_converged",121,0,0.0165289256198347,0,0,0,0,,,,,0,0,0,0,0,0,,,,,,,,
"E020R1","exact","default_fl_logistf","alignment","common_point_converged",121,0.966942148760331,0.0165289256198347,0.966942148760331,0.966942148760331,0,0,0,0,,,0,0,117,117,0,0.966942148760331,1.87962769153671e-05,0.000171097870153325,0.000171097870309111,1.51834100847736e-12,5.65189817658409e-08,6.89342908311019e-08,3.34741002205874e-06,9.45118798300726e-06
"E020R1","exact","default_fl_logistf","alignment","common_inference_available",121,0.966942148760331,0.0165289256198347,0.966942148760331,0.966942148760331,0,0,0,0,,,0,0,117,117,0,0.966942148760331,1.87962769153671e-05,0.000171097870153325,0.000171097870309111,1.51834100847736e-12,5.65189817658409e-08,6.89342908311019e-08,3.34741002205874e-06,9.45118798300726e-06
"E050R1","exact","default_fl_logistf","alignment","all_outputs",676,1,0.0029585798816568,0.997041420118343,0.997041420118343,0,0,0,0,,,0,0,674,674,0,0.997041420118343,2.68131132907801e-07,6.1002481220811e-05,0.000138950306000751,3.98570065840431e-14,6.95218227431118e-11,1.90230503238631e-07,1.03012937852087e-06,4.79910608509382e-06
"E050R1","exact","default_fl_logistf","alignment","both_point_converged",676,0,0.0029585798816568,0,0,0,0,,,,,0,0,0,0,0,0,,,,,,,,
"E050R1","exact","default_fl_logistf","alignment","common_point_converged",676,0.994082840236686,0.0029585798816568,0.994082840236686,0.994082840236686,0,0,0,0,,,0,0,672,672,0,0.994082840236686,2.68131131075933e-07,6.10024812347376e-05,0.000138950306000751,4.84057238736568e-14,7.04573699383798e-11,1.90230503238631e-07,1.02756542041949e-06,4.7991060851027e-06
"E050R1","exact","default_fl_logistf","alignment","common_inference_available",676,0.994082840236686,0.0029585798816568,0.994082840236686,0.994082840236686,0,0,0,0,,,0,0,672,672,0,0.994082840236686,2.68131131075933e-07,6.10024812347376e-05,0.000138950306000751,4.84057238736568e-14,7.04573699383798e-11,1.90230503238631e-07,1.02756542041949e-06,4.7991060851027e-06
"E100R1","exact","default_fl_logistf","alignment","all_outputs",2601,1,0.000768935024990388,0.945405613225683,0.945405613225683,0,0,0,0,,,0,0,2459,2459,0,0.945405613225683,3.07197265558834e-06,3.00715482890368e-05,3.69915349986982e-05,1.33226762955019e-15,3.0506108750217e-11,1.34513278848836e-07,9.83193688686157e-08,2.66989075844104e-06
"E100R1","exact","default_fl_logistf","alignment","both_point_converged",2601,0,0.000768935024990388,0,0,0,0,,,,,0,0,0,0,0,0,,,,,,,,
"E100R1","exact","default_fl_logistf","alignment","common_point_converged",2601,0.998462129950019,0.000768935024990388,0.944636678200692,0.944636678200692,0,0,0,0,,,0,0,2457,2457,0,0.944636678200692,3.05799394592632e-06,2.9148948143245e-05,3.69915349986982e-05,1.33226762955019e-15,3.05686809198848e-11,1.34513278848836e-07,9.64510129541907e-08,2.66989075847102e-06
"E100R1","exact","default_fl_logistf","alignment","common_inference_available",2601,0.991541714725106,0.000768935024990388,0.943867743175702,0.943867743175702,0,0,0,0,,,0,0,2455,2455,0,0.943867743175702,3.05799392325695e-06,2.91489481437512e-05,3.69915349986982e-05,1.33226762955019e-15,3.06312530895526e-11,1.34513278848836e-07,9.83193688686157e-08,2.66989075850099e-06
"E200R1","exact","default_fl_logistf","alignment","all_outputs",10201,1,0.000196059209881384,0.963336927752181,0.963336927752181,0,0,0,0,,,0,0,9827,9827,0,0.963336927752181,3.64319452572648e-06,2.00240011562336e-05,0.00796429211598848,0,1.76235004367697e-11,1.90230503238631e-07,1.91792453502204e-07,1.12832147069142e-06
"E200R1","exact","default_fl_logistf","alignment","both_point_converged",10201,0,0.000196059209881384,0,0,0,0,,,,,0,0,0,0,0,0,,,,,,,,
"E200R1","exact","default_fl_logistf","alignment","common_point_converged",10201,0.999607881580237,0.000196059209881384,0.9631408685423,0.9631408685423,0,0,0,0,,,0,0,9825,9825,0,0.9631408685423,3.64308097611232e-06,2.00240010444297e-05,0.00796429211598848,0,1.76235825932736e-11,1.90230503238631e-07,1.91792452919337e-07,1.12832147070918e-06
"E200R1","exact","default_fl_logistf","alignment","common_inference_available",10201,0.986962062542888,0.000196059209881384,0.963042838937359,0.963042838937359,0,0,0,0,,,0,0,9824,9824,0,0.963042838937359,3.64308096290067e-06,2.00240010464636e-05,0.00796429211598848,0,1.76236236715255e-11,1.90230503238631e-07,1.91792453210771e-07,1.12832147071806e-06
"E020R4","exact","default_fl_logistf","alignment","all_outputs",85,1,0.0235294117647059,0.976470588235294,0.976470588235294,0,0,0,0,,,0,0,83,83,0,0.976470588235294,1.97864135111914e-05,0.000171562014139965,0.000171562014172011,2.66703326090578e-11,9.18254030590759e-10,9.18298548313601e-10,1.7772620966916e-05,3.27470145562536e-05
"E020R4","exact","default_fl_logistf","alignment","both_point_converged",85,0,0.0235294117647059,0,0,0,0,,,,,0,0,0,0,0,0,,,,,,,,
"E020R4","exact","default_fl_logistf","alignment","common_point_converged",85,0.952941176470588,0.0235294117647059,0.952941176470588,0.952941176470588,0,0,0,0,,,0,0,81,81,0,0.952941176470588,1.97864135769166e-05,0.000171562014140747,0.000171562014172011,2.66743294119465e-11,9.18255116388878e-10,9.18298548313601e-10,1.77725986731936e-05,3.27470147240216e-05
"E020R4","exact","default_fl_logistf","alignment","common_inference_available",85,0.952941176470588,0.0235294117647059,0.952941176470588,0.952941176470588,0,0,0,0,,,0,0,81,81,0,0.952941176470588,1.97864135769166e-05,0.000171562014140747,0.000171562014172011,2.66743294119465e-11,9.18255116388878e-10,9.18298548313601e-10,1.77725986731936e-05,3.27470147240216e-05
"E050R4","exact","default_fl_logistf","alignment","all_outputs",451,1,0.00443458980044346,0.995565410199557,0.995565410199557,0,0,0,0,,,0,0,449,449,0,0.995565410199557,3.00032152078522e-06,6.55653536031053e-05,0.000146664497187032,6.26165785888588e-13,6.15330346676046e-10,1.01840180732893e-09,4.47501275946394e-06,1.40070430452255e-05
"E050R4","exact","default_fl_logistf","alignment","both_point_converged",451,0,0.00443458980044346,0,0,0,0,,,,,0,0,0,0,0,0,,,,,,,,
"E050R4","exact","default_fl_logistf","alignment","common_point_converged",451,0.991130820399113,0.00443458980044346,0.991130820399113,0.991130820399113,0,0,0,0,,,0,0,447,447,0,0.991130820399113,3.00006781017714e-06,6.55653536051837e-05,0.000146664497187032,6.62470078793831e-13,6.15334403430978e-10,1.01840180732893e-09,4.62329161879382e-06,1.40070430455119e-05
"E050R4","exact","default_fl_logistf","alignment","common_inference_available",451,0.991130820399113,0.00443458980044346,0.991130820399113,0.991130820399113,0,0,0,0,,,0,0,447,447,0,0.991130820399113,3.00006781017714e-06,6.55653536051837e-05,0.000146664497187032,6.62470078793831e-13,6.15334403430978e-10,1.01840180732893e-09,4.62329161879382e-06,1.40070430455119e-05
"E100R4","exact","default_fl_logistf","alignment","all_outputs",1701,1,0.00117577895355673,0.990593768371546,0.990593768371546,0,0,0,0,,,0,0,1685,1685,0,0.990593768371546,2.23906674867713e-07,3.93441548976625e-05,0.000176109009908387,3.47499806707674e-14,4.50059358669819e-10,2.05105184203358e-06,2.20494309477459e-06,7.67373148455874e-06
"E100R4","exact","default_fl_logistf","alignment","both_point_converged",1701,0,0.00117577895355673,0,0,0,0,,,,,0,0,0,0,0,0,,,,,,,,
"E100R4","exact","default_fl_logistf","alignment","common_point_converged",1701,0.997648442092887,0.00117577895355673,0.989417989417989,0.989417989417989,0,0,0,0,,,0,0,1683,1683,0,0.989417989417989,2.17002944391531e-07,3.93441548998919e-05,0.000176109009908387,3.51940698806175e-14,4.50074795210753e-10,2.05105184203358e-06,2.23662291731763e-06,7.67373148606865e-06
"E100R4","exact","default_fl_logistf","alignment","common_inference_available",1701,0.997648442092887,0.00117577895355673,0.989417989417989,0.989417989417989,0,0,0,0,,,0,0,1683,1683,0,0.989417989417989,2.17002944391531e-07,3.93441548998919e-05,0.000176109009908387,3.51940698806175e-14,4.50074795210753e-10,2.05105184203358e-06,2.23662291731763e-06,7.67373148606865e-06
"E200R4","exact","default_fl_logistf","alignment","all_outputs",6601,1,0.00030298439630359,0.948189668232086,0.948189668232086,0,0,0,0,,,0,0,6259,6259,0,0.948189668232086,6.32927415222806e-06,2.72942584253766e-05,0.00138707931933935,4.44089209850063e-16,8.23858403720124e-11,3.75654385376123e-09,3.96755644616054e-07,3.93434721320585e-06
"E200R4","exact","default_fl_logistf","alignment","both_point_converged",6601,0,0.00030298439630359,0,0,0,0,,,,,0,0,0,0,0,0,,,,,,,,
"E200R4","exact","default_fl_logistf","alignment","common_point_converged",6601,0.999394031207393,0.00030298439630359,0.947886683835782,0.947886683835782,0,0,0,0,,,0,0,6257,6257,0,0.947886683835782,6.32022545965505e-06,2.71407282145297e-05,0.00138707931933935,4.44089209850063e-16,8.23912893466171e-11,3.75654385376123e-09,3.96755650278191e-07,3.93434721332575e-06
"E200R4","exact","default_fl_logistf","alignment","common_inference_available",6601,0.995152249659143,0.00030298439630359,0.947886683835782,0.947886683835782,0,0,0,0,,,0,0,6257,6257,0,0.947886683835782,6.32022545965505e-06,2.71407282145297e-05,0.00138707931933935,4.44089209850063e-16,8.23912893466171e-11,3.75654385376123e-09,3.96755650278191e-07,3.93434721332575e-06
"C40R00","simulation","default_fl_logistf","alignment","all_outputs",2500,1,0.048,0.952,0.952,0,0,0,0,0,0,0,0,2380,2380,0.0576,0.8944,5.43091127473971e-05,0.00195871809618664,32.478306988975,4.3537506932978e-11,4.06194092583689e-07,0.0422812399119487,2.48191178653379e-06,0.000914173193125034
"C40R00","simulation","default_fl_logistf","alignment","both_point_converged",2500,0,0.048,0,0,0,0,,,,,0,0,0,0,0,0,,,,,,,,
"C40R00","simulation","default_fl_logistf","alignment","common_point_converged",2500,0.8668,0.048,0.8668,0.8668,0,0,0,0,0,0,0,0,2167,2167,0,0.8668,4.81551260769209e-05,0.00107444617081498,3.93410755102321,3.69335673156002e-11,6.66080501865451e-09,1.00985594764236e-06,2.2011969349478e-06,2.78555594298568e-05
"C40R00","simulation","default_fl_logistf","alignment","common_inference_available",2500,0.8568,0.048,0.8568,0.8568,0,0,0,0,0,0,0,0,2142,2142,0,0.8568,4.73094881303648e-05,0.000999210152537344,3.93410755102321,3.68528541017099e-11,6.66080501865451e-09,1.00985594764236e-06,2.18394831857927e-06,2.77822813701256e-05
"C100R00","simulation","default_fl_logistf","alignment","all_outputs",2500,1,0.0032,0.9968,0.9968,0,0,0,0,0,0,0,0,2492,2492,0.0116,0.9852,2.3172083945644e-05,0.00045572161643026,0.121892761768736,9.56568158017035e-12,4.75142836187104e-09,5.37629546970564e-06,7.36241855814335e-07,2.38983421432248e-05
"C100R00","simulation","default_fl_logistf","alignment","both_point_converged",2500,0,0.0032,0,0,0,0,,,,,0,0,0,0,0,0,,,,,,,,
"C100R00","simulation","default_fl_logistf","alignment","common_point_converged",2500,0.9832,0.0032,0.9832,0.9832,0,0,0,0,0,0,0,0,2458,2458,0,0.9832,2.27505686987151e-05,0.000335842114751905,0.121892761768736,9.22806275838184e-12,2.20075624390859e-09,1.03228638193009e-07,7.22989479784442e-07,1.59462244706532e-05
"C100R00","simulation","default_fl_logistf","alignment","common_inference_available",2500,0.9828,0.0032,0.9828,0.9828,0,0,0,0,0,0,0,0,2457,2457,0,0.9828,2.27505686987151e-05,0.000335842114751905,0.121892761768736,9.22806275838184e-12,2.20075624390859e-09,1.03228638193009e-07,7.22989479784442e-07,1.59462244706532e-05
"C40R50","simulation","default_fl_logistf","alignment","all_outputs",2500,1,0.048,0.952,0.952,0,0,0,0,0,0,0,0,2380,2380,0.064,0.888,5.80287125782064e-05,0.00243882883666191,9.52937292115988,4.94029261943751e-11,4.68851470314391e-07,0.0422812399119096,2.48145635417529e-06,0.00129384052999315
"C40R50","simulation","default_fl_logistf","alignment","both_point_converged",2500,0,0.048,0,0,0,0,,,,,0,0,0,0,0,0,,,,,,,,
"C40R50","simulation","default_fl_logistf","alignment","common_point_converged",2500,0.8516,0.048,0.8516,0.8516,0,0,0,0,0,0,0,0,2129,2129,0,0.8516,5.08766510103342e-05,0.00139066421189171,3.93410759722765,3.96996879814537e-11,4.92897733739284e-09,2.22498868773791e-07,2.17764965343425e-06,2.64862685910305e-05
"C40R50","simulation","default_fl_logistf","alignment","common_inference_available",2500,0.8404,0.048,0.8404,0.8404,0,0,0,0,0,0,0,0,2101,2101,0,0.8404,5.03007566352576e-05,0.00130310743100726,3.93410759722765,3.93943766496818e-11,4.92897733739284e-09,2.22498868773791e-07,2.14215421170949e-06,2.55479411961357e-05
"C100R50","simulation","default_fl_logistf","alignment","all_outputs",2500,1,0.004,0.996,0.996,0,0,0,0,0,0,0,0,2490,2490,0.012,0.984,2.48371218889432e-05,0.000463495616164877,0.00570228954677843,7.87536702517855e-12,1.99247773835509e-09,8.73947487267657e-07,7.31672583187404e-07,1.78036595755438e-05
"C100R50","simulation","default_fl_logistf","alignment","both_point_converged",2500,0,0.004,0,0,0,0,,,,,0,0,0,0,0,0,,,,,,,,
"C100R50","simulation","default_fl_logistf","alignment","common_point_converged",2500,0.982,0.004,0.982,0.982,0,0,0,0,0,0,0,0,2455,2455,0,0.982,2.44445718600161e-05,0.000422227444684342,0.00570228954677843,7.68929364625137e-12,1.46182388416349e-09,1.2862810483405e-08,7.19104166629903e-07,1.30123409811667e-05
"C100R50","simulation","default_fl_logistf","alignment","common_inference_available",2500,0.9816,0.004,0.9816,0.9816,0,0,0,0,0,0,0,0,2454,2454,0,0.9816,2.44277668767223e-05,0.000422227444684342,0.00570228954677843,7.67275132318446e-12,1.46182388416349e-09,1.2862810483405e-08,7.16096042722005e-07,1.30017963172468e-05
"C40R90","simulation","default_fl_logistf","alignment","all_outputs",2500,1,0.0524,0.9476,0.9476,0,0,0,0,0,0,0,0,2369,2369,0.0872,0.8604,6.05853701722836e-05,0.00295774101794066,36.032089683894,2.55315768526998e-11,1.24137944645941e-06,0.0422812394448786,1.97926564360351e-06,0.00231022243643819
"C40R90","simulation","default_fl_logistf","alignment","both_point_converged",2500,0,0.0524,0,0,0,0,,,,,0,0,0,0,0,0,,,,,,,,
"C40R90","simulation","default_fl_logistf","alignment","common_point_converged",2500,0.8172,0.0524,0.8172,0.8172,0,0,0,0,0,0,0,0,2043,2043,0,0.8172,5.07718206150809e-05,0.00167434197090177,0.831664447851097,2.0149437673922e-11,3.15547665774574e-09,1.86466134755037e-07,1.62010136417479e-06,2.25791190142655e-05
"C40R90","simulation","default_fl_logistf","alignment","common_inference_available",2500,0.8088,0.0524,0.8088,0.8088,0,0,0,0,0,0,0,0,2022,2022,0,0.8088,5.04991213619022e-05,0.00130312803423749,0.831664447851097,2.01026972845852e-11,3.15547665774574e-09,1.86466134755037e-07,1.60870489007703e-06,2.24042832361881e-05
"C100R90","simulation","default_fl_logistf","alignment","all_outputs",2500,1,0.0044,0.9956,0.9956,0,0,0,0,0,0,0,0,2489,2489,0.0136,0.982,2.62255693379565e-05,0.000497398588155562,1.687042644594,4.37916369833147e-12,2.53643117620328e-09,0.00150648062824588,5.35800019019206e-07,1.39658295460476e-05
"C100R90","simulation","default_fl_logistf","alignment","both_point_converged",2500,0,0.0044,0,0,0,0,,,,,0,0,0,0,0,0,,,,,,,,
"C100R90","simulation","default_fl_logistf","alignment","common_point_converged",2500,0.9792,0.0044,0.9792,0.9792,0,0,0,0,0,0,0,0,2448,2448,0,0.9792,2.55548627179358e-05,0.000374872720827923,0.00232752144310888,4.2259529209332e-12,1.21787524509642e-09,4.27366440014509e-08,5.15563057357227e-07,1.16132266390068e-05
"C100R90","simulation","default_fl_logistf","alignment","common_inference_available",2500,0.9792,0.0044,0.9792,0.9792,0,0,0,0,0,0,0,0,2448,2448,0,0.9792,2.55548627179358e-05,0.000374872720827923,0.00232752144310888,4.2259529209332e-12,1.21787524509642e-09,4.27366440014509e-08,5.15563057357227e-07,1.16132266390068e-05
"C40R99","simulation","default_fl_logistf","alignment","all_outputs",2500,1,0.0532,0.9468,0.9468,0,0,0,0,0,0,0,0,2367,2367,0.1084,0.8384,5.9009946289823e-05,0.0249078042470217,35.5345530210327,6.01152461143784e-12,1.24145450319801e-06,0.00560870698675986,9.56333148449673e-07,0.00217245978677383
"C40R99","simulation","default_fl_logistf","alignment","both_point_converged",2500,0,0.0532,0,0,0,0,,,,,0,0,0,0,0,0,,,,,,,,
"C40R99","simulation","default_fl_logistf","alignment","common_point_converged",2500,0.7896,0.0532,0.7896,0.7896,0,0,0,0,0,0,0,0,1974,1974,0,0.7896,4.86623048066015e-05,0.00126104199198362,27.5169208633452,4.4140247013047e-12,2.40619235647443e-09,2.98088792538564e-08,7.46199395496028e-07,1.43036860795753e-05
"C40R99","simulation","default_fl_logistf","alignment","common_inference_available",2500,0.7812,0.0532,0.7812,0.7812,0,0,0,0,0,0,0,0,1953,1953,0,0.7812,4.83401532758165e-05,0.00119479673425982,27.5169208633452,4.44078107619816e-12,2.40619235647443e-09,2.98088792538564e-08,7.38531037436374e-07,1.42732212916608e-05
"C100R99","simulation","default_fl_logistf","alignment","all_outputs",2500,1,0.0044,0.9956,0.9956,0,0,0,0,0,0,0,0,2489,2489,0.0168,0.9788,2.53166336570132e-05,0.000466038264265833,6.92527521501681,9.51461132103759e-13,1.4808905213215e-09,0.00150487252545772,2.60536787588528e-07,1.05489050834517e-05
"C100R99","simulation","default_fl_logistf","alignment","both_point_converged",2500,0,0.0044,0,0,0,0,,,,,0,0,0,0,0,0,,,,,,,,
"C100R99","simulation","default_fl_logistf","alignment","common_point_converged",2500,0.9748,0.0044,0.9748,0.9748,0,0,0,0,0,0,0,0,2437,2437,0,0.9748,2.4376061438236e-05,0.000332759548149042,0.00183189736757505,9.08717545655691e-13,4.83520667948767e-10,7.71009556199687e-09,2.5372382417288e-07,5.74577555045863e-06
"C100R99","simulation","default_fl_logistf","alignment","common_inference_available",2500,0.9744,0.0044,0.9744,0.9744,0,0,0,0,0,0,0,0,2436,2436,0,0.9744,2.43700852609052e-05,0.000332759548149042,0.00183189736757505,9.08717545655691e-13,4.83520667948767e-10,7.71009556199687e-09,2.53481409195899e-07,5.74577555045863e-06
"E020R1","exact","tight_PL_logistf_sas","alignment","all_outputs",121,1,0.0165289256198347,0.983471074380165,0.983471074380165,0,0.0991735537190083,0,0.100840336134454,,,0,12,119,119,0,0,3.93463039927155e-13,3.67213814911338e-12,3.91331411719875e-12,0.0263218570940537,0.0883658474806921,0.0883658474806921,6.10591123439974e-07,2.68113558686167e-06
"E020R1","exact","tight_PL_logistf_sas","alignment","both_point_converged",121,0.983471074380165,0.0165289256198347,0.983471074380165,0.983471074380165,0,0.0991735537190083,0,0.100840336134454,,,0,12,119,119,0,0,3.93463039927155e-13,3.67213814911338e-12,3.91331411719875e-12,0.0263218570940537,0.0883658474806921,0.0883658474806921,6.10591123439974e-07,2.68113558686167e-06
"E020R1","exact","tight_PL_logistf_sas","alignment","common_point_converged",121,0.966942148760331,0.0165289256198347,0.966942148760331,0.966942148760331,0,0.0991735537190083,0,0.102564102564103,,,0,12,117,117,0,0,4.15667500419659e-13,3.67219143981856e-12,3.91331411719875e-12,0.0263218570940539,0.0883658474806921,0.0883658474806921,4.57407097975704e-07,2.68113558688832e-06
"E020R1","exact","tight_PL_logistf_sas","alignment","common_inference_available",121,0.966942148760331,0.0165289256198347,0.966942148760331,0.966942148760331,0,0.0991735537190083,0,0.102564102564103,,,0,12,117,117,0,0,4.15667500419659e-13,3.67219143981856e-12,3.91331411719875e-12,0.0263218570940539,0.0883658474806921,0.0883658474806921,4.57407097975704e-07,2.68113558688832e-06
"E050R1","exact","tight_PL_logistf_sas","alignment","all_outputs",676,1,0.0029585798816568,0.997041420118343,0.997041420118343,0,0.0532544378698225,0,0.0534124629080119,,,0,36,674,674,0,0,5.45341549695877e-13,7.40105754459818e-12,1.33031363702685e-11,0.00648537333035476,0.0815000166236946,0.0878678066030465,6.74716884585536e-07,4.223125944538e-06
"E050R1","exact","tight_PL_logistf_sas","alignment","both_point_converged",676,0.997041420118343,0.0029585798816568,0.997041420118343,0.997041420118343,0,0.0532544378698225,0,0.0534124629080119,,,0,36,674,674,0,0,5.45341549695877e-13,7.40105754459818e-12,1.33031363702685e-11,0.00648537333035476,0.0815000166236946,0.0878678066030465,6.74716884585536e-07,4.223125944538e-06
"E050R1","exact","tight_PL_logistf_sas","alignment","common_point_converged",676,0.994082840236686,0.0029585798816568,0.994082840236686,0.994082840236686,0,0.0532544378698225,0,0.0535714285714286,,,0,36,672,672,0,0,5.40456568387526e-13,7.41269268189624e-12,1.33031363702685e-11,0.00648537333035498,0.0815000166236946,0.0878678066030465,6.69814585574358e-07,4.22312594457352e-06
"E050R1","exact","tight_PL_logistf_sas","alignment","common_inference_available",676,0.994082840236686,0.0029585798816568,0.994082840236686,0.994082840236686,0,0.0532544378698225,0,0.0535714285714286,,,0,36,672,672,0,0,5.40456568387526e-13,7.41269268189624e-12,1.33031363702685e-11,0.00648537333035498,0.0815000166236946,0.0878678066030465,6.69814585574358e-07,4.22312594457352e-06
"E100R1","exact","tight_PL_logistf_sas","alignment","all_outputs",2601,1,0.000768935024990388,0.992310649750096,0.99923106497501,0,0.0207612456747405,0,0.0207772220084648,,,0,54,2581,2599,0,0,2.1138646388863e-13,1.05821129636752e-11,1.74082970261225e-11,0.00101909754735554,0.0406316533931951,0.0872632474287265,2.82192401002135e-07,3.95044939916822e-06
"E100R1","exact","tight_PL_logistf_sas","alignment","both_point_converged",2601,0.99923106497501,0.000768935024990388,0.992310649750096,0.99923106497501,0,0.0207612456747405,0,0.0207772220084648,,,0,54,2581,2599,0,0,2.1138646388863e-13,1.05821129636752e-11,1.74082970261225e-11,0.00101909754735554,0.0406316533931951,0.0872632474287265,2.82192401002135e-07,3.95044939916822e-06
"E100R1","exact","tight_PL_logistf_sas","alignment","common_point_converged",2601,0.998462129950019,0.000768935024990388,0.991541714725106,0.998462129950019,0,0.0207612456747405,0,0.0207932229495572,,,0,54,2579,2597,0,0,2.11497486191092e-13,1.05826813978638e-11,1.74082970261225e-11,0.00101909754735554,0.0406316533931951,0.0872632474287265,2.82192401002135e-07,3.9504493991771e-06
"E100R1","exact","tight_PL_logistf_sas","alignment","common_inference_available",2601,0.991541714725106,0.000768935024990388,0.991541714725106,0.991541714725106,0,0.0199923106497501,0,0.0201628538193098,,,0,52,2579,2579,0,0,2.11497486191092e-13,1.05826813978638e-11,1.74082970261225e-11,0.00101681728148504,0.0398681183829139,0.0872632474287265,2.76114061836807e-07,3.93704842180931e-06
"E200R1","exact","tight_PL_logistf_sas","alignment","all_outputs",10201,1,0.000196059209881384,0.987158121752769,0.999803940790118,0,0.00686207234584845,0,0.00686341798215511,,,0,70,10070,10199,0,0,2.78166378819833e-13,1.08824682598651e-11,7.53512807705192e-11,1.52409618952199e-05,0.0198802171786988,0.0868760010046238,2.55083009825796e-07,3.99894180526772e-06
"E200R1","exact","tight_PL_logistf_sas","alignment","both_point_converged",10201,0.999803940790118,0.000196059209881384,0.987158121752769,0.999803940790118,0,0.00686207234584845,0,0.00686341798215511,,,0,70,10070,10199,0,0,2.78166378819833e-13,1.08824682598651e-11,7.53512807705192e-11,1.52409618952199e-05,0.0198802171786988,0.0868760010046238,2.55083009825796e-07,3.99894180526772e-06
"E200R1","exact","tight_PL_logistf_sas","alignment","common_point_converged",10201,0.999607881580237,0.000196059209881384,0.986962062542888,0.999607881580237,0,0.00686207234584845,0,0.00686476414631754,,,0,70,10068,10197,0,0,2.78402301212566e-13,1.08850795044191e-11,7.53512807705192e-11,1.52409618952199e-05,0.0198802171786988,0.0868760010046238,2.55083009381707e-07,3.99894180528548e-06
"E200R1","exact","tight_PL_logistf_sas","alignment","common_inference_available",10201,0.986962062542888,0.000196059209881384,0.986962062542888,0.986962062542888,0,0.00627389471620429,0,0.00635677393722686,,,0,64,10068,10068,0,0,2.78402301212566e-13,1.08850795044191e-11,7.53512807705192e-11,1.3746161778091e-05,0.0178886880451136,0.0868760010046238,2.53033449526541e-07,3.64360948538422e-06
"E020R4","exact","tight_PL_logistf_sas","alignment","all_outputs",85,1,0.0235294117647059,0.976470588235294,0.976470588235294,0,0.117647058823529,0,0.120481927710843,,,0,10,83,83,0.0235294117647059,0,1.50990331349021e-12,2.56605225956719e-10,2.5661250901976e-10,0.0387658013845035,0.127245311044776,0.127245311044777,1.7765619055865e-06,2.316851835376e-05
"E020R4","exact","tight_PL_logistf_sas","alignment","both_point_converged",85,0.952941176470588,0.0235294117647059,0.952941176470588,0.952941176470588,0,0.117647058823529,0,0.123456790123457,,,0,10,81,81,0,0,1.50235379692276e-12,6.13677997307604e-12,6.14175377222637e-12,0.0387658013845065,0.127245311044776,0.127245311044777,1.58435665120749e-06,3.66547619927715e-06
"E020R4","exact","tight_PL_logistf_sas","alignment","common_point_converged",85,0.952941176470588,0.0235294117647059,0.952941176470588,0.952941176470588,0,0.117647058823529,0,0.123456790123457,,,0,10,81,81,0,0,1.50235379692276e-12,6.13677997307604e-12,6.14175377222637e-12,0.0387658013845065,0.127245311044776,0.127245311044777,1.58435665120749e-06,3.66547619927715e-06
"E020R4","exact","tight_PL_logistf_sas","alignment","common_inference_available",85,0.952941176470588,0.0235294117647059,0.952941176470588,0.952941176470588,0,0.117647058823529,0,0.123456790123457,,,0,10,81,81,0,0,1.50235379692276e-12,6.13677997307604e-12,6.14175377222637e-12,0.0387658013845065,0.127245311044776,0.127245311044777,1.58435665120749e-06,3.66547619927715e-06
"E050R4","exact","tight_PL_logistf_sas","alignment","all_outputs",451,1,0.00443458980044346,0.995565410199557,0.995565410199557,0,0.0665188470066519,0,0.066815144766147,,,0,30,449,449,0,0,1.00319752505129e-12,1.87627335890283e-11,1.98987493149616e-11,0.00950301308820944,0.118699644488337,0.120780780262552,1.13050951133786e-06,6.1192855218728e-06
"E050R4","exact","tight_PL_logistf_sas","alignment","both_point_converged",451,0.995565410199557,0.00443458980044346,0.995565410199557,0.995565410199557,0,0.0665188470066519,0,0.066815144766147,,,0,30,449,449,0,0,1.00319752505129e-12,1.87627335890283e-11,1.98987493149616e-11,0.00950301308820944,0.118699644488337,0.120780780262552,1.13050951133786e-06,6.1192855218728e-06
"E050R4","exact","tight_PL_logistf_sas","alignment","common_point_converged",451,0.991130820399113,0.00443458980044346,0.991130820399113,0.991130820399113,0,0.0665188470066519,0,0.0671140939597315,,,0,30,447,447,0,0,1.05160324892495e-12,1.87875670576432e-11,1.98987493149616e-11,0.00951650282787597,0.118699644488337,0.120780780262552,1.1325043047794e-06,6.11928552189056e-06
"E050R4","exact","tight_PL_logistf_sas","alignment","common_inference_available",451,0.991130820399113,0.00443458980044346,0.991130820399113,0.991130820399113,0,0.0665188470066519,0,0.0671140939597315,,,0,30,447,447,0,0,1.05160324892495e-12,1.87875670576432e-11,1.98987493149616e-11,0.00951650282787597,0.118699644488337,0.120780780262552,1.1325043047794e-06,6.11928552189056e-06
"E100R4","exact","tight_PL_logistf_sas","alignment","all_outputs",1701,1,0.00117577895355673,0.998824221046443,0.998824221046443,0,0.0352733686067019,0,0.0353148911124191,,,0,60,1699,1699,0,0,6.06636268996041e-13,1.85029236376977e-11,4.59206006553359e-11,0.00227436690937877,0.0999975180749589,0.119244169570475,8.08071691338341e-07,5.93168851059644e-06
"E100R4","exact","tight_PL_logistf_sas","alignment","both_point_converged",1701,0.998824221046443,0.00117577895355673,0.998824221046443,0.998824221046443,0,0.0352733686067019,0,0.0353148911124191,,,0,60,1699,1699,0,0,6.06636268996041e-13,1.85029236376977e-11,4.59206006553359e-11,0.00227436690937877,0.0999975180749589,0.119244169570475,8.08071691338341e-07,5.93168851059644e-06
"E100R4","exact","tight_PL_logistf_sas","alignment","common_point_converged",1701,0.997648442092887,0.00117577895355673,0.997648442092887,0.997648442092887,0,0.0352733686067019,0,0.0353565114908662,,,0,60,1697,1697,0,0,6.06403816050261e-13,1.85050907930417e-11,4.59206006553359e-11,0.00227436690938065,0.0999975180749589,0.119244169570475,8.07712870809496e-07,5.93168851059644e-06
"E100R4","exact","tight_PL_logistf_sas","alignment","common_inference_available",1701,0.997648442092887,0.00117577895355673,0.997648442092887,0.997648442092887,0,0.0352733686067019,0,0.0353565114908662,,,0,60,1697,1697,0,0,6.06403816050261e-13,1.85050907930417e-11,4.59206006553359e-11,0.00227436690938065,0.0999975180749589,0.119244169570475,8.07712870809496e-07,5.93168851059644e-06
"E200R4","exact","tight_PL_logistf_sas","alignment","all_outputs",6601,1,0.00030298439630359,0.995455234055446,0.999697015603697,0,0.0169671261930011,0,0.0169722685255342,,,0,112,6571,6599,0,0,3.50830475781549e-13,2.78083334137591e-11,8.8123286445807e-11,0.000232840446159832,0.051110129768723,0.118524056277957,4.16372643474716e-07,6.96777273339498e-06
"E200R4","exact","tight_PL_logistf_sas","alignment","both_point_converged",6601,0.999697015603697,0.00030298439630359,0.995455234055446,0.999697015603697,0,0.0169671261930011,0,0.0169722685255342,,,0,112,6571,6599,0,0,3.50830475781549e-13,2.78083334137591e-11,8.8123286445807e-11,0.000232840446159832,0.051110129768723,0.118524056277957,4.16372643474716e-07,6.96777273339498e-06
"E200R4","exact","tight_PL_logistf_sas","alignment","common_point_converged",6601,0.999394031207393,0.00030298439630359,0.995152249659143,0.999394031207393,0,0.0169671261930011,0,0.0169774139760497,,,0,112,6569,6597,0,0,3.50830475781549e-13,2.78100742434617e-11,8.8123286445807e-11,0.000232840446159832,0.0511204652531765,0.118524056277957,4.16372644806984e-07,6.96829336975568e-06
"E200R4","exact","tight_PL_logistf_sas","alignment","common_inference_available",6601,0.995152249659143,0.00030298439630359,0.995152249659143,0.995152249659143,0,0.0169671261930011,0,0.0170497792662506,,,0,112,6569,6569,0,0,3.50830475781549e-13,2.78100742434617e-11,8.8123286445807e-11,0.000233533898326647,0.0512651620355219,0.118524056277957,4.16372644806984e-07,6.97558227880534e-06
"C40R00","simulation","tight_PL_logistf_sas","alignment","all_outputs",2500,1,0.048,0.9504,0.952,0,0.0304,0,0.0319327731092437,0,0.0036039818729665,0,76,2376,2380,0.0404,0,1.25943699913478e-12,0.00714606455528433,17.7585972683912,0.0136486279799369,0.0662655581065807,0.255674738434907,4.75092644114383e-07,0.0424550878167515
"C40R00","simulation","tight_PL_logistf_sas","alignment","both_point_converged",2500,0.9116,0.048,0.91,0.9116,0,0.03,0,0.0329091706888986,0,0.00373697281908474,0,75,2275,2279,0,0,1.16662235427611e-12,4.42810232925694e-11,2.84990909064781,0.012983469063663,0.0643019682127991,0.247750853089618,4.38860504076155e-07,5.9097018088039e-06
"C40R00","simulation","tight_PL_logistf_sas","alignment","common_point_converged",2500,0.8668,0.048,0.866,0.8668,0,0.0288,0,0.0332256575911398,0,0.00385008125150397,0,72,2165,2167,0,0,1.08890674255235e-12,1.54471990754246e-11,5.90638649100583e-11,0.0124214022290999,0.0628033256557751,0.0710633376676386,4.11444793069204e-07,3.84335211878195e-06
"C40R00","simulation","tight_PL_logistf_sas","alignment","common_inference_available",2500,0.8568,0.048,0.8568,0.8568,0,0.0288,0,0.0336134453781513,0,0.00389423558695473,0,72,2142,2142,0,0,1.07469588783715e-12,1.31485933252407e-11,5.90638649100583e-11,0.0122500333133855,0.0628033256557751,0.0710633376676386,4.05383339452392e-07,3.53709185896278e-06
"C100R00","simulation","tight_PL_logistf_sas","alignment","all_outputs",2500,1,0.0032,0.9968,0.9968,0,0.0088,0,0.00882825040128411,0,0.00187386267230591,0,22,2492,2492,0.0044,0,8.72857341960298e-13,1.63318247814459e-11,0.114749456238819,0.0100959432392694,0.0857457785007879,0.186793604225385,3.01878716246762e-07,3.04456087985017e-06
"C100R00","simulation","tight_PL_logistf_sas","alignment","both_point_converged",2500,0.9924,0.0032,0.9924,0.9924,0,0.0088,0,0.00886739218057235,0,0.00188213364569396,0,22,2481,2481,0,0,8.64641691578072e-13,1.31770150346711e-11,9.23954246445646e-11,0.0100837263718345,0.0826299418072942,0.117989761148978,3.01083862730422e-07,2.36496152883348e-06
"C100R00","simulation","tight_PL_logistf_sas","alignment","common_point_converged",2500,0.9832,0.0032,0.9832,0.9832,0,0.0076,0,0.00772986167615948,0,0.00176648471042093,0,19,2458,2458,0,0,8.5309537212197e-13,1.20055076990866e-11,2.27169394406701e-11,0.0100662649058407,0.0807839508353191,0.103684271849856,2.97870902277175e-07,2.12423179890564e-06
"C100R00","simulation","tight_PL_logistf_sas","alignment","common_inference_available",2500,0.9828,0.0032,0.9828,0.9828,0,0.0076,0,0.00773300773300773,0,0.00176720086889786,0,19,2457,2457,0,0,8.5309537212197e-13,1.18633991519346e-11,2.27169394406701e-11,0.0100662649058407,0.0807839508353191,0.103684271849856,2.97870902277175e-07,2.12423179890564e-06
"C40R50","simulation","tight_PL_logistf_sas","alignment","all_outputs",2500,1,0.048,0.9504,0.952,0,0.0256,0,0.026890756302521,0,0.00331584200544021,0,64,2376,2380,0.0508,0,1.38111744263369e-12,0.0102265842535392,17.7585972683753,0.0140803070663109,0.069840994246307,0.255674738434909,5.13703016014055e-07,0.0877550452981163
"C40R50","simulation","tight_PL_logistf_sas","alignment","both_point_converged",2500,0.9012,0.048,0.8996,0.9012,0,0.0252,0,0.0279627163781625,0,0.00347336596641784,0,63,2249,2253,0,0,1.25943699913478e-12,4.24558166400857e-11,1.52041579326578e-07,0.0134630550359032,0.0645942267064441,0.247750853089618,4.72479501523182e-07,6.46291353501027e-06
"C40R50","simulation","tight_PL_logistf_sas","alignment","common_point_converged",2500,0.8516,0.048,0.8512,0.8516,0,0.0248,0,0.0291216533583842,0,0.00364420324833822,0,62,2128,2129,0,0,1.14841469667226e-12,1.63105084993731e-11,9.74242908569067e-11,0.0128930429458274,0.0628033256557756,0.0932734349395602,4.37009511911057e-07,3.95739562586428e-06
"C40R50","simulation","tight_PL_logistf_sas","alignment","common_inference_available",2500,0.8404,0.048,0.8404,0.8404,0,0.0248,0,0.0295097572584484,0,0.00369203134109203,0,62,2101,2101,0,0,1.12976294985856e-12,1.36779476633819e-11,9.74242908569067e-11,0.0127075247031689,0.0628033256557756,0.0932734349395602,4.31611063778092e-07,3.72896653066945e-06
"C100R50","simulation","tight_PL_logistf_sas","alignment","all_outputs",2500,1,0.004,0.996,0.996,0,0.008,0,0.00803212851405623,0,0.0017888109875649,0,20,2490,2490,0.0036,0,8.75743921824323e-13,1.53361767729621e-11,0.00871112024718101,0.00940356721670778,0.087022397070493,0.138441968896424,3.12429133897396e-07,3.48260697480285e-06
"C100R50","simulation","tight_PL_logistf_sas","alignment","both_point_converged",2500,0.9924,0.004,0.9924,0.9924,0,0.0076,0,0.00765820233776703,0,0.00175017178574373,0,19,2481,2481,0,0,8.72191208145523e-13,1.34985356226025e-11,2.09148254270985e-11,0.00939445619202439,0.0860625886566975,0.103684271849856,3.10855594154447e-07,2.96546778200124e-06
"C100R50","simulation","tight_PL_logistf_sas","alignment","common_point_converged",2500,0.982,0.004,0.982,0.982,0,0.0072,0,0.00733197556008147,0,0.00172181613189211,0,18,2455,2455,0,0,8.60200799479571e-13,1.29585231434248e-11,1.99973371195483e-11,0.00937117078707583,0.0860625886566975,0.103684271849856,3.06176239028844e-07,2.56012557686702e-06
"C100R50","simulation","tight_PL_logistf_sas","alignment","common_inference_available",2500,0.9816,0.004,0.9816,0.9816,0,0.0072,0,0.00733496332518337,0,0.00172251517621021,0,18,2454,2454,0,0,8.59090576454946e-13,1.27968746710394e-11,1.99973371195483e-11,0.00936441145684141,0.0860625886566975,0.103684271849856,3.05137877715245e-07,2.56012557686702e-06
"C40R90","simulation","tight_PL_logistf_sas","alignment","all_outputs",2500,1,0.0524,0.9456,0.9476,0,0.0264,0,0.0278598564795272,0,0.00338120377881392,0,66,2364,2369,0.0652,0,1.63913327355658e-12,0.0102265842536173,64.7010604527421,0.0143606083617802,0.071730198010942,0.267255576976341,5.95152342519611e-07,0.0736856059787037
"C40R90","simulation","tight_PL_logistf_sas","alignment","both_point_converged",2500,0.8824,0.0524,0.8804,0.8824,0,0.0256,0,0.029011786038078,0,0.00357348084168792,0,64,2201,2206,0,0,1.47881706880071e-12,5.73443514895189e-11,64.7010604527421,0.013588997210392,0.0666210586986401,0.247750853089618,5.18063305809946e-07,7.23247245271175e-06
"C40R90","simulation","tight_PL_logistf_sas","alignment","common_point_converged",2500,0.8172,0.0524,0.8168,0.8172,0,0.0232,0,0.0283896231032795,0,0.0036744445874982,0,58,2042,2043,0,0,1.32471811298274e-12,2.10516049037324e-11,8.68176641688478e-11,0.0124544730397844,0.0632587031471415,0.0932734349395561,4.64179380266216e-07,3.91336107341544e-06
"C40R90","simulation","tight_PL_logistf_sas","alignment","common_inference_available",2500,0.8088,0.0524,0.8088,0.8088,0,0.0228,0,0.0281899109792285,0,0.00368084032640811,0,57,2022,2022,0,0,1.31095134747738e-12,1.71951342053944e-11,8.68176641688478e-11,0.0122000323073611,0.0632587031471415,0.0932734349395561,4.58693199423266e-07,3.84335211922604e-06
"C100R90","simulation","tight_PL_logistf_sas","alignment","all_outputs",2500,1,0.0044,0.9956,0.9956,0,0.0072,0,0.00723182000803536,0,0.00169838161656053,0,18,2489,2489,0.0052,0,9.56124068807185e-13,1.99724681237967e-11,1.68702683656556,0.0085959418684709,0.0863193888837861,0.138441968896405,3.14627538910983e-07,3.44960081122281e-06
"C100R90","simulation","tight_PL_logistf_sas","alignment","both_point_converged",2500,0.9904,0.0044,0.9904,0.9904,0,0.0072,0,0.00726978998384491,0,0.00170726615651291,0,18,2476,2476,0,0,9.36140054363932e-13,1.50128798281912e-11,1.68702683656556,0.00854213010858307,0.0860934707393926,0.12231261457675,3.12209290975751e-07,2.96546778333351e-06
"C100R90","simulation","tight_PL_logistf_sas","alignment","common_point_converged",2500,0.9792,0.0044,0.9792,0.9792,0,0.0072,0,0.00735294117647059,0,0.00172672139085979,0,18,2448,2448,0,0,9.19486708994555e-13,1.3440804025322e-11,2.99067437481426e-11,0.00847092920020776,0.0859560914002911,0.107747080972788,3.07938496146853e-07,2.80091148074924e-06
"C100R90","simulation","tight_PL_logistf_sas","alignment","common_inference_available",2500,0.9792,0.0044,0.9792,0.9792,0,0.0072,0,0.00735294117647059,0,0.00172672139085979,0,18,2448,2448,0,0,9.19486708994555e-13,1.3440804025322e-11,2.99067437481426e-11,0.00847092920020776,0.0859560914002911,0.107747080972788,3.07938496146853e-07,2.80091148074924e-06
"C40R99","simulation","tight_PL_logistf_sas","alignment","all_outputs",2500,1,0.0532,0.9448,0.9468,0,0.0248,0,0.0261934938741022,0,0.00328272061686688,0,62,2362,2367,0.0696,0,1.94466664993342e-12,0.0122026555299506,64.7010604532186,0.0143606083617958,0.0713172756241043,0.272776766135329,6.71724385226113e-07,0.110741371419723
"C40R99","simulation","tight_PL_logistf_sas","alignment","both_point_converged",2500,0.8772,0.0532,0.8752,0.8772,0,0.0236,0,0.0269037847697218,0,0.00345513694861606,0,59,2188,2193,0,0,1.73550063209404e-12,8.3627327285285e-11,64.7010604532186,0.0134902912614274,0.0670856287503333,0.272776766135329,5.92238301511117e-07,7.4110815027062e-06
"C40R99","simulation","tight_PL_logistf_sas","alignment","common_point_converged",2500,0.7896,0.0532,0.7892,0.7896,0,0.0208,0,0.0263424518743668,0,0.00360460466965873,0,52,1973,1974,0,0,1.47304390907266e-12,1.82680537363922e-11,5.56209114321859e-08,0.0119551294673551,0.0633345655531398,0.0818632785757706,5.01410778563915e-07,4.2101826215335e-06
"C40R99","simulation","tight_PL_logistf_sas","alignment","common_inference_available",2500,0.7812,0.0532,0.7812,0.7812,0,0.0208,0,0.0266257040450589,0,0.00364283386541308,0,52,1953,1953,0,0,1.4530598946294e-12,1.39497302598102e-11,5.56209114321859e-08,0.0116181461362395,0.063083143352202,0.0725789184895316,4.88769956286106e-07,3.91336170268985e-06
"C100R99","simulation","tight_PL_logistf_sas","alignment","all_outputs",2500,1,0.0044,0.9952,0.9956,0,0.0084,0,0.00843712334270792,0,0.0018333478776548,0,21,2488,2489,0.0056,0,1.06048503312195e-12,2.32773800235009e-11,0.135489679237828,0.0087808456546096,0.0899440507227978,0.140907631701678,3.40405914012187e-07,3.79791110050043e-06
"C100R99","simulation","tight_PL_logistf_sas","alignment","both_point_converged",2500,0.99,0.0044,0.9896,0.99,0,0.0084,0,0.00848484848484849,0,0.00184367395954548,0,21,2474,2475,0,0,1.04982689208555e-12,1.77031722614629e-11,0.0220964928634277,0.0087754279984823,0.0883580968312142,0.140907631701678,3.38774017283328e-07,3.29400833576354e-06
"C100R99","simulation","tight_PL_logistf_sas","alignment","common_point_converged",2500,0.9748,0.0044,0.9744,0.9748,0,0.0084,0,0.00861715223635618,0,0.00187229733254999,0,21,2436,2437,0,0,1.01540997832217e-12,1.48094869700799e-11,5.31041877138705e-11,0.00854213010858751,0.0863131286838048,0.105597087648091,3.34410354740911e-07,3.01829603399639e-06
"C100R99","simulation","tight_PL_logistf_sas","alignment","common_inference_available",2500,0.9744,0.0044,0.9744,0.9744,0,0.008,0,0.00821018062397373,0,0.00182830032669801,0,20,2436,2436,0,0,1.01540997832217e-12,1.48094869700799e-11,5.31041877138705e-11,0.00852765731097582,0.0863131286838048,0.105597087648091,3.34356508258082e-07,2.96546790412577e-06
"E020R1","exact","tight_Wald_brglm2_sas","alignment","all_outputs",121,1,0.0165289256198347,0.983471074380165,0.983471074380165,0,0,0,0,,,0,0,119,119,0,0,7.50170662033867e-07,4.5986914800622e-06,4.59869148095038e-06,1.64549656372914e-07,4.31039650184983e-07,4.31039650305998e-07,6.10591126104509e-07,2.68113558639538e-06
"E020R1","exact","tight_Wald_brglm2_sas","alignment","both_point_converged",121,0.983471074380165,0.0165289256198347,0.983471074380165,0.983471074380165,0,0,0,0,,,0,0,119,119,0,0,7.50170662033867e-07,4.5986914800622e-06,4.59869148095038e-06,1.64549656372914e-07,4.31039650184983e-07,4.31039650305998e-07,6.10591126104509e-07,2.68113558639538e-06
"E020R1","exact","tight_Wald_brglm2_sas","alignment","common_point_converged",121,0.966942148760331,0.0165289256198347,0.966942148760331,0.966942148760331,0,0,0,0,,,0,0,117,117,0,0,7.50170661367733e-07,4.5986914800622e-06,4.59869148095038e-06,1.64549656719859e-07,4.31039650186094e-07,4.31039650305998e-07,4.57407097975704e-07,2.68113558639982e-06
"E020R1","exact","tight_Wald_brglm2_sas","alignment","common_inference_available",121,0.966942148760331,0.0165289256198347,0.966942148760331,0.966942148760331,0,0,0,0,,,0,0,117,117,0,0,7.50170661367733e-07,4.5986914800622e-06,4.59869148095038e-06,1.64549656719859e-07,4.31039650186094e-07,4.31039650305998e-07,4.57407097975704e-07,2.68113558639982e-06
"E050R1","exact","tight_Wald_brglm2_sas","alignment","all_outputs",676,1,0.0029585798816568,0.997041420118343,0.997041420118343,0,0,0,0,,,0,0,674,674,0,0,9.96435481681601e-07,8.92851343307299e-06,1.20196802733119e-05,1.55707403836844e-08,1.03648854019256e-06,1.05406336886604e-06,6.74716884585536e-07,4.22312594728691e-06
"E050R1","exact","tight_Wald_brglm2_sas","alignment","both_point_converged",676,0.997041420118343,0.0029585798816568,0.997041420118343,0.997041420118343,0,0,0,0,,,0,0,674,674,0,0,9.96435481681601e-07,8.92851343307299e-06,1.20196802733119e-05,1.55707403836844e-08,1.03648854019256e-06,1.05406336886604e-06,6.74716884585536e-07,4.22312594728691e-06
"E050R1","exact","tight_Wald_brglm2_sas","alignment","common_point_converged",676,0.994082840236686,0.0029585798816568,0.994082840236686,0.994082840236686,0,0,0,0,,,0,0,672,672,0,0,9.8754064170592e-07,8.92851343310852e-06,1.20196802733119e-05,1.66834423199168e-08,1.03648854019478e-06,1.05406336886604e-06,6.69814519849155e-07,4.22312594729579e-06
"E050R1","exact","tight_Wald_brglm2_sas","alignment","common_inference_available",676,0.994082840236686,0.0029585798816568,0.994082840236686,0.994082840236686,0,0,0,0,,,0,0,672,672,0,0,9.8754064170592e-07,8.92851343310852e-06,1.20196802733119e-05,1.66834423199168e-08,1.03648854019478e-06,1.05406336886604e-06,6.69814519849155e-07,4.22312594729579e-06
"E100R1","exact","tight_Wald_brglm2_sas","alignment","all_outputs",2601,1,0.000768935024990388,0.99923106497501,0.99923106497501,0,0,0,0,,,0,0,2599,2599,0,0,3.46606166878871e-07,8.08719568802019e-06,1.11651256391454e-05,2.48410311765035e-09,3.21381457611625e-06,3.29190145825775e-06,2.82192400558046e-07,3.95044965141977e-06
"E100R1","exact","tight_Wald_brglm2_sas","alignment","both_point_converged",2601,0.99923106497501,0.000768935024990388,0.99923106497501,0.99923106497501,0,0,0,0,,,0,0,2599,2599,0,0,3.46606166878871e-07,8.08719568802019e-06,1.11651256391454e-05,2.48410311765035e-09,3.21381457611625e-06,3.29190145825775e-06,2.82192400558046e-07,3.95044965141977e-06
"E100R1","exact","tight_Wald_brglm2_sas","alignment","common_point_converged",2601,0.998462129950019,0.000768935024990388,0.998462129950019,0.998462129950019,0,0,0,0,,,0,0,2597,2597,0,0,3.46606168655228e-07,8.08719568958338e-06,1.11651256391454e-05,2.48410395031762e-09,3.21391383509173e-06,3.29190145825775e-06,2.82192401446224e-07,3.95044965143754e-06
"E100R1","exact","tight_Wald_brglm2_sas","alignment","common_inference_available",2601,0.991541714725106,0.000768935024990388,0.991541714725106,0.991541714725106,0,0,0,0,,,0,0,2579,2579,0,0,3.27445675019078e-07,8.08623770090833e-06,1.11651256391454e-05,2.40240043657136e-09,3.21480716587108e-06,3.29190145825775e-06,2.76114087593982e-07,3.93704847091669e-06
"E200R1","exact","tight_Wald_brglm2_sas","alignment","all_outputs",10201,1,0.000196059209881384,0.999803940790118,0.999803940790118,0,0,0,0,,,0,0,10199,10199,0,0,3.40945798704695e-07,6.88238987345713e-06,2.65699765753524e-05,4.7774436228614e-11,5.23235975977698e-07,1.13305099144756e-06,2.55083009381707e-07,3.99894180440619e-06
"E200R1","exact","tight_Wald_brglm2_sas","alignment","both_point_converged",10201,0.999803940790118,0.000196059209881384,0.999803940790118,0.999803940790118,0,0,0,0,,,0,0,10199,10199,0,0,3.40945798704695e-07,6.88238987345713e-06,2.65699765753524e-05,4.7774436228614e-11,5.23235975977698e-07,1.13305099144756e-06,2.55083009381707e-07,3.99894180440619e-06
"E200R1","exact","tight_Wald_brglm2_sas","alignment","common_point_converged",10201,0.999607881580237,0.000196059209881384,0.999607881580237,0.999607881580237,0,0,0,0,,,0,0,10197,10197,0,0,3.3971947654976e-07,6.88238987379464e-06,2.65699765753524e-05,4.77744368317014e-11,5.23235976019887e-07,1.13305099144756e-06,2.55083009381707e-07,3.99894180445059e-06
"E200R1","exact","tight_Wald_brglm2_sas","alignment","common_inference_available",10201,0.986962062542888,0.000196059209881384,0.986962062542888,0.986962062542888,0,0,0,0,,,0,0,10068,10068,0,0,3.35647191540556e-07,5.76313499529135e-06,2.65699764758764e-05,4.51988854448872e-11,5.23235978164005e-07,1.13305099144756e-06,2.53033448194273e-07,3.64360948686304e-06
"E020R4","exact","tight_Wald_brglm2_sas","alignment","all_outputs",85,1,0.0235294117647059,0.976470588235294,0.976470588235294,0,0,0,0,,,0,0,83,83,0.0235294117647059,0,2.77636383794189e-06,4.58036720874944e-05,4.5803672088951e-05,2.42773957520592e-07,1.99658958025095e-06,1.99658958088822e-06,1.77656244693125e-06,2.31685190188458e-05
"E020R4","exact","tight_Wald_brglm2_sas","alignment","both_point_converged",85,0.952941176470588,0.0235294117647059,0.952941176470588,0.952941176470588,0,0,0,0,,,0,0,81,81,0,0,2.65418782330329e-06,8.2001265248266e-06,8.20012652624769e-06,2.42773957631615e-07,1.99658958026649e-06,1.99658958088822e-06,1.58435731290041e-06,3.66547553620755e-06
"E020R4","exact","tight_Wald_brglm2_sas","alignment","common_point_converged",85,0.952941176470588,0.0235294117647059,0.952941176470588,0.952941176470588,0,0,0,0,,,0,0,81,81,0,0,2.65418782330329e-06,8.2001265248266e-06,8.20012652624769e-06,2.42773957631615e-07,1.99658958026649e-06,1.99658958088822e-06,1.58435731290041e-06,3.66547553620755e-06
"E020R4","exact","tight_Wald_brglm2_sas","alignment","common_inference_available",85,0.952941176470588,0.0235294117647059,0.952941176470588,0.952941176470588,0,0,0,0,,,0,0,81,81,0,0,2.65418782330329e-06,8.2001265248266e-06,8.20012652624769e-06,2.42773957631615e-07,1.99658958026649e-06,1.99658958088822e-06,1.58435731290041e-06,3.66547553620755e-06
"E050R4","exact","tight_Wald_brglm2_sas","alignment","all_outputs",451,1,0.00443458980044346,0.995565410199557,0.995565410199557,0,0,0,0,,,0,0,449,449,0,0,1.34623924363808e-06,1.4211137676412e-05,1.49110480780479e-05,1.40400757141917e-07,2.46595819459294e-06,2.89882175363854e-06,1.13050972938566e-06,6.11928499095527e-06
"E050R4","exact","tight_Wald_brglm2_sas","alignment","both_point_converged",451,0.995565410199557,0.00443458980044346,0.995565410199557,0.995565410199557,0,0,0,0,,,0,0,449,449,0,0,1.34623924363808e-06,1.4211137676412e-05,1.49110480780479e-05,1.40400757141917e-07,2.46595819459294e-06,2.89882175363854e-06,1.13050972938566e-06,6.11928499095527e-06
"E050R4","exact","tight_Wald_brglm2_sas","alignment","common_point_converged",451,0.991130820399113,0.00443458980044346,0.991130820399113,0.991130820399113,0,0,0,0,,,0,0,447,447,0,0,1.36129654526584e-06,1.4211137676412e-05,1.49110480780479e-05,1.43726276935485e-07,2.4659581945996e-06,2.89882175363854e-06,1.13250483702032e-06,6.11928499096415e-06
"E050R4","exact","tight_Wald_brglm2_sas","alignment","common_inference_available",451,0.991130820399113,0.00443458980044346,0.991130820399113,0.991130820399113,0,0,0,0,,,0,0,447,447,0,0,1.36129654526584e-06,1.4211137676412e-05,1.49110480780479e-05,1.43726276935485e-07,2.4659581945996e-06,2.89882175363854e-06,1.13250483702032e-06,6.11928499096415e-06
"E100R4","exact","tight_Wald_brglm2_sas","alignment","all_outputs",1701,1,0.00117577895355673,0.998824221046443,0.998824221046443,0,0,0,0,,,0,0,1699,1699,0,0,1.13033060444856e-06,1.07233315436694e-05,2.2617608110842e-05,3.34576173294243e-08,3.57903600713305e-06,5.37680468182256e-06,8.08071913827035e-07,5.93168761533036e-06
"E100R4","exact","tight_Wald_brglm2_sas","alignment","both_point_converged",1701,0.998824221046443,0.00117577895355673,0.998824221046443,0.998824221046443,0,0,0,0,,,0,0,1699,1699,0,0,1.13033060444856e-06,1.07233315436694e-05,2.2617608110842e-05,3.34576173294243e-08,3.57903600713305e-06,5.37680468182256e-06,8.08071913827035e-07,5.93168761533036e-06
"E100R4","exact","tight_Wald_brglm2_sas","alignment","common_point_converged",1701,0.997648442092887,0.00117577895355673,0.997648442092887,0.997648442092887,0,0,0,0,,,0,0,1697,1697,0,0,1.12833576348947e-06,1.07233315437227e-05,2.2617608110842e-05,3.34576176347356e-08,3.57903600714859e-06,5.37680468182256e-06,8.07712061678956e-07,5.93168761534812e-06
"E100R4","exact","tight_Wald_brglm2_sas","alignment","common_inference_available",1701,0.997648442092887,0.00117577895355673,0.997648442092887,0.997648442092887,0,0,0,0,,,0,0,1697,1697,0,0,1.12833576348947e-06,1.07233315437227e-05,2.2617608110842e-05,3.34576176347356e-08,3.57903600714859e-06,5.37680468182256e-06,8.07712061678956e-07,5.93168761534812e-06
"E200R4","exact","tight_Wald_brglm2_sas","alignment","all_outputs",6601,1,0.00030298439630359,0.999697015603697,0.999697015603697,0,0,0,0,,,0,0,6599,6599,0,0,4.71220475084522e-07,1.43361361123694e-05,3.15060545030832e-05,2.43325459228175e-09,4.76070044887143e-06,6.68177833873518e-06,4.16372756717465e-07,6.96777275484449e-06
"E200R4","exact","tight_Wald_brglm2_sas","alignment","both_point_converged",6601,0.999697015603697,0.00030298439630359,0.999697015603697,0.999697015603697,0,0,0,0,,,0,0,6599,6599,0,0,4.71220475084522e-07,1.43361361123694e-05,3.15060545030832e-05,2.43325459228175e-09,4.76070044887143e-06,6.68177833873518e-06,4.16372756717465e-07,6.96777275484449e-06
"E200R4","exact","tight_Wald_brglm2_sas","alignment","common_point_converged",6601,0.999394031207393,0.00030298439630359,0.999394031207393,0.999394031207393,0,0,0,0,,,0,0,6597,6597,0,0,4.71220475084522e-07,1.43415441183237e-05,3.15060545030832e-05,2.43325459239017e-09,4.76135567287095e-06,6.68177833873518e-06,4.16372757383598e-07,6.96829339133842e-06
"E200R4","exact","tight_Wald_brglm2_sas","alignment","common_inference_available",6601,0.995152249659143,0.00030298439630359,0.995152249659143,0.995152249659143,0,0,0,0,,,0,0,6569,6569,0,0,4.71220475084522e-07,1.44172562016819e-05,3.15060545030832e-05,2.4828472661078e-09,4.77052880886396e-06,6.68177833873518e-06,4.16372757383598e-07,6.97558230225325e-06
"C40R00","simulation","tight_Wald_brglm2_sas","alignment","all_outputs",2500,1,0.048,0.952,0.952,0,0,0,0,0,0,0,0,2380,2380,0.0404,0,8.92333011259794e-07,0.0854065158147908,3.02432651026492,1.58357403856613e-07,0.00809280541312569,0.108587294456515,4.75091797458305e-07,0.0424550878167742
"C40R00","simulation","tight_Wald_brglm2_sas","alignment","both_point_converged",2500,0.9116,0.048,0.9116,0.9116,0,0,0,0,0,0,0,0,2279,2279,0,0,8.38761729848869e-07,1.17738312308546e-05,2.94357906414078e-05,1.48769605190502e-07,1.25550784879636e-06,2.06198514007827e-06,4.38860354029513e-07,5.90970152125614e-06
"C40R00","simulation","tight_Wald_brglm2_sas","alignment","common_point_converged",2500,0.8668,0.048,0.8668,0.8668,0,0,0,0,0,0,0,0,2167,2167,0,0,7.85503721623115e-07,7.27655980004016e-06,1.66473687315261e-05,1.42828782689897e-07,1.05679230433253e-06,1.60279891958659e-06,4.11445086001549e-07,3.84335173908568e-06
"C40R00","simulation","tight_Wald_brglm2_sas","alignment","common_inference_available",2500,0.8568,0.048,0.8568,0.8568,0,0,0,0,0,0,0,0,2142,2142,0,0,7.76055199658288e-07,6.99252969660336e-06,1.60705831362407e-05,1.42506168199219e-07,1.05679230433253e-06,1.60279891958659e-06,4.05383065227305e-07,3.53709148193104e-06
"C100R00","simulation","tight_Wald_brglm2_sas","alignment","all_outputs",2500,1,0.0032,0.9968,0.9968,0,0,0,0,0,0,0,0,2492,2492,0.0044,0,5.64597640195785e-07,5.67738632639703e-06,0.75481038485383,9.87360593285302e-08,1.3704068376752e-06,0.0589346950593523,3.01878609221262e-07,3.04456055300051e-06
"C100R00","simulation","tight_Wald_brglm2_sas","alignment","both_point_converged",2500,0.9924,0.0032,0.9924,0.9924,0,0,0,0,0,0,0,0,2481,2481,0,0,5.62276023519104e-07,4.59520210238651e-06,1.52927887882015e-05,9.78628750258892e-08,1.18257056608284e-06,2.55551252481556e-06,3.01083797671353e-07,2.36496085959104e-06
"C100R00","simulation","tight_Wald_brglm2_sas","alignment","common_point_converged",2500,0.9832,0.0032,0.9832,0.9832,0,0,0,0,0,0,0,0,2458,2458,0,0,5.56461997369695e-07,4.00347136864099e-06,9.37117018917633e-06,9.77707926841376e-08,1.1663831788189e-06,2.55551252481556e-06,2.97870602850026e-07,2.12423147427643e-06
"C100R00","simulation","tight_Wald_brglm2_sas","alignment","common_inference_available",2500,0.9828,0.0032,0.9828,0.9828,0,0,0,0,0,0,0,0,2457,2457,0,0,5.56461997369695e-07,4.00347136864099e-06,9.37117018917633e-06,9.78567520903972e-08,1.1663831788189e-06,2.55551252481556e-06,2.97870602850026e-07,2.12423147427643e-06
"C40R50","simulation","tight_Wald_brglm2_sas","alignment","all_outputs",2500,1,0.048,0.952,0.952,0,0,0,0,0,0,0,0,2380,2380,0.0508,0,9.86079182974109e-07,0.167984325223705,3.08346314273511,1.68180571746834e-07,0.0143655702606981,0.108587294456478,5.13703182214442e-07,0.0878822826044954
"C40R50","simulation","tight_Wald_brglm2_sas","alignment","both_point_converged",2500,0.9012,0.048,0.9012,0.9012,0,0,0,0,0,0,0,0,2253,2253,0,0,9.16554097507571e-07,1.40181776746573e-05,0.822254047035866,1.54915256678212e-07,1.31903602962335e-06,0.0325087166327521,4.72479200208653e-07,6.68931052905108e-06
"C40R50","simulation","tight_Wald_brglm2_sas","alignment","common_point_converged",2500,0.8516,0.048,0.8516,0.8516,0,0,0,0,0,0,0,0,2129,2129,0,0,8.43679408113474e-07,7.51700501577801e-06,0.822254047035866,1.45436494181084e-07,1.0486736632398e-06,0.0325087166327521,4.37009080922479e-07,3.96476741304497e-06
"C40R50","simulation","tight_Wald_brglm2_sas","alignment","common_inference_available",2500,0.8404,0.048,0.8404,0.8404,0,0,0,0,0,0,0,0,2101,2101,0,0,8.32563922692486e-07,7.51184443004149e-06,0.822254047035866,1.45413753288581e-07,1.0486736632398e-06,0.0325087166327521,4.31610907680735e-07,3.84335174130612e-06
"C100R50","simulation","tight_Wald_brglm2_sas","alignment","all_outputs",2500,1,0.004,0.996,0.996,0,0,0,0,0,0,0,0,2490,2490,0.0036,0,5.90471563644002e-07,6.55790385550858e-06,0.17532140544078,1.06641453001544e-07,1.32848790901363e-06,0.0214832998032766,3.12429140114645e-07,3.48260648164178e-06
"C100R50","simulation","tight_Wald_brglm2_sas","alignment","both_point_converged",2500,0.9924,0.004,0.9924,0.9924,0,0,0,0,0,0,0,0,2481,2481,0,0,5.88721603467235e-07,5.67738633883152e-06,1.46515199155317e-05,1.0631688485141e-07,1.17246934994153e-06,2.55551252459352e-06,3.10855430951662e-07,2.9654670674617e-06
"C100R50","simulation","tight_Wald_brglm2_sas","alignment","common_point_converged",2500,0.982,0.004,0.982,0.982,0,0,0,0,0,0,0,0,2455,2455,0,0,5.82767130996587e-07,4.9165134137219e-06,1.18544470186777e-05,1.05898323554676e-07,1.15959076885108e-06,2.55551252459352e-06,3.06176034969852e-07,2.56012458765831e-06
"C100R50","simulation","tight_Wald_brglm2_sas","alignment","common_inference_available",2500,0.9816,0.004,0.9816,0.9816,0,0,0,0,0,0,0,0,2454,2454,0,0,5.8241748357446e-07,4.9165134137219e-06,1.18544470186777e-05,1.05898323554676e-07,1.15959076885108e-06,2.55551252459352e-06,3.05137413947332e-07,2.56012458765831e-06
"C40R90","simulation","tight_Wald_brglm2_sas","alignment","all_outputs",2500,1,0.0524,0.9476,0.9476,0,0,0,0,0,0,0,0,2369,2369,0.0652,0,1.12644943150997e-06,0.143926729011673,3.08346314273545,1.84361862054505e-07,0.0127925901231487,0.0745914659029655,5.95152275878474e-07,0.0767295114942659
"C40R90","simulation","tight_Wald_brglm2_sas","alignment","both_point_converged",2500,0.8824,0.0524,0.8824,0.8824,0,0,0,0,0,0,0,0,2206,2206,0,0,1.00026891569627e-06,1.5055038380396e-05,0.822254047037047,1.61400301013082e-07,1.44761649334413e-06,0.032508716632793,5.18063240528832e-07,7.26558930286281e-06
"C40R90","simulation","tight_Wald_brglm2_sas","alignment","common_point_converged",2500,0.8172,0.0524,0.8172,0.8172,0,0,0,0,0,0,0,0,2043,2043,0,0,8.91915559186884e-07,7.72690450112634e-06,0.822254047037047,1.51686891380898e-07,1.16426075724707e-06,0.032508716632793,4.64179270576182e-07,3.96476741482132e-06
"C40R90","simulation","tight_Wald_brglm2_sas","alignment","common_inference_available",2500,0.8088,0.0524,0.8088,0.8088,0,0,0,0,0,0,0,0,2022,2022,0,0,8.84522603605831e-07,7.51568777079825e-06,0.822254047037047,1.51702911344032e-07,1.16426075724707e-06,0.032508716632793,4.58693016014422e-07,3.89576477810571e-06
"C100R90","simulation","tight_Wald_brglm2_sas","alignment","all_outputs",2500,1,0.0044,0.9956,0.9956,0,0,0,0,0,0,0,0,2489,2489,0.0052,0,6.1318477806438e-07,6.52676616752501e-06,0.24102409969886,1.04523163124703e-07,1.48617174428045e-06,0.032411607978156,3.14627576547544e-07,3.44960043818787e-06
"C100R90","simulation","tight_Wald_brglm2_sas","alignment","both_point_converged",2500,0.9904,0.0044,0.9904,0.9904,0,0,0,0,0,0,0,0,2476,2476,0,0,6.0815643609935e-07,5.34534189355895e-06,1.89650480812986e-05,1.04046122162416e-07,1.28236820751138e-06,2.98087120886859e-06,3.12209216590809e-07,2.96546707057033e-06
"C100R90","simulation","tight_Wald_brglm2_sas","alignment","common_point_converged",2500,0.9792,0.0044,0.9792,0.9792,0,0,0,0,0,0,0,0,2448,2448,0,0,6.00663215610808e-07,4.80505926958585e-06,1.00744020192778e-05,1.03278519736349e-07,1.23142989466585e-06,2.98087120886859e-06,3.07937632615385e-07,2.80091178839204e-06
"C100R90","simulation","tight_Wald_brglm2_sas","alignment","common_inference_available",2500,0.9792,0.0044,0.9792,0.9792,0,0,0,0,0,0,0,0,2448,2448,0,0,6.00663215610808e-07,4.80505926958585e-06,1.00744020192778e-05,1.03278519736349e-07,1.23142989466585e-06,2.98087120886859e-06,3.07937632615385e-07,2.80091178839204e-06
"C40R99","simulation","tight_Wald_brglm2_sas","alignment","all_outputs",2500,1,0.0532,0.9468,0.9468,0,0,0,0,0,0,0,0,2367,2367,0.0696,0,1.25567922570902e-06,0.209494355034782,5.46073336447905,2.03126716225022e-07,0.0127925901232463,0.0745914659030918,6.71724338374702e-07,0.11074137141958
"C40R99","simulation","tight_Wald_brglm2_sas","alignment","both_point_converged",2500,0.8772,0.0532,0.8772,0.8772,0,0,0,0,0,0,0,0,2193,2193,0,0,1.11987040485317e-06,1.5634999304126e-05,5.8504108041646e-05,1.76980992083742e-07,1.70859997916661e-06,9.38875186706767e-06,5.92238322161265e-07,7.41108119228784e-06
"C40R99","simulation","tight_Wald_brglm2_sas","alignment","common_point_converged",2500,0.7896,0.0532,0.7896,0.7896,0,0,0,0,0,0,0,0,1974,1974,0,0,9.72571679636047e-07,8.036648417864e-06,1.60705843050835e-05,1.60226835466126e-07,1.25183041088661e-06,2.31971484909721e-06,5.01410726938545e-07,4.21018235341464e-06
"C40R99","simulation","tight_Wald_brglm2_sas","alignment","common_inference_available",2500,0.7812,0.0532,0.7812,0.7812,0,0,0,0,0,0,0,0,1953,1953,0,0,9.63792329500279e-07,7.31518753571692e-06,1.60705843050835e-05,1.59690816126101e-07,1.25183041088661e-06,2.31971484909721e-06,4.88770047102349e-07,3.91336164362599e-06
"C100R99","simulation","tight_Wald_brglm2_sas","alignment","all_outputs",2500,1,0.0044,0.9956,0.9956,0,0,0,0,0,0,0,0,2489,2489,0.0056,0,6.55762836920815e-07,7.53836419420395e-06,0.295779459996543,1.1461463494955e-07,1.58207889966455e-06,0.0440736929187595,3.40405869048155e-07,3.79791103463645e-06
"C100R99","simulation","tight_Wald_brglm2_sas","alignment","both_point_converged",2500,0.99,0.0044,0.99,0.99,0,0,0,0,0,0,0,0,2475,2475,0,0,6.51972556164893e-07,5.77782836286289e-06,2.81386926008764e-05,1.12788607009584e-07,1.30441784362834e-06,2.98087120853552e-06,3.38774009067677e-07,3.29400827159265e-06
"C100R99","simulation","tight_Wald_brglm2_sas","alignment","common_point_converged",2500,0.9748,0.0044,0.9748,0.9748,0,0,0,0,0,0,0,0,2437,2437,0,0,6.40794192818817e-07,5.42262713665309e-06,1.66644250416681e-05,1.11800189675493e-07,1.24681905033786e-06,2.98087120853552e-06,3.34410097835303e-07,3.01829595450442e-06
"C100R99","simulation","tight_Wald_brglm2_sas","alignment","common_inference_available",2500,0.9744,0.0044,0.9744,0.9744,0,0,0,0,0,0,0,0,2436,2436,0,0,6.40673928131719e-07,5.34534186158453e-06,1.4473198823417e-05,1.11800189675493e-07,1.24681905033786e-06,2.98087120853552e-06,3.34356456521689e-07,2.9654670634649e-06
"E020R1","exact","tight_fl_logistf","alignment","all_outputs",121,1,0.0165289256198347,0.983471074380165,0.983471074380165,0,0,0,0,,,0,0,119,119,0,0.983471074380165,2.02282635086704e-13,1.62490465527299e-12,1.66711089377714e-12,2.22044604925031e-16,1.23812071706197e-14,4.75576258374133e-08,2.07722727907367e-12,3.020400374254e-11
"E020R1","exact","tight_fl_logistf","alignment","both_point_converged",121,0,0.0165289256198347,0,0,0,0,,,,,0,0,0,0,0,0,,,,,,,,
"E020R1","exact","tight_fl_logistf","alignment","common_point_converged",121,0.966942148760331,0.0165289256198347,0.966942148760331,0.966942148760331,0,0,0,0,,,0,0,117,117,0,0.966942148760331,2.03725925018716e-13,1.6251533452305e-12,1.66711089377714e-12,2.22044604925031e-16,1.24611432283928e-14,4.75576258374133e-08,2.10542694389915e-12,3.02086977654881e-11
"E020R1","exact","tight_fl_logistf","alignment","common_inference_available",121,0.966942148760331,0.0165289256198347,0.966942148760331,0.966942148760331,0,0,0,0,,,0,0,117,117,0,0.966942148760331,2.03725925018716e-13,1.6251533452305e-12,1.66711089377714e-12,2.22044604925031e-16,1.24611432283928e-14,4.75576258374133e-08,2.10542694389915e-12,3.02086977654881e-11
"E050R1","exact","tight_fl_logistf","alignment","all_outputs",676,1,0.0029585798816568,0.997041420118343,0.997041420118343,0,0,0,0,,,0,0,674,674,0,0.997041420118343,7.19840853591336e-14,2.88730817032956e-12,3.75166564481333e-12,1.11022302462516e-16,1.46788137200814e-13,2.32983833226008e-07,1.55292445569444e-12,4.41799463679615e-11
"E050R1","exact","tight_fl_logistf","alignment","both_point_converged",676,0,0.0029585798816568,0,0,0,0,,,,,0,0,0,0,0,0,,,,,,,,
"E050R1","exact","tight_fl_logistf","alignment","common_point_converged",676,0.994082840236686,0.0029585798816568,0.994082840236686,0.994082840236686,0,0,0,0,,,0,0,672,672,0,0.994082840236686,7.19840853591336e-14,2.89025692268296e-12,3.75166564481333e-12,1.11022302462516e-16,1.47998280297654e-13,2.32983833226008e-07,1.54259938156542e-12,4.19815820995594e-11
"E050R1","exact","tight_fl_logistf","alignment","common_inference_available",676,0.994082840236686,0.0029585798816568,0.994082840236686,0.994082840236686,0,0,0,0,,,0,0,672,672,0,0.994082840236686,7.19840853591336e-14,2.89025692268296e-12,3.75166564481333e-12,1.11022302462516e-16,1.47998280297654e-13,2.32983833226008e-07,1.54259938156542e-12,4.19815820995594e-11
"E100R1","exact","tight_fl_logistf","alignment","all_outputs",2601,1,0.000768935024990388,0.945405613225683,0.945405613225683,0,0,0,0,,,0,0,2459,2459,0,0.945405613225683,4.61852778244065e-14,1.1181100489921e-12,5.77493608489021e-12,0,5.09479125554436e-13,4.46130075326678e-07,1.30714883361804e-12,3.59930463211811e-11
"E100R1","exact","tight_fl_logistf","alignment","both_point_converged",2601,0,0.000768935024990388,0,0,0,0,,,,,0,0,0,0,0,0,,,,,,,,
"E100R1","exact","tight_fl_logistf","alignment","common_point_converged",2601,0.998462129950019,0.000768935024990388,0.944636678200692,0.944636678200692,0,0,0,0,,,0,0,2457,2457,0,0.944636678200692,4.61852778244065e-14,1.11924691736931e-12,5.77493608489021e-12,0,5.09854380936759e-13,4.46130075326678e-07,1.30562227695918e-12,3.5994349723012e-11
"E100R1","exact","tight_fl_logistf","alignment","common_inference_available",2601,0.991541714725106,0.000768935024990388,0.943867743175702,0.943867743175702,0,0,0,0,,,0,0,2455,2455,0,0.943867743175702,4.61852778244065e-14,1.02790664868735e-12,5.77493608489021e-12,0,5.10229636319082e-13,4.46130075326678e-07,1.30517818774933e-12,3.59956531248429e-11
"E200R1","exact","tight_fl_logistf","alignment","all_outputs",10201,1,0.000196059209881384,0.963336927752181,0.963336927752181,0,0,0,0,,,0,0,9827,9827,0,0.963336927752181,1.02029495963052e-13,5.20010701166029e-13,5.10347319959692e-12,0,1.73458136742965e-12,1.14928195826813e-06,5.6665783176868e-13,3.22334203772811e-11
"E200R1","exact","tight_fl_logistf","alignment","both_point_converged",10201,0,0.000196059209881384,0,0,0,0,,,,,0,0,0,0,0,0,,,,,,,,
"E200R1","exact","tight_fl_logistf","alignment","common_point_converged",10201,0.999607881580237,0.000196059209881384,0.9631408685423,0.9631408685423,0,0,0,0,,,0,0,9825,9825,0,0.9631408685423,1.02029495963052e-13,5.20046228302818e-13,5.10347319959692e-12,0,1.73464353991903e-12,1.14928195826813e-06,5.6532556413913e-13,3.21819104698307e-11
"E200R1","exact","tight_fl_logistf","alignment","common_inference_available",10201,0.986962062542888,0.000196059209881384,0.963042838937359,0.963042838937359,0,0,0,0,,,0,0,9824,9824,0,0.963042838937359,1.02085007114283e-13,5.20063991871212e-13,5.10347319959692e-12,0,1.73467462616372e-12,1.14928195826813e-06,5.65103519534205e-13,3.21821191917593e-11
"E020R4","exact","tight_fl_logistf","alignment","all_outputs",85,1,0.0235294117647059,0.976470588235294,0.976470588235294,0,0,0,0,,,0,0,83,83,0,0.976470588235294,2.30038210702332e-13,1.65382374461842e-12,1.71063163634244e-12,7.7715611723761e-16,4.25215418431435e-14,4.25215418431435e-14,8.66237637175971e-13,3.86799436924434e-11
"E020R4","exact","tight_fl_logistf","alignment","both_point_converged",85,0,0.0235294117647059,0,0,0,0,,,,,0,0,0,0,0,0,,,,,,,,
"E020R4","exact","tight_fl_logistf","alignment","common_point_converged",85,0.952941176470588,0.0235294117647059,0.952941176470588,0.952941176470588,0,0,0,0,,,0,0,81,81,0,0.952941176470588,2.08943973234454e-13,1.65520930295315e-12,1.71063163634244e-12,7.7715611723761e-16,4.25215418431435e-14,4.25215418431435e-14,8.22231172037391e-13,3.86995324674899e-11
"E020R4","exact","tight_fl_logistf","alignment","common_inference_available",85,0.952941176470588,0.0235294117647059,0.952941176470588,0.952941176470588,0,0,0,0,,,0,0,81,81,0,0.952941176470588,2.08943973234454e-13,1.65520930295315e-12,1.71063163634244e-12,7.7715611723761e-16,4.25215418431435e-14,4.25215418431435e-14,8.22231172037391e-13,3.86995324674899e-11
"E050R4","exact","tight_fl_logistf","alignment","all_outputs",451,1,0.00443458980044346,0.995565410199557,0.995565410199557,0,0,0,0,,,0,0,449,449,0,0.995565410199557,1.54543045027822e-13,1.67901248460112e-12,3.45146133895469e-12,5.55111512312578e-16,3.2123637083714e-13,9.93760629341978e-13,1.64501745558709e-12,4.59544002850976e-11
"E050R4","exact","tight_fl_logistf","alignment","both_point_converged",451,0,0.00443458980044346,0,0,0,0,,,,,0,0,0,0,0,0,,,,,,,,
"E050R4","exact","tight_fl_logistf","alignment","common_point_converged",451,0.991130820399113,0.00443458980044346,0.991130820399113,0.991130820399113,0,0,0,0,,,0,0,447,447,0,0.991130820399113,1.54321000422897e-13,1.679367755969e-12,3.45146133895469e-12,6.66133814775094e-16,3.23061577489627e-13,9.93760629341978e-13,1.67332814271504e-12,4.59565446808696e-11
"E050R4","exact","tight_fl_logistf","alignment","common_inference_available",451,0.991130820399113,0.00443458980044346,0.991130820399113,0.991130820399113,0,0,0,0,,,0,0,447,447,0,0.991130820399113,1.54321000422897e-13,1.679367755969e-12,3.45146133895469e-12,6.66133814775094e-16,3.23061577489627e-13,9.93760629341978e-13,1.67332814271504e-12,4.59565446808696e-11
"E100R4","exact","tight_fl_logistf","alignment","all_outputs",1701,1,0.00117577895355673,0.990593768371546,0.990593768371546,0,0,0,0,,,0,0,1685,1685,0,0.990593768371546,6.01740879346835e-14,1.83270287834604e-12,1.35536026846239e-11,3.33066907387547e-16,1.29761978939769e-12,2.51651301685918e-07,2.1218582446636e-12,4.8444412925619e-11
"E100R4","exact","tight_fl_logistf","alignment","both_point_converged",1701,0,0.00117577895355673,0,0,0,0,,,,,0,0,0,0,0,0,,,,,,,,
"E100R4","exact","tight_fl_logistf","alignment","common_point_converged",1701,0.997648442092887,0.00117577895355673,0.989417989417989,0.989417989417989,0,0,0,0,,,0,0,1683,1683,0,0.989417989417989,5.99520433297585e-14,1.83685955335024e-12,1.35536026846239e-11,3.33066907387547e-16,1.29781296820397e-12,2.51651301685918e-07,2.12407869071285e-12,4.84447526538645e-11
"E100R4","exact","tight_fl_logistf","alignment","common_inference_available",1701,0.997648442092887,0.00117577895355673,0.989417989417989,0.989417989417989,0,0,0,0,,,0,0,1683,1683,0,0.989417989417989,5.99520433297585e-14,1.83685955335024e-12,1.35536026846239e-11,3.33066907387547e-16,1.29781296820397e-12,2.51651301685918e-07,2.12407869071285e-12,4.84447526538645e-11
"E200R4","exact","tight_fl_logistf","alignment","all_outputs",6601,1,0.00030298439630359,0.948189668232086,0.948189668232086,0,0,0,0,,,0,0,6259,6259,0,0.948189668232086,1.3855583347322e-13,7.08335612387146e-13,1.52198253999813e-11,1.11022302462516e-16,3.1010438661383e-12,8.71795968748756e-11,1.26126886712541e-12,4.95398833066929e-11
"E200R4","exact","tight_fl_logistf","alignment","both_point_converged",6601,0,0.00030298439630359,0,0,0,0,,,,,0,0,0,0,0,0,,,,,,,,
"E200R4","exact","tight_fl_logistf","alignment","common_point_converged",6601,0.999394031207393,0.00030298439630359,0.947886683835782,0.947886683835782,0,0,0,0,,,0,0,6257,6257,0,0.947886683835782,1.3855583347322e-13,6.99067470577572e-13,1.52198253999813e-11,1.11022302462516e-16,3.10285575011445e-12,8.71795968748756e-11,1.26076926676433e-12,4.95402829869818e-11
"E200R4","exact","tight_fl_logistf","alignment","common_inference_available",6601,0.995152249659143,0.00030298439630359,0.947886683835782,0.947886683835782,0,0,0,0,,,0,0,6257,6257,0,0.947886683835782,1.3855583347322e-13,6.99067470577572e-13,1.52198253999813e-11,1.11022302462516e-16,3.10285575011445e-12,8.71795968748756e-11,1.26076926676433e-12,4.95402829869818e-11
"C40R00","simulation","tight_fl_logistf","alignment","all_outputs",2500,1,0.048,0.952,0.952,0,0,0,0,0,0,0,0,2380,2380,0,0.952,5.45341549695877e-13,6.68083366406336e-11,32.4787457175111,1.77635683940025e-15,2.78999046088302e-13,1.06427089363592e-11,1.53743684450092e-12,2.54782861475178e-11
"C40R00","simulation","tight_fl_logistf","alignment","both_point_converged",2500,0,0.048,0,0,0,0,,,,,0,0,0,0,0,0,,,,,,,,
"C40R00","simulation","tight_fl_logistf","alignment","common_point_converged",2500,0.8668,0.048,0.8668,0.8668,0,0,0,0,0,0,0,0,2167,2167,0,0.8668,4.69402294811516e-13,9.06918984355798e-12,3.12611932784534e-06,1.77635683940025e-15,2.96540569877379e-13,1.06427089363592e-11,1.29229960066368e-12,2.20572449194378e-11
"C40R00","simulation","tight_fl_logistf","alignment","common_inference_available",2500,0.8568,0.048,0.8568,0.8568,0,0,0,0,0,0,0,0,2142,2142,0,0.8568,4.60964599824365e-13,7.37720995402924e-12,3.12611932784534e-06,1.88737914186277e-15,2.96540569877379e-13,1.06427089363592e-11,1.28654378817039e-12,2.20572449194378e-11
"C100R00","simulation","tight_fl_logistf","alignment","all_outputs",2500,1,0.0032,0.9968,0.9968,0,0,0,0,0,0,0,0,2492,2492,0,0.9968,2.38919994899334e-13,3.98792110445356e-12,1.77973191739511e-11,3.5527136788005e-15,3.45390382960886e-13,3.80628861762489e-12,9.70779012732237e-13,1.65578661892596e-11
"C100R00","simulation","tight_fl_logistf","alignment","both_point_converged",2500,0,0.0032,0,0,0,0,,,,,0,0,0,0,0,0,,,,,,,,
"C100R00","simulation","tight_fl_logistf","alignment","common_point_converged",2500,0.9832,0.0032,0.9832,0.9832,0,0,0,0,0,0,0,0,2458,2458,0,0.9832,2.33812968986058e-13,3.07309733216243e-12,1.48530077126452e-11,3.5527136788005e-15,3.45390382960886e-13,3.80628861762489e-12,9.45687972375708e-13,1.60276236726986e-11
"C100R00","simulation","tight_fl_logistf","alignment","common_inference_available",2500,0.9828,0.0032,0.9828,0.9828,0,0,0,0,0,0,0,0,2457,2457,0,0.9828,2.33812968986058e-13,3.07309733216243e-12,1.48530077126452e-11,3.5527136788005e-15,3.45390382960886e-13,3.80628861762489e-12,9.45687972375708e-13,1.60276236726986e-11
"C40R50","simulation","tight_fl_logistf","alignment","all_outputs",2500,1,0.048,0.952,0.952,0,0,0,0,0,0,0,0,2380,2380,0,0.952,5.92859095149834e-13,2.40509834270597e-11,6.7788522812927,1.88737914186277e-15,2.56572540990874e-13,1.06427089363592e-11,1.64418478831863e-12,3.1919316582224e-11
"C40R50","simulation","tight_fl_logistf","alignment","both_point_converged",2500,0,0.048,0,0,0,0,,,,,0,0,0,0,0,0,,,,,,,,
"C40R50","simulation","tight_fl_logistf","alignment","common_point_converged",2500,0.8516,0.048,0.8516,0.8516,0,0,0,0,0,0,0,0,2129,2129,0,0.8516,4.9293902293357e-13,8.87556694806335e-12,2.27156548504581e-06,1.88737914186277e-15,2.49134046725885e-13,1.06427089363592e-11,1.32271971153841e-12,1.99471550388353e-11
"C40R50","simulation","tight_fl_logistf","alignment","common_inference_available",2500,0.8404,0.048,0.8404,0.8404,0,0,0,0,0,0,0,0,2101,2101,0,0.8404,4.85833595575969e-13,7.25286497527122e-12,1.81131998289175e-10,1.99840144432528e-15,2.49134046725885e-13,1.06427089363592e-11,1.29724009312326e-12,1.8949730673512e-11
"C100R50","simulation","tight_fl_logistf","alignment","all_outputs",2500,1,0.004,0.996,0.996,0,0,0,0,0,0,0,0,2490,2490,0,0.996,2.54019028034236e-13,4.06785716222657e-12,2.47908360506699e-11,3.5527136788005e-15,3.75810493835615e-13,3.98427957293279e-11,8.91731133378926e-13,1.85701592991805e-11
"C100R50","simulation","tight_fl_logistf","alignment","both_point_converged",2500,0,0.004,0,0,0,0,,,,,0,0,0,0,0,0,,,,,,,,
"C100R50","simulation","tight_fl_logistf","alignment","common_point_converged",2500,0.982,0.004,0.982,0.982,0,0,0,0,0,0,0,0,2455,2455,0,0.982,2.4935609133081e-13,3.22852855560996e-12,8.72457661671433e-12,3.5527136788005e-15,3.75810493835615e-13,3.98427957293279e-11,8.66473559568703e-13,1.5791068105897e-11
"C100R50","simulation","tight_fl_logistf","alignment","common_inference_available",2500,0.9816,0.004,0.9816,0.9816,0,0,0,0,0,0,0,0,2454,2454,0,0.9816,2.49134046725885e-13,3.22852855560996e-12,8.72457661671433e-12,3.5527136788005e-15,3.75810493835615e-13,3.98427957293279e-11,8.66418048417472e-13,1.5791068105897e-11
"C40R90","simulation","tight_fl_logistf","alignment","all_outputs",2500,1,0.0524,0.9476,0.9476,0,0,0,0,0,0,0,0,2369,2369,0,0.9476,6.28386231937839e-13,6.07052186296642e-11,64.7010604527422,2.66453525910038e-15,4.14224210487646e-13,1.25330856803885e-11,1.31947230919138e-12,2.35503838652562e-11
"C40R90","simulation","tight_fl_logistf","alignment","both_point_converged",2500,0,0.0524,0,0,0,0,,,,,0,0,0,0,0,0,,,,,,,,
"C40R90","simulation","tight_fl_logistf","alignment","common_point_converged",2500,0.8172,0.0524,0.8172,0.8172,0,0,0,0,0,0,0,0,2043,2043,0,0.8172,4.9604764740252e-13,9.46354106190483e-12,1.93694765471264e-06,2.55351295663786e-15,4.11781719833471e-13,5.32129895702838e-12,1.04324882066464e-12,1.72150071975352e-11
"C40R90","simulation","tight_fl_logistf","alignment","common_inference_available",2500,0.8088,0.0524,0.8088,0.8088,0,0,0,0,0,0,0,0,2022,2022,0,0.8088,4.86277684785819e-13,8.16591239072295e-12,3.96739707753113e-08,2.55351295663786e-15,4.11781719833471e-13,5.32129895702838e-12,1.02384767330932e-12,1.72150071975352e-11
"C100R90","simulation","tight_fl_logistf","alignment","all_outputs",2500,1,0.0044,0.9956,0.9956,0,0,0,0,0,0,0,0,2489,2489,0,0.9956,2.53796983429311e-13,4.39293046383682e-12,1.6870268365445,4.32986979603811e-15,4.31543689671798e-13,4.50917081451507e-12,6.33243457670574e-13,1.58455470966601e-11
"C100R90","simulation","tight_fl_logistf","alignment","both_point_converged",2500,0,0.0044,0,0,0,0,,,,,0,0,0,0,0,0,,,,,,,,
"C100R90","simulation","tight_fl_logistf","alignment","common_point_converged",2500,0.9792,0.0044,0.9792,0.9792,0,0,0,0,0,0,0,0,2448,2448,0,0.9792,2.46025422256935e-13,3.43014505688188e-12,4.14677181481693e-11,4.32986979603811e-15,4.31543689671798e-13,4.50917081451507e-12,6.15001105597202e-13,1.45451428679166e-11
"C100R90","simulation","tight_fl_logistf","alignment","common_inference_available",2500,0.9792,0.0044,0.9792,0.9792,0,0,0,0,0,0,0,0,2448,2448,0,0.9792,2.46025422256935e-13,3.43014505688188e-12,4.14677181481693e-11,4.32986979603811e-15,4.31543689671798e-13,4.50917081451507e-12,6.15001105597202e-13,1.45451428679166e-11
"C40R99","simulation","tight_fl_logistf","alignment","all_outputs",2500,1,0.0532,0.9468,0.9468,0,0,0,0,0,0,0,0,2367,2367,0,0.9468,6.44817532702291e-13,1.75937486801558e-10,64.7010604527002,1.7874590696465e-14,2.86026757834179e-12,1.07366893153937e-10,8.33888513795955e-13,1.62820867899427e-11
"C40R99","simulation","tight_fl_logistf","alignment","both_point_converged",2500,0,0.0532,0,0,0,0,,,,,0,0,0,0,0,0,,,,,,,,
"C40R99","simulation","tight_fl_logistf","alignment","common_point_converged",2500,0.7896,0.0532,0.7896,0.7896,0,0,0,0,0,0,0,0,1974,1974,0,0.7896,4.79616346638068e-13,9.80460157506968e-12,1.91136315663698e-07,1.69864122767649e-14,2.91822122022722e-12,7.98201504892404e-11,6.64440724662541e-13,1.3636203277656e-11
"C40R99","simulation","tight_fl_logistf","alignment","common_inference_available",2500,0.7812,0.0532,0.7812,0.7812,0,0,0,0,0,0,0,0,1953,1953,0,0.7812,4.71622740860766e-13,8.23163759378076e-12,5.55750121478127e-08,1.72084568816899e-14,2.91822122022722e-12,7.98201504892404e-11,6.53310738840673e-13,1.34514621663584e-11
"C100R99","simulation","tight_fl_logistf","alignment","all_outputs",2500,1,0.0044,0.9956,0.9956,0,0,0,0,0,0,0,0,2489,2489,0,0.9956,2.70283795344994e-13,4.89563944938709e-12,0.0220964928507836,1.83186799063151e-14,2.05302441713684e-12,1.94989802082546e-10,3.72590847064203e-13,1.22266641255919e-11
"C100R99","simulation","tight_fl_logistf","alignment","both_point_converged",2500,0,0.0044,0,0,0,0,,,,,0,0,0,0,0,0,,,,,,,,
"C100R99","simulation","tight_fl_logistf","alignment","common_point_converged",2500,0.9748,0.0044,0.9748,0.9748,0,0,0,0,0,0,0,0,2437,2437,0,0.9748,2.62012633811537e-13,3.35109717752857e-12,3.59900127477886e-08,1.82076576038526e-14,2.02859951059509e-12,1.94989802082546e-10,3.65374397404139e-13,1.19828591493842e-11
"C100R99","simulation","tight_fl_logistf","alignment","common_inference_available",2500,0.9744,0.0044,0.9744,0.9744,0,0,0,0,0,0,0,0,2436,2436,0,0.9744,2.62012633811537e-13,3.16813242307035e-12,9.36850597099692e-12,1.82076576038526e-14,2.02859951059509e-12,1.94989802082546e-10,3.64597241286901e-13,1.19828591493842e-11
"E020R1","exact","LF_inference","inference","all_outputs",121,1,0.0165289256198347,0.983471074380165,0.983471074380165,0.0661157024793388,0.0661157024793388,0.0672268907563025,0.0672268907563025,,,8,8,119,119,0,0,0.371044533857421,1.87363738364085,1.87363801807292,0.00974487952807797,0.0684684477088687,0.0684685192077203,0,0
"E020R1","exact","LF_inference","inference","both_point_converged",121,0.983471074380165,0.0165289256198347,0.983471074380165,0.983471074380165,0.0661157024793388,0.0661157024793388,0.0672268907563025,0.0672268907563025,,,8,8,119,119,0,0,0.371044533857421,1.87363738364085,1.87363801807292,0.00974487952807797,0.0684684477088687,0.0684685192077203,0,0
"E020R1","exact","LF_inference","inference","common_point_converged",121,0.966942148760331,0.0165289256198347,0.966942148760331,0.966942148760331,0.0661157024793388,0.0661157024793388,0.0683760683760684,0.0683760683760684,,,8,8,117,117,0,0,0.350557836396455,1.87363745413321,1.87363801807292,0.00974487952807799,0.0684684556531854,0.0684685192077203,0,0
"E020R1","exact","LF_inference","inference","common_inference_available",121,0.966942148760331,0.0165289256198347,0.966942148760331,0.966942148760331,0.0661157024793388,0.0661157024793388,0.0683760683760684,0.0683760683760684,,,8,8,117,117,0,0,0.350557836396455,1.87363745413321,1.87363801807292,0.00974487952807799,0.0684684556531854,0.0684685192077203,0,0
"E050R1","exact","LF_inference","inference","all_outputs",676,1,0.0029585798816568,0.997041420118343,0.997041420118343,0.0355029585798817,0.0355029585798817,0.0356083086053412,0.0356083086053412,,,24,24,674,674,0,0,0.117522806980527,1.97867866664893,1.97875502758341,0.00252493334168037,0.0741612028097077,0.0792863125639643,0,0
"E050R1","exact","LF_inference","inference","both_point_converged",676,0.997041420118343,0.0029585798816568,0.997041420118343,0.997041420118343,0.0355029585798817,0.0355029585798817,0.0356083086053412,0.0356083086053412,,,24,24,674,674,0,0,0.117522806980527,1.97867866664893,1.97875502758341,0.00252493334168037,0.0741612028097077,0.0792863125639643,0,0
"E050R1","exact","LF_inference","inference","common_point_converged",676,0.994082840236686,0.0029585798816568,0.994082840236686,0.994082840236686,0.0355029585798817,0.0355029585798817,0.0357142857142857,0.0357142857142857,,,24,24,672,672,0,0,0.117522553331551,1.97867866664894,1.97875502758341,0.00252493582592052,0.0741612028097077,0.0792863125639643,0,0
"E050R1","exact","LF_inference","inference","common_inference_available",676,0.994082840236686,0.0029585798816568,0.994082840236686,0.994082840236686,0.0355029585798817,0.0355029585798817,0.0357142857142857,0.0357142857142857,,,24,24,672,672,0,0,0.117522553331551,1.97867866664894,1.97875502758341,0.00252493582592052,0.0741612028097077,0.0792863125639643,0,0
"E100R1","exact","LF_inference","inference","all_outputs",2601,1,0.000768935024990388,0.99923106497501,0.99923106497501,0.013840830449827,0.013840830449827,0.0138514813389765,0.0138514813389765,,,36,36,2599,2599,0,0,0.0555340350256475,2.0182811455471,2.01878327323815,0.00036059217479556,0.038602842844704,0.0828738587713238,0,0
"E100R1","exact","LF_inference","inference","both_point_converged",2601,0.99923106497501,0.000768935024990388,0.99923106497501,0.99923106497501,0.013840830449827,0.013840830449827,0.0138514813389765,0.0138514813389765,,,36,36,2599,2599,0,0,0.0555340350256475,2.0182811455471,2.01878327323815,0.00036059217479556,0.038602842844704,0.0828738587713238,0,0
"E100R1","exact","LF_inference","inference","common_point_converged",2601,0.998462129950019,0.000768935024990388,0.998462129950019,0.998462129950019,0.013840830449827,0.013840830449827,0.0138621486330381,0.0138621486330381,,,36,36,2597,2597,0,0,0.0555340215831515,2.01828114653957,2.01878327323815,0.000360592174811103,0.0386028429127894,0.0828738587713238,0,0
"E100R1","exact","LF_inference","inference","common_inference_available",2601,0.991541714725106,0.000768935024990388,0.991541714725106,0.991541714725106,0.0130718954248366,0.0130718954248366,0.013183404420318,0.013183404420318,,,34,34,2579,2579,0,0,0.0545322249137516,2.01797738405797,2.01878327323815,0.000357475322017013,0.0363199443085462,0.0828738587713238,0,0
"E200R1","exact","LF_inference","inference","all_outputs",10201,1,0.000196059209881384,0.999803940790118,0.999803940790118,0.00470542103715322,0.00470542103715322,0.00470634375919208,0.00470634375919208,,,48,48,10199,10199,0,0,0.0261358269003698,2.03864216477902,2.03984943982043,9.92184786454291e-06,0.017666257597394,0.0846571156238135,0,0
"E200R1","exact","LF_inference","inference","both_point_converged",10201,0.999803940790118,0.000196059209881384,0.999803940790118,0.999803940790118,0.00470542103715322,0.00470542103715322,0.00470634375919208,0.00470634375919208,,,48,48,10199,10199,0,0,0.0261358269003698,2.03864216477902,2.03984943982043,9.92184786454291e-06,0.017666257597394,0.0846571156238135,0,0
"E200R1","exact","LF_inference","inference","common_point_converged",10201,0.999607881580237,0.000196059209881384,0.999607881580237,0.999607881580237,0.00470542103715322,0.00470542103715322,0.00470726684318917,0.00470726684318917,,,48,48,10197,10197,0,0,0.0261353642664075,2.03864216480663,2.03984943982043,9.92184786454348e-06,0.0176662628170793,0.0846571156238135,0,0
"E200R1","exact","LF_inference","inference","common_inference_available",10201,0.986962062542888,0.000196059209881384,0.986962062542888,0.986962062542888,0.00411724340750907,0.00411724340750907,0.00417163289630513,0.00417163289630513,,,42,42,10068,10068,0,0,0.025568952172639,2.03627980615082,2.03984943982043,9.06663114125239e-06,0.0167475450138485,0.0846571156238135,0,0
"E020R4","exact","LF_inference","inference","all_outputs",85,1,0.0235294117647059,0.976470588235294,0.976470588235294,0.0705882352941176,0.0705882352941176,0.072289156626506,0.072289156626506,,,6,6,83,83,0,0,0.350553871502839,1.87250147641873,1.87250564796665,0.010959631969859,0.0784856576339908,0.0784862765137749,0,0
"E020R4","exact","LF_inference","inference","both_point_converged",85,0.976470588235294,0.0235294117647059,0.976470588235294,0.976470588235294,0.0705882352941176,0.0705882352941176,0.072289156626506,0.072289156626506,,,6,6,83,83,0,0,0.350553871502839,1.87250147641873,1.87250564796665,0.010959631969859,0.0784856576339908,0.0784862765137749,0,0
"E020R4","exact","LF_inference","inference","common_point_converged",85,0.952941176470588,0.0235294117647059,0.952941176470588,0.952941176470588,0.0705882352941176,0.0705882352941176,0.0740740740740741,0.0740740740740741,,,6,6,81,81,0,0,0.35012514566984,1.87250157816381,1.87250564796665,0.0109596320486975,0.0784856727286197,0.0784862765137749,0,0
"E020R4","exact","LF_inference","inference","common_inference_available",85,0.952941176470588,0.0235294117647059,0.952941176470588,0.952941176470588,0.0705882352941176,0.0705882352941176,0.0740740740740741,0.0740740740740741,,,6,6,81,81,0,0,0.35012514566984,1.87250157816381,1.87250564796665,0.0109596320486975,0.0784856727286197,0.0784862765137749,0,0
"E050R4","exact","LF_inference","inference","all_outputs",451,1,0.00443458980044346,0.995565410199557,0.995565410199557,0.0443458980044346,0.0443458980044346,0.044543429844098,0.044543429844098,,,20,20,449,449,0,0,0.215228328088451,1.9784977935083,1.97861473532529,0.0042282453498193,0.0978510153239228,0.0996133955472429,0,0
"E050R4","exact","LF_inference","inference","both_point_converged",451,0.995565410199557,0.00443458980044346,0.995565410199557,0.995565410199557,0.0443458980044346,0.0443458980044346,0.044543429844098,0.044543429844098,,,20,20,449,449,0,0,0.215228328088451,1.9784977935083,1.97861473532529,0.0042282453498193,0.0978510153239228,0.0996133955472429,0,0
"E050R4","exact","LF_inference","inference","common_point_converged",451,0.991130820399113,0.00443458980044346,0.991130820399113,0.991130820399113,0.0443458980044346,0.0443458980044346,0.0447427293064877,0.0447427293064877,,,20,20,447,447,0,0,0.215227165979808,1.97849785800077,1.97861473532529,0.0044141617045963,0.0978510257059994,0.0996133955472429,0,0
"E050R4","exact","LF_inference","inference","common_inference_available",451,0.991130820399113,0.00443458980044346,0.991130820399113,0.991130820399113,0.0443458980044346,0.0443458980044346,0.0447427293064877,0.0447427293064877,,,20,20,447,447,0,0,0.215227165979808,1.97849785800077,1.97861473532529,0.0044141617045963,0.0978510257059994,0.0996133955472429,0,0
"E100R4","exact","LF_inference","inference","all_outputs",1701,1,0.00117577895355673,0.998824221046443,0.998824221046443,0.0293944738389183,0.0293944738389183,0.0294290759270159,0.0294290759270159,,,50,50,1699,1699,0,0,0.109641047424275,2.01851347179275,2.01873212313869,0.00131857914486513,0.0910853071067027,0.10836961293703,0,0
"E100R4","exact","LF_inference","inference","both_point_converged",1701,0.998824221046443,0.00117577895355673,0.998824221046443,0.998824221046443,0.0293944738389183,0.0293944738389183,0.0294290759270159,0.0294290759270159,,,50,50,1699,1699,0,0,0.109641047424275,2.01851347179275,2.01873212313869,0.00131857914486513,0.0910853071067027,0.10836961293703,0,0
"E100R4","exact","LF_inference","inference","common_point_converged",1701,0.997648442092887,0.00117577895355673,0.997648442092887,0.997648442092887,0.0293944738389183,0.0293944738389183,0.0294637595757219,0.0294637595757219,,,50,50,1697,1697,0,0,0.108962032164517,2.01851347448972,2.01873212313869,0.00131861079988038,0.0910853074527471,0.10836961293703,0,0
"E100R4","exact","LF_inference","inference","common_inference_available",1701,0.997648442092887,0.00117577895355673,0.997648442092887,0.997648442092887,0.0293944738389183,0.0293944738389183,0.0294637595757219,0.0294637595757219,,,50,50,1697,1697,0,0,0.108962032164517,2.01851347448972,2.01873212313869,0.00131861079988038,0.0910853074527471,0.10836961293703,0,0
"E200R4","exact","LF_inference","inference","all_outputs",6601,1,0.00030298439630359,0.999697015603697,0.999697015603697,0.0157551886077867,0.0157551886077867,0.0157599636308532,0.0157599636308532,,,104,104,6599,6599,0,0,0.0480821197905579,2.03933713816621,2.03983644215019,0.000155560247130237,0.047525268028008,0.113069813293832,0,0
"E200R4","exact","LF_inference","inference","both_point_converged",6601,0.999697015603697,0.00030298439630359,0.999697015603697,0.999697015603697,0.0157551886077867,0.0157551886077867,0.0157599636308532,0.0157599636308532,,,104,104,6599,6599,0,0,0.0480821197905579,2.03933713816621,2.03983644215019,0.000155560247130237,0.047525268028008,0.113069813293832,0,0
"E200R4","exact","LF_inference","inference","common_point_converged",6601,0.999394031207393,0.00030298439630359,0.999394031207393,0.999394031207393,0.0157551886077867,0.0157551886077867,0.015764741549189,0.015764741549189,,,104,104,6597,6597,0,0,0.0480743024320147,2.03933811510202,2.03983644215019,0.000155560253697235,0.0475507153763033,0.113069813293832,0,0
"E200R4","exact","LF_inference","inference","common_inference_available",6601,0.995152249659143,0.00030298439630359,0.995152249659143,0.995152249659143,0.0157551886077867,0.0157551886077867,0.0158319378900898,0.0158319378900898,,,104,104,6569,6569,0,0,0.0479655181418033,2.03935179220337,2.03983644215019,0.000155560253697235,0.0479069782524286,0.113069813293832,0,0
"C40R00","simulation","LF_inference","inference","all_outputs",2500,1,0.048,0.952,0.952,0.0244,0.0244,0.0256302521008403,0.0256302521008403,0.00323929019341888,0.00323929019341888,61,61,2380,2380,0.0576,0,0.758033788567401,16.2732539580365,73.2322952382667,0.0174674087533161,0.0830175167688755,0.406842239238971,0,0
"C40R00","simulation","LF_inference","inference","both_point_converged",2500,0.8944,0.048,0.8944,0.8944,0.0228,0.0228,0.0254919499105546,0.0254919499105546,0.00333317675245542,0.00333317675245542,57,57,2236,2236,0,0,0.648395811328632,9.96841944734764,51.6764874510842,0.016670109769831,0.0693455552092515,0.0968788733942775,0,0
"C40R00","simulation","LF_inference","inference","common_point_converged",2500,0.8668,0.048,0.8668,0.8668,0.0228,0.0228,0.0263036455929857,0.0263036455929857,0.00343787663600991,0.00343787663600991,57,57,2167,2167,0,0,0.61715243464411,8.9398264516937,51.6764874510842,0.0163280082717849,0.06862595112248,0.0968788733942775,0,0
"C40R00","simulation","LF_inference","inference","common_inference_available",2500,0.8568,0.048,0.8568,0.8568,0.0228,0.0228,0.0266106442577031,0.0266106442577031,0.00347745291040934,0.00347745291040934,57,57,2142,2142,0,0,0.607381979147011,6.14740043590865,22.8484530297297,0.0162084632066832,0.0668780620704034,0.0968788733942775,0,0
"C100R00","simulation","LF_inference","inference","all_outputs",2500,1,0.0032,0.9968,0.9968,0.0196,0.0196,0.0196629213483146,0.0196629213483146,0.00278123519509213,0.00278123519509213,49,49,2492,2492,0.0116,0,0.359017596152408,2.88507401316419,19.5367288288723,0.0220998248549125,0.0733535402331607,0.154882289633553,0,0
"C100R00","simulation","LF_inference","inference","both_point_converged",2500,0.9852,0.0032,0.9852,0.9852,0.0196,0.0196,0.0198944376776289,0.0198944376776289,0.0028136498841852,0.0028136498841852,49,49,2463,2463,0,0,0.340598119574516,2.33495326265604,11.0259083678606,0.0220761930761733,0.0714886421553851,0.0922924959862869,0,0
"C100R00","simulation","LF_inference","inference","common_point_converged",2500,0.9832,0.0032,0.9832,0.9832,0.0196,0.0196,0.0199349064279902,0.0199349064279902,0.00281931513113816,0.00281931513113816,49,49,2458,2458,0,0,0.338863580520663,2.32019372651021,11.0259083678606,0.0220761930761733,0.0714886421553851,0.0922924959862869,0,0
"C100R00","simulation","LF_inference","inference","common_inference_available",2500,0.9828,0.0032,0.9828,0.9828,0.0196,0.0196,0.0199430199430199,0.0199430199430199,0.00282045091885363,0.00282045091885363,49,49,2457,2457,0,0,0.338863580520663,2.3164349324586,11.0259083678606,0.0220761930761733,0.0714886421553851,0.0922924959862869,0,0
"C40R50","simulation","LF_inference","inference","all_outputs",2500,1,0.048,0.952,0.952,0.0204,0.0204,0.0214285714285714,0.0214285714285714,0.0029682767936957,0.0029682767936957,51,51,2380,2380,0.064,0,0.880996187782096,15.4980021202887,73.2322952383046,0.0176928770810297,0.0929587973813084,0.406842239238973,0,0
"C40R50","simulation","LF_inference","inference","both_point_converged",2500,0.888,0.048,0.888,0.888,0.0196,0.0196,0.0220720720720721,0.0220720720720721,0.00311816067480923,0.00311816067480923,49,49,2220,2220,0,0,0.726530757110382,10.7605913382533,45.0706236626855,0.0166567172592524,0.0729102421631221,0.129246586355023,0,0
"C40R50","simulation","LF_inference","inference","common_point_converged",2500,0.8516,0.048,0.8516,0.8516,0.0196,0.0196,0.023015500234852,0.023015500234852,0.00324987169481833,0.00324987169481833,49,49,2129,2129,0,0,0.657498278551289,8.85755103101216,45.0706236626855,0.0161810486210072,0.069346195603745,0.118208436549771,0,0
"C40R50","simulation","LF_inference","inference","common_inference_available",2500,0.8404,0.048,0.8404,0.8404,0.0196,0.0196,0.0233222275107092,0.0233222275107092,0.00329266570015376,0.00329266570015376,49,49,2101,2101,0,0,0.642840128118515,6.14740043607681,19.1020016015255,0.0160201367446676,0.0688057536710578,0.118208436549771,0,0
"C100R50","simulation","LF_inference","inference","all_outputs",2500,1,0.004,0.996,0.996,0.0224,0.0224,0.0224899598393574,0.0224899598393574,0.00297136004894636,0.00297136004894636,56,56,2490,2490,0.012,0,0.420608092935814,2.71938626663037,11.025908367863,0.0220449402705336,0.0725985222872085,0.144415585508528,0,0
"C100R50","simulation","LF_inference","inference","both_point_converged",2500,0.984,0.004,0.984,0.984,0.0224,0.0224,0.0227642276422764,0.0227642276422764,0.003007174184862,0.003007174184862,56,56,2460,2460,0,0,0.406117660359206,2.33316336860875,11.025908367863,0.0219865816080601,0.0715939523051788,0.108606304598228,0,0
"C100R50","simulation","LF_inference","inference","common_point_converged",2500,0.982,0.004,0.982,0.982,0.0224,0.0224,0.0228105906313646,0.0228105906313646,0.00301322729506694,0.00301322729506694,56,56,2455,2455,0,0,0.403193050991717,2.3158140364927,11.025908367863,0.0219842972895812,0.071488642155384,0.0936406775697929,0,0
"C100R50","simulation","LF_inference","inference","common_inference_available",2500,0.9816,0.004,0.9816,0.9816,0.0224,0.0224,0.0228198859005705,0.0228198859005705,0.00301444084189168,0.00301444084189168,56,56,2454,2454,0,0,0.399761824482864,2.30808485955465,11.025908367863,0.0219689814968678,0.071488642155384,0.0936406775697929,0,0
"C40R90","simulation","LF_inference","inference","all_outputs",2500,1,0.0524,0.9476,0.9476,0.0216,0.0216,0.0227944280287041,0.0227944280287041,0.00306637161815253,0.00306637161815253,54,54,2369,2369,0.0872,0,0.940672706455465,17.4072662371727,73.2322952382701,0.0182235796546373,0.101200796404959,0.322590248669327,0,0
"C40R90","simulation","LF_inference","inference","both_point_converged",2500,0.8604,0.0524,0.8604,0.8604,0.0196,0.0196,0.0227801022780102,0.0227801022780102,0.00321702014362195,0.00321702014362195,49,49,2151,2151,0,0,0.752172371958117,11.0113809939341,55.9418547156385,0.0169161309454796,0.0732506481896412,0.118208436549776,0,0
"C40R90","simulation","LF_inference","inference","common_point_converged",2500,0.8172,0.0524,0.8172,0.8172,0.0192,0.0192,0.0234948604992658,0.0234948604992658,0.00335111644296133,0.00335111644296133,48,48,2043,2043,0,0,0.67392971163988,8.85112340982071,51.0164161203641,0.0163844336249766,0.0683375053300361,0.118208436549776,0,0
"C40R90","simulation","LF_inference","inference","common_inference_available",2500,0.8088,0.0524,0.8088,0.8088,0.0192,0.0192,0.0237388724035608,0.0237388724035608,0.00338549725476216,0.00338549725476216,48,48,2022,2022,0,0,0.661742600959354,7.38467107192341,51.0164161203641,0.0163072502275533,0.0660746933280623,0.118208436549776,0,0
"C100R90","simulation","LF_inference","inference","all_outputs",2500,1,0.0044,0.9956,0.9956,0.0156,0.0156,0.0156689433507433,0.0156689433507433,0.00248930436576115,0.00248930436576115,39,39,2489,2489,0.0136,0,0.441795663066743,3.5467656530771,17.0244352822391,0.0212483379631269,0.0707592069647004,0.144415585508522,0,0
"C100R90","simulation","LF_inference","inference","both_point_converged",2500,0.982,0.0044,0.982,0.982,0.0156,0.0156,0.0158859470468432,0.0158859470468432,0.00252350124770249,0.00252350124770249,39,39,2455,2455,0,0,0.432940006069616,2.40781820426478,17.0244352822391,0.0211087316683862,0.0693930631312382,0.126397280721828,0,0
"C100R90","simulation","LF_inference","inference","common_point_converged",2500,0.9792,0.0044,0.9792,0.9792,0.0156,0.0156,0.0159313725490196,0.0159313725490196,0.00253065873371366,0.00253065873371366,39,39,2448,2448,0,0,0.430083980877802,2.37743818390264,8.55957170273145,0.0210613471526369,0.0693901286647541,0.126397280721828,0,0
"C100R90","simulation","LF_inference","inference","common_inference_available",2500,0.9792,0.0044,0.9792,0.9792,0.0156,0.0156,0.0159313725490196,0.0159313725490196,0.00253065873371366,0.00253065873371366,39,39,2448,2448,0,0,0.430083980877802,2.37743818390264,8.55957170273145,0.0210613471526369,0.0693901286647541,0.126397280721828,0,0
"C40R99","simulation","LF_inference","inference","all_outputs",2500,1,0.0532,0.9468,0.9468,0.0192,0.0192,0.0202788339670469,0.0202788339670469,0.00289716750939905,0.00289716750939905,48,48,2367,2367,0.1084,0,1.05279979299444,18.0602582280138,73.2322952385081,0.0183929528376009,0.091298894293449,0.322590248669233,0,0
"C40R99","simulation","LF_inference","inference","both_point_converged",2500,0.8384,0.0532,0.8384,0.8384,0.018,0.018,0.021469465648855,0.021469465648855,0.00316593627945607,0.00316593627945607,45,45,2096,2096,0,0,0.731708788965866,11.3712067156458,55.9418547156391,0.0167442042508735,0.0693468931862045,0.0862983495293538,0,0
"C40R99","simulation","LF_inference","inference","common_point_converged",2500,0.7896,0.0532,0.7896,0.7896,0.0172,0.0172,0.0217831813576494,0.0217831813576494,0.00328552398652837,0.00328552398652837,43,43,1974,1974,0,0,0.644853383135758,7.67219865120706,51.016414801655,0.016055078915246,0.0617652200724597,0.0862983495293538,0,0
"C40R99","simulation","LF_inference","inference","common_inference_available",2500,0.7812,0.0532,0.7812,0.7812,0.0172,0.0172,0.0220174091141833,0.0220174091141833,0.00332045459923211,0.00332045459923211,43,43,1953,1953,0,0,0.63747262429393,5.80552671436423,51.016414801655,0.01597544130793,0.0604178322187173,0.0862983495293538,0,0
"C100R99","simulation","LF_inference","inference","all_outputs",2500,1,0.0044,0.9956,0.9956,0.0184,0.0184,0.0184813177983126,0.0184813177983126,0.00269962414915589,0.00269962414915589,46,46,2489,2489,0.0168,0,0.433376859868131,3.54676565310739,48.8576189024714,0.0216063761305429,0.0755049801595777,0.181219351526229,0,0
"C100R99","simulation","LF_inference","inference","both_point_converged",2500,0.9788,0.0044,0.9788,0.9788,0.0184,0.0184,0.0187985288107887,0.0187985288107887,0.00274551639737341,0.00274551639737341,46,46,2447,2447,0,0,0.420905708044789,2.367213792171,48.8576189024714,0.0214112802409836,0.0710400910759635,0.0989129963572571,0,0
"C100R99","simulation","LF_inference","inference","common_point_converged",2500,0.9748,0.0044,0.9748,0.9748,0.0184,0.0184,0.0188756668034469,0.0188756668034469,0.00275667399982476,0.00275667399982476,46,46,2437,2437,0,0,0.409058129207669,2.35142693063945,48.8576189024714,0.0214112802409836,0.0709927183916866,0.0989129963572571,0,0
"C100R99","simulation","LF_inference","inference","common_inference_available",2500,0.9744,0.0044,0.9744,0.9744,0.0184,0.0184,0.0188834154351396,0.0188834154351396,0.00275779474920696,0.00275779474920696,46,46,2436,2436,0,0,0.406588317209111,2.34103049246754,9.59961085528642,0.0214112802409836,0.0709927183916866,0.0989129963572571,0,0
"E020R1","exact","SAS_CI","inference","all_outputs",121,1,0.0165289256198347,0.983471074380165,0.983471074380165,0.0991735537190083,0,0.100840336134454,0,,,12,0,119,119,0,0,0.268605285835303,1.72367461597609,1.72367461597618,0,0,0,0,0
"E020R1","exact","SAS_CI","inference","both_point_converged",121,0.983471074380165,0.0165289256198347,0.983471074380165,0.983471074380165,0.0991735537190083,0,0.100840336134454,0,,,12,0,119,119,0,0,0.268605285835303,1.72367461597609,1.72367461597618,0,0,0,0,0
"E020R1","exact","SAS_CI","inference","common_point_converged",121,0.966942148760331,0.0165289256198347,0.966942148760331,0.966942148760331,0.0991735537190083,0,0.102564102564103,0,,,12,0,117,117,0,0,0.246192320902168,1.7236746159761,1.72367461597618,0,0,0,0,0
"E020R1","exact","SAS_CI","inference","common_inference_available",121,0.966942148760331,0.0165289256198347,0.966942148760331,0.966942148760331,0.0991735537190083,0,0.102564102564103,0,,,12,0,117,117,0,0,0.246192320902168,1.7236746159761,1.72367461597618,0,0,0,0,0
"E050R1","exact","SAS_CI","inference","all_outputs",676,1,0.0029585798816568,0.997041420118343,0.997041420118343,0.0532544378698225,0,0.0534124629080119,0,,,36,0,674,674,0,0,0.0988210572171391,1.9206603569622,1.92074466225037,0,0,0,0,0
"E050R1","exact","SAS_CI","inference","both_point_converged",676,0.997041420118343,0.0029585798816568,0.997041420118343,0.997041420118343,0.0532544378698225,0,0.0534124629080119,0,,,36,0,674,674,0,0,0.0988210572171391,1.9206603569622,1.92074466225037,0,0,0,0,0
"E050R1","exact","SAS_CI","inference","common_point_converged",676,0.994082840236686,0.0029585798816568,0.994082840236686,0.994082840236686,0.0532544378698225,0,0.0535714285714286,0,,,36,0,672,672,0,0,0.0988210572171344,1.9206603569622,1.92074466225037,0,0,0,0,0
"E050R1","exact","SAS_CI","inference","common_inference_available",676,0.994082840236686,0.0029585798816568,0.994082840236686,0.994082840236686,0.0532544378698225,0,0.0535714285714286,0,,,36,0,672,672,0,0,0.0988210572171344,1.9206603569622,1.92074466225037,0,0,0,0,0
"E100R1","exact","SAS_CI","inference","all_outputs",2601,1,0.000768935024990388,0.99923106497501,0.99923106497501,0.0207612456747405,0,0.0207772220084648,0,,,54,0,2599,2599,0,0,0.0480270394711464,1.9899646084054,1.99074258852252,0,0,0,0,0
"E100R1","exact","SAS_CI","inference","both_point_converged",2601,0.99923106497501,0.000768935024990388,0.99923106497501,0.99923106497501,0.0207612456747405,0,0.0207772220084648,0,,,54,0,2599,2599,0,0,0.0480270394711464,1.9899646084054,1.99074258852252,0,0,0,0,0
"E100R1","exact","SAS_CI","inference","common_point_converged",2601,0.998462129950019,0.000768935024990388,0.998462129950019,0.998462129950019,0.0207612456747405,0,0.0207932229495572,0,,,54,0,2597,2597,0,0,0.0480270394711253,1.98996460840558,1.99074258852252,0,0,0,0,0
"E100R1","exact","SAS_CI","inference","common_inference_available",2601,0.991541714725106,0.000768935024990388,0.991541714725106,0.991541714725106,0.0199923106497501,0,0.0201628538193098,0,,,52,0,2579,2579,0,0,0.0476371657583259,1.98991418195793,1.99074258852252,0,0,0,0,0
"E200R1","exact","SAS_CI","inference","all_outputs",10201,1,0.000196059209881384,0.999803940790118,0.999803940790118,0.00686207234584845,0,0.00686341798215511,0,,,70,0,10199,10199,0,0,0.0238740514936671,2.02473128687386,2.02828453365958,0,0,0,0,0
"E200R1","exact","SAS_CI","inference","both_point_converged",10201,0.999803940790118,0.000196059209881384,0.999803940790118,0.999803940790118,0.00686207234584845,0,0.00686341798215511,0,,,70,0,10199,10199,0,0,0.0238740514936671,2.02473128687386,2.02828453365958,0,0,0,0,0
"E200R1","exact","SAS_CI","inference","common_point_converged",10201,0.999607881580237,0.000196059209881384,0.999607881580237,0.999607881580237,0.00686207234584845,0,0.00686476414631754,0,,,70,0,10197,10197,0,0,0.0238034543240069,2.02473128687418,2.02828453365958,0,0,0,0,0
"E200R1","exact","SAS_CI","inference","common_inference_available",10201,0.986962062542888,0.000196059209881384,0.986962062542888,0.986962062542888,0.00627389471620429,0,0.00635677393722686,0,,,64,0,10068,10068,0,0,0.0232969393698603,2.022196867259,2.02828453365958,0,0,0,0,0
"E020R4","exact","SAS_CI","inference","all_outputs",85,1,0.0235294117647059,0.976470588235294,0.976470588235294,0.117647058823529,0,0.120481927710843,0,,,10,0,83,83,0,0,0.356135854348955,1.5477958639061,1.54779586390612,0,0,0,0,0
"E020R4","exact","SAS_CI","inference","both_point_converged",85,0.976470588235294,0.0235294117647059,0.976470588235294,0.976470588235294,0.117647058823529,0,0.120481927710843,0,,,10,0,83,83,0,0,0.356135854348955,1.5477958639061,1.54779586390612,0,0,0,0,0
"E020R4","exact","SAS_CI","inference","common_point_converged",85,0.952941176470588,0.0235294117647059,0.952941176470588,0.952941176470588,0.117647058823529,0,0.123456790123457,0,,,10,0,81,81,0,0,0.336285177859638,1.5477958639061,1.54779586390612,0,0,0,0,0
"E020R4","exact","SAS_CI","inference","common_inference_available",85,0.952941176470588,0.0235294117647059,0.952941176470588,0.952941176470588,0.117647058823529,0,0.123456790123457,0,,,10,0,81,81,0,0,0.336285177859638,1.5477958639061,1.54779586390612,0,0,0,0,0
"E050R4","exact","SAS_CI","inference","all_outputs",451,1,0.00443458980044346,0.995565410199557,0.995565410199557,0.0665188470066519,0,0.066815144766147,0,,,30,0,449,449,0,0,0.172524344155859,1.84066541969642,1.84641378054985,0,0,0,0,0
"E050R4","exact","SAS_CI","inference","both_point_converged",451,0.995565410199557,0.00443458980044346,0.995565410199557,0.995565410199557,0.0665188470066519,0,0.066815144766147,0,,,30,0,449,449,0,0,0.172524344155859,1.84066541969642,1.84641378054985,0,0,0,0,0
"E050R4","exact","SAS_CI","inference","common_point_converged",451,0.991130820399113,0.00443458980044346,0.991130820399113,0.991130820399113,0.0665188470066519,0,0.0671140939597315,0,,,30,0,447,447,0,0,0.172524344155856,1.84066541969642,1.84641378054985,0,0,0,0,0
"E050R4","exact","SAS_CI","inference","common_inference_available",451,0.991130820399113,0.00443458980044346,0.991130820399113,0.991130820399113,0.0665188470066519,0,0.0671140939597315,0,,,30,0,447,447,0,0,0.172524344155856,1.84066541969642,1.84641378054985,0,0,0,0,0
"E100R4","exact","SAS_CI","inference","all_outputs",1701,1,0.00117577895355673,0.998824221046443,0.998824221046443,0.0352733686067019,0,0.0353148911124191,0,,,60,0,1699,1699,0,0,0.0881748575552764,1.9492254945538,1.95205316795826,0,0,0,0,0
"E100R4","exact","SAS_CI","inference","both_point_converged",1701,0.998824221046443,0.00117577895355673,0.998824221046443,0.998824221046443,0.0352733686067019,0,0.0353148911124191,0,,,60,0,1699,1699,0,0,0.0881748575552764,1.9492254945538,1.95205316795826,0,0,0,0,0
"E100R4","exact","SAS_CI","inference","common_point_converged",1701,0.997648442092887,0.00117577895355673,0.997648442092887,0.997648442092887,0.0352733686067019,0,0.0353565114908662,0,,,60,0,1697,1697,0,0,0.088077694238015,1.9492254945538,1.95205316795826,0,0,0,0,0
"E100R4","exact","SAS_CI","inference","common_inference_available",1701,0.997648442092887,0.00117577895355673,0.997648442092887,0.997648442092887,0.0352733686067019,0,0.0353565114908662,0,,,60,0,1697,1697,0,0,0.088077694238015,1.9492254945538,1.95205316795826,0,0,0,0,0
"E200R4","exact","SAS_CI","inference","all_outputs",6601,1,0.00030298439630359,0.999697015603697,0.999697015603697,0.0169671261930011,0,0.0169722685255342,0,,,112,0,6599,6599,0,0,0.0421387288701551,2.00507496515701,2.00830659415131,0,0,0,0,0
"E200R4","exact","SAS_CI","inference","both_point_converged",6601,0.999697015603697,0.00030298439630359,0.999697015603697,0.999697015603697,0.0169671261930011,0,0.0169722685255342,0,,,112,0,6599,6599,0,0,0.0421387288701551,2.00507496515701,2.00830659415131,0,0,0,0,0
"E200R4","exact","SAS_CI","inference","common_point_converged",6601,0.999394031207393,0.00030298439630359,0.999394031207393,0.999394031207393,0.0169671261930011,0,0.0169774139760497,0,,,112,0,6597,6597,0,0,0.0421298359211797,2.00507502945636,2.00830659415131,0,0,0,0,0
"E200R4","exact","SAS_CI","inference","common_inference_available",6601,0.995152249659143,0.00030298439630359,0.995152249659143,0.995152249659143,0.0169671261930011,0,0.0170497792662506,0,,,112,0,6569,6569,0,0,0.0419757604947508,2.00503751827266,2.00830659415131,0,0,0,0,0
"C40R00","simulation","SAS_CI","inference","all_outputs",2500,1,0.048,0.9308,0.952,0.0292,0,0.0313708637730984,0,0.00361363106460672,0,73,0,2327,2380,0.0388,0,0.553832005038815,11.8127525362741,31.7707643526918,0,0,0,0,0
"C40R00","simulation","SAS_CI","inference","both_point_converged",2500,0.9072,0.048,0.892,0.9072,0.0292,0,0.0327354260089686,0,0.00376815889748198,0,73,0,2230,2268,0,0,0.497211070337691,10.8583813729555,31.7707643526918,0,0,0,0,0
"C40R00","simulation","SAS_CI","inference","common_point_converged",2500,0.8668,0.048,0.8568,0.8668,0.0288,0,0.0336134453781513,0,0.00389423558695473,0,72,0,2142,2167,0,0,0.467968257832519,5.67943336205009,22.6273030826208,0,0,0,0,0
"C40R00","simulation","SAS_CI","inference","common_inference_available",2500,0.8568,0.048,0.8568,0.8568,0.0288,0,0.0336134453781513,0,0.00389423558695473,0,72,0,2142,2142,0,0,0.467968257832519,5.67943336205009,22.6273030826208,0,0,0,0,0
"C100R00","simulation","SAS_CI","inference","all_outputs",2500,1,0.0032,0.9956,0.9968,0.0088,0,0.0088388911209321,0,0.00187611117466114,0,22,0,2489,2492,0.0044,0,0.270652960485063,2.3327831254881,18.04952471294,0,0,0,0,0
"C100R00","simulation","SAS_CI","inference","both_point_converged",2500,0.992,0.0032,0.9912,0.992,0.0088,0,0.00887812752219532,0,0.00188440205242822,0,22,0,2478,2480,0,0,0.263945451484476,2.26562905115441,18.04952471294,0,0,0,0,0
"C100R00","simulation","SAS_CI","inference","common_point_converged",2500,0.9832,0.0032,0.9828,0.9832,0.0076,0,0.00773300773300773,0,0.00176720086889786,0,19,0,2457,2458,0,0,0.247526490739216,2.19903443165117,10.8205487721618,0,0,0,0,0
"C100R00","simulation","SAS_CI","inference","common_inference_available",2500,0.9828,0.0032,0.9828,0.9828,0.0076,0,0.00773300773300773,0,0.00176720086889786,0,19,0,2457,2457,0,0,0.247526490739216,2.19903443165117,10.8205487721618,0,0,0,0,0
"C40R50","simulation","SAS_CI","inference","all_outputs",2500,1,0.048,0.928,0.952,0.0252,0,0.0271551724137931,0,0.00337445838725488,0,63,0,2320,2380,0.048,0,0.638929786902918,11.9849060422863,25.8924839154258,0,0,0,0,0
"C40R50","simulation","SAS_CI","inference","both_point_converged",2500,0.8968,0.048,0.88,0.8968,0.0252,0,0.0286363636363636,0,0.00355580973478933,0,63,0,2200,2242,0,0,0.543441139359384,10.3921213820259,25.8924839154258,0,0,0,0,0
"C40R50","simulation","SAS_CI","inference","common_point_converged",2500,0.8516,0.048,0.8404,0.8516,0.0248,0,0.0295097572584484,0,0.00369203134109203,0,62,0,2101,2129,0,0,0.494984715385894,5.67943336205024,18.770261878819,0,0,0,0,0
"C40R50","simulation","SAS_CI","inference","common_inference_available",2500,0.8404,0.048,0.8404,0.8404,0.0248,0,0.0295097572584484,0,0.00369203134109203,0,62,0,2101,2101,0,0,0.494984715385894,5.67943336205024,18.770261878819,0,0,0,0,0
"C100R50","simulation","SAS_CI","inference","all_outputs",2500,1,0.004,0.9956,0.996,0.008,0,0.00803535556448373,0,0.00178952676334724,0,20,0,2489,2490,0.0036,0,0.310500711811528,2.32500427475437,10.8205487721608,0,0,0,0,0
"C100R50","simulation","SAS_CI","inference","both_point_converged",2500,0.9924,0.004,0.992,0.9924,0.0076,0,0.00766129032258064,0,0.00175087477596728,0,19,0,2480,2481,0,0,0.298100265491102,2.28760949806864,10.8205487721608,0,0,0,0,0
"C100R50","simulation","SAS_CI","inference","common_point_converged",2500,0.982,0.004,0.9816,0.982,0.0072,0,0.00733496332518337,0,0.00172251517621021,0,18,0,2454,2455,0,0,0.280741218048334,2.20565284997935,10.8205487721608,0,0,0,0,0
"C100R50","simulation","SAS_CI","inference","common_inference_available",2500,0.9816,0.004,0.9816,0.9816,0.0072,0,0.00733496332518337,0,0.00172251517621021,0,18,0,2454,2454,0,0,0.280741218048334,2.20565284997935,10.8205487721608,0,0,0,0,0
"C40R90","simulation","SAS_CI","inference","all_outputs",2500,1,0.0524,0.9184,0.9476,0.0248,0,0.0270034843205575,0,0.00338282556132542,0,62,0,2296,2369,0.0588,0,0.687697277794199,12.3943797346177,120.044879871829,0,0,0,0,0
"C40R90","simulation","SAS_CI","inference","both_point_converged",2500,0.8768,0.0524,0.8596,0.8768,0.0248,0,0.0288506281991624,0,0.00361079178774178,0,62,0,2149,2192,0,0,0.56846639802904,11.8423600067677,120.044879871829,0,0,0,0,0
"C40R90","simulation","SAS_CI","inference","common_point_converged",2500,0.8172,0.0524,0.8088,0.8172,0.0228,0,0.0281899109792285,0,0.00368084032640811,0,57,0,2022,2043,0,0,0.513843662151667,7.03523271163297,50.7334111590626,0,0,0,0,0
"C40R90","simulation","SAS_CI","inference","common_inference_available",2500,0.8088,0.0524,0.8088,0.8088,0.0228,0,0.0281899109792285,0,0.00368084032640811,0,57,0,2022,2022,0,0,0.513843662151667,7.03523271163297,50.7334111590626,0,0,0,0,0
"C100R90","simulation","SAS_CI","inference","all_outputs",2500,1,0.0044,0.994,0.9956,0.0072,0,0.00724346076458753,0,0.00170110545673848,0,18,0,2485,2489,0.0048,0,0.320565491418973,3.00546144292782,16.8294918803567,0,0,0,0,0
"C100R90","simulation","SAS_CI","inference","both_point_converged",2500,0.99,0.0044,0.9892,0.99,0.0072,0,0.00727860897695107,0,0.00170932965111219,0,18,0,2473,2475,0,0,0.319121571486011,2.54959330119921,16.8294918803567,0,0,0,0,0
"C100R90","simulation","SAS_CI","inference","common_point_converged",2500,0.9792,0.0044,0.9792,0.9792,0.0072,0,0.00735294117647059,0,0.00172672139085979,0,18,0,2448,2448,0,0,0.309260758666345,2.26562905115441,8.42328879288518,0,0,0,0,0
"C100R90","simulation","SAS_CI","inference","common_inference_available",2500,0.9792,0.0044,0.9792,0.9792,0.0072,0,0.00735294117647059,0,0.00172672139085979,0,18,0,2448,2448,0,0,0.309260758666345,2.26562905115441,8.42328879288518,0,0,0,0,0
"C40R99","simulation","SAS_CI","inference","all_outputs",2500,1,0.0532,0.9152,0.9468,0.0236,0,0.0257867132867133,0,0.00331357656371647,0,59,0,2288,2367,0.0616,0,0.712157406338754,12.3943797346352,120.044879871772,0,0,0,0,0
"C40R99","simulation","SAS_CI","inference","both_point_converged",2500,0.8732,0.0532,0.8536,0.8732,0.0228,0,0.0267104029990628,0,0.00349031041730292,0,57,0,2134,2183,0,0,0.58444693718884,11.8383651713653,120.044879871772,0,0,0,0,0
"C40R99","simulation","SAS_CI","inference","common_point_converged",2500,0.7896,0.0532,0.7812,0.7896,0.0208,0,0.0266257040450589,0,0.00364283386541308,0,52,0,1953,1974,0,0,0.492177778494463,5.58708195824464,50.733411159586,0,0,0,0,0
"C40R99","simulation","SAS_CI","inference","common_inference_available",2500,0.7812,0.0532,0.7812,0.7812,0.0208,0,0.0266257040450589,0,0.00364283386541308,0,52,0,1953,1953,0,0,0.492177778494463,5.58708195824464,50.733411159586,0,0,0,0,0
"C100R99","simulation","SAS_CI","inference","all_outputs",2500,1,0.0044,0.9932,0.9956,0.008,0,0.00805477245267821,0,0.00179383347594855,0,20,0,2483,2489,0.0048,0,0.319254690661652,3.00546144292808,16.8294918800328,0,0,0,0,0
"C100R99","simulation","SAS_CI","inference","both_point_converged",2500,0.9896,0.0044,0.9884,0.9896,0.008,0,0.00809388911371914,0,0.00180250938809931,0,20,0,2471,2474,0,0,0.312210417171067,2.53951347484749,16.8294918800328,0,0,0,0,0
"C100R99","simulation","SAS_CI","inference","common_point_converged",2500,0.9748,0.0044,0.9744,0.9748,0.008,0,0.00821018062397373,0,0.00182830032669801,0,20,0,2436,2437,0,0,0.296389413352585,2.22172174154096,9.41115331897744,0,0,0,0,0
"C100R99","simulation","SAS_CI","inference","common_inference_available",2500,0.9744,0.0044,0.9744,0.9744,0.008,0,0.00821018062397373,0,0.00182830032669801,0,20,0,2436,2436,0,0,0.296389413352585,2.22172174154096,9.41115331897744,0,0,0,0,0
"E020R1","exact","LF_algorithm_default","algorithm","all_outputs",121,1,0.0165289256198347,0.983471074380165,0.983471074380165,0,0,0,0,,,0,0,119,119,0,0,3.5527136788005e-15,9.16493547720164e-13,9.86766224286839e-13,1.11022302462516e-16,4.50503507298804e-08,6.7256639479929e-08,3.10951264737014e-12,2.56947751964276e-11
"E020R1","exact","LF_algorithm_default","algorithm","both_point_converged",121,0.983471074380165,0.0165289256198347,0.983471074380165,0.983471074380165,0,0,0,0,,,0,0,119,119,0,0,3.5527136788005e-15,9.16493547720164e-13,9.86766224286839e-13,1.11022302462516e-16,4.50503507298804e-08,6.7256639479929e-08,3.10951264737014e-12,2.56947751964276e-11
"E020R1","exact","LF_algorithm_default","algorithm","common_point_converged",121,0.966942148760331,0.0165289256198347,0.966942148760331,0.966942148760331,0,0,0,0,,,0,0,117,117,0,0,3.5527136788005e-15,9.21538401144063e-13,9.86766224286839e-13,1.11022302462516e-16,4.53289368529398e-08,6.7256639479929e-08,9.22151244253655e-13,2.5773330136758e-11
"E020R1","exact","LF_algorithm_default","algorithm","common_inference_available",121,0.966942148760331,0.0165289256198347,0.966942148760331,0.966942148760331,0,0,0,0,,,0,0,117,117,0,0,3.5527136788005e-15,9.21538401144063e-13,9.86766224286839e-13,1.11022302462516e-16,4.53289368529398e-08,6.7256639479929e-08,9.22151244253655e-13,2.5773330136758e-11
"E050R1","exact","LF_algorithm_default","algorithm","all_outputs",676,1,0.0029585798816568,0.997041420118343,0.997041420118343,0,0,0,0,,,0,0,674,674,0,0,7.21644966006352e-15,1.55356616460267e-12,4.47641923528863e-12,0,1.88316029436919e-14,9.51152516748266e-08,3.77475828372553e-15,2.19087192832035e-12
"E050R1","exact","LF_algorithm_default","algorithm","both_point_converged",676,0.997041420118343,0.0029585798816568,0.997041420118343,0.997041420118343,0,0,0,0,,,0,0,674,674,0,0,7.21644966006352e-15,1.55356616460267e-12,4.47641923528863e-12,0,1.88316029436919e-14,9.51152516748266e-08,3.77475828372553e-15,2.19087192832035e-12
"E050R1","exact","LF_algorithm_default","algorithm","common_point_converged",676,0.994082840236686,0.0029585798816568,0.994082840236686,0.994082840236686,0,0,0,0,,,0,0,672,672,0,0,7.21644966006352e-15,1.55548462998922e-12,4.47641923528863e-12,0,1.88449256199874e-14,9.51152516748266e-08,3.71924713249427e-15,2.19088525099664e-12
"E050R1","exact","LF_algorithm_default","algorithm","common_inference_available",676,0.994082840236686,0.0029585798816568,0.994082840236686,0.994082840236686,0,0,0,0,,,0,0,672,672,0,0,7.21644966006352e-15,1.55548462998922e-12,4.47641923528863e-12,0,1.88449256199874e-14,9.51152516748266e-08,3.71924713249427e-15,2.19088525099664e-12
"E100R1","exact","LF_algorithm_default","algorithm","all_outputs",2601,1,0.000768935024990388,0.99923106497501,0.99923106497501,0,0,0,0,,,0,0,2599,2599,0,0,2.19824158875781e-14,6.73487932090211e-13,2.13820072758608e-11,0,5.28732613247484e-14,1.34513278848836e-07,4.39648317751562e-14,1.12296927312627e-11
"E100R1","exact","LF_algorithm_default","algorithm","both_point_converged",2601,0.99923106497501,0.000768935024990388,0.99923106497501,0.99923106497501,0,0,0,0,,,0,0,2599,2599,0,0,2.19824158875781e-14,6.73487932090211e-13,2.13820072758608e-11,0,5.28732613247484e-14,1.34513278848836e-07,4.39648317751562e-14,1.12296927312627e-11
"E100R1","exact","LF_algorithm_default","algorithm","common_point_converged",2601,0.998462129950019,0.000768935024990388,0.998462129950019,0.998462129950019,0,0,0,0,,,0,0,2597,2597,0,0,2.19824158875781e-14,6.73736622047727e-13,2.13820072758608e-11,0,5.28999066773394e-14,1.34513278848836e-07,4.39648317751562e-14,1.12297016130469e-11
"E100R1","exact","LF_algorithm_default","algorithm","common_inference_available",2601,0.991541714725106,0.000768935024990388,0.991541714725106,0.991541714725106,0,0,0,0,,,0,0,2579,2579,0,0,2.17603712826531e-14,5.15925080435408e-13,2.13820072758608e-11,0,5.31397148506582e-14,1.34513278848836e-07,4.44089209850063e-14,1.12297815491047e-11
"E200R1","exact","LF_algorithm_default","algorithm","all_outputs",10201,1,0.000196059209881384,0.999803940790118,0.999803940790118,0,0,0,0,,,0,0,10199,10199,0,0,5.79536418854332e-14,7.22213400194963e-13,8.92050877610018e-11,0,7.63833440942108e-14,1.90230503238631e-07,1.64313007644523e-14,2.87947443666781e-11
"E200R1","exact","LF_algorithm_default","algorithm","both_point_converged",10201,0.999803940790118,0.000196059209881384,0.999803940790118,0.999803940790118,0,0,0,0,,,0,0,10199,10199,0,0,5.79536418854332e-14,7.22213400194963e-13,8.92050877610018e-11,0,7.63833440942108e-14,1.90230503238631e-07,1.64313007644523e-14,2.87947443666781e-11
"E200R1","exact","LF_algorithm_default","algorithm","common_point_converged",10201,0.999607881580237,0.000196059209881384,0.999607881580237,0.999607881580237,0,0,0,0,,,0,0,10197,10197,0,0,5.79536418854332e-14,7.22337745173712e-13,8.92050877610018e-11,0,7.63833440942108e-14,1.90230503238631e-07,1.64313007644523e-14,2.87947443666781e-11
"E200R1","exact","LF_algorithm_default","algorithm","common_inference_available",10201,0.986962062542888,0.000196059209881384,0.986962062542888,0.986962062542888,0,0,0,0,,,0,0,10068,10068,0,0,5.7065463465733e-14,3.29500871032451e-13,8.92050877610018e-11,0,7.6456618813836e-14,1.90230503238631e-07,1.62647673107585e-14,2.88152612881731e-11
"E020R4","exact","LF_algorithm_default","algorithm","all_outputs",85,1,0.0235294117647059,0.976470588235294,0.976470588235294,0,0,0,0,,,0,0,83,83,0,0,3.66373598126302e-15,1.85931270380024e-13,1.95399252334028e-13,0,1.37490019369577e-14,3.54161144855425e-14,6.06181771445335e-14,3.08847702967796e-11
"E020R4","exact","LF_algorithm_default","algorithm","both_point_converged",85,0.976470588235294,0.0235294117647059,0.976470588235294,0.976470588235294,0,0,0,0,,,0,0,83,83,0,0,3.66373598126302e-15,1.85931270380024e-13,1.95399252334028e-13,0,1.37490019369577e-14,3.54161144855425e-14,6.06181771445335e-14,3.08847702967796e-11
"E020R4","exact","LF_algorithm_default","algorithm","common_point_converged",85,0.952941176470588,0.0235294117647059,0.952941176470588,0.952941176470588,0,0,0,0,,,0,0,81,81,0,0,3.5527136788005e-15,1.86162196769146e-13,1.95399252334028e-13,0,1.42774680966796e-14,3.54161144855425e-14,6.06181771445335e-14,3.08856495934151e-11
"E020R4","exact","LF_algorithm_default","algorithm","common_inference_available",85,0.952941176470588,0.0235294117647059,0.952941176470588,0.952941176470588,0,0,0,0,,,0,0,81,81,0,0,3.5527136788005e-15,1.86162196769146e-13,1.95399252334028e-13,0,1.42774680966796e-14,3.54161144855425e-14,6.06181771445335e-14,3.08856495934151e-11
"E050R4","exact","LF_algorithm_default","algorithm","all_outputs",451,1,0.00443458980044346,0.995565410199557,0.995565410199557,0,0,0,0,,,0,0,449,449,0,0,9.79771819231701e-15,5.19406739840633e-13,1.32871491587139e-12,0,6.7723604502134e-14,2.96651592179842e-13,1.82076576038526e-13,2.24788010427801e-11
"E050R4","exact","LF_algorithm_default","algorithm","both_point_converged",451,0.995565410199557,0.00443458980044346,0.995565410199557,0.995565410199557,0,0,0,0,,,0,0,449,449,0,0,9.79771819231701e-15,5.19406739840633e-13,1.32871491587139e-12,0,6.7723604502134e-14,2.96651592179842e-13,1.82076576038526e-13,2.24788010427801e-11
"E050R4","exact","LF_algorithm_default","algorithm","common_point_converged",451,0.991130820399113,0.00443458980044346,0.991130820399113,0.991130820399113,0,0,0,0,,,0,0,447,447,0,0,9.76996261670138e-15,5.20117282576394e-13,1.32871491587139e-12,0,6.82787160144477e-14,2.96651592179842e-13,1.82076576038526e-13,2.24789165059747e-11
"E050R4","exact","LF_algorithm_default","algorithm","common_inference_available",451,0.991130820399113,0.00443458980044346,0.991130820399113,0.991130820399113,0,0,0,0,,,0,0,447,447,0,0,9.76996261670138e-15,5.20117282576394e-13,1.32871491587139e-12,0,6.82787160144477e-14,2.96651592179842e-13,1.82076576038526e-13,2.24789165059747e-11
"E100R4","exact","LF_algorithm_default","algorithm","all_outputs",1701,1,0.00117577895355673,0.998824221046443,0.998824221046443,0,0,0,0,,,0,0,1699,1699,0,0,2.1316282072803e-14,1.17882592576279e-12,1.04893871366585e-11,0,9.99311744465102e-14,7.8337336617551e-13,4.61852778244065e-14,1.45128531414684e-11
"E100R4","exact","LF_algorithm_default","algorithm","both_point_converged",1701,0.998824221046443,0.00117577895355673,0.998824221046443,0.998824221046443,0,0,0,0,,,0,0,1699,1699,0,0,2.1316282072803e-14,1.17882592576279e-12,1.04893871366585e-11,0,9.99311744465102e-14,7.8337336617551e-13,4.61852778244065e-14,1.45128531414684e-11
"E100R4","exact","LF_algorithm_default","algorithm","common_point_converged",1701,0.997648442092887,0.00117577895355673,0.997648442092887,0.997648442092887,0,0,0,0,,,0,0,1697,1697,0,0,2.1316282072803e-14,1.17992726700322e-12,1.04893871366585e-11,0,1.00053298979219e-13,7.8337336617551e-13,4.35207425653061e-14,1.45128709050368e-11
"E100R4","exact","LF_algorithm_default","algorithm","common_inference_available",1701,0.997648442092887,0.00117577895355673,0.997648442092887,0.997648442092887,0,0,0,0,,,0,0,1697,1697,0,0,2.1316282072803e-14,1.17992726700322e-12,1.04893871366585e-11,0,1.00053298979219e-13,7.8337336617551e-13,4.35207425653061e-14,1.45128709050368e-11
"E200R4","exact","LF_algorithm_default","algorithm","all_outputs",6601,1,0.00030298439630359,0.999697015603697,0.999697015603697,0,0,0,0,,,0,0,6599,6599,0,0,4.88498130835069e-14,5.38609157274541e-13,3.2375879754909e-11,0,1.28341781646668e-13,4.78106443324577e-12,1.15463194561016e-14,3.86279941366752e-11
"E200R4","exact","LF_algorithm_default","algorithm","both_point_converged",6601,0.999697015603697,0.00030298439630359,0.999697015603697,0.999697015603697,0,0,0,0,,,0,0,6599,6599,0,0,4.88498130835069e-14,5.38609157274541e-13,3.2375879754909e-11,0,1.28341781646668e-13,4.78106443324577e-12,1.15463194561016e-14,3.86279941366752e-11
"E200R4","exact","LF_algorithm_default","algorithm","common_point_converged",6601,0.999394031207393,0.00030298439630359,0.999394031207393,0.999394031207393,0,0,0,0,,,0,0,6597,6597,0,0,4.88498130835069e-14,5.38982192210823e-13,3.2375879754909e-11,0,1.28341781646668e-13,4.78106443324577e-12,1.15463194561016e-14,3.86279985775673e-11
"E200R4","exact","LF_algorithm_default","algorithm","common_inference_available",6601,0.995152249659143,0.00030298439630359,0.995152249659143,0.995152249659143,0,0,0,0,,,0,0,6569,6569,0,0,4.85167461761193e-14,5.04485342389671e-13,3.2375879754909e-11,0,1.28341781646668e-13,4.78106443324577e-12,1.12132525487141e-14,3.86280607500566e-11
"C40R00","simulation","LF_algorithm_default","algorithm","all_outputs",2500,1,0.048,0.952,0.952,0,0,0,0,0,0,0,0,2380,2380,0.062,0,3.99680288865056e-15,1.36677827056175e-06,0.0399954796115694,1.66533453693773e-15,2.01534236854428e-07,0.00211249930530055,1.55431223447522e-15,0.000323905960689874
"C40R00","simulation","LF_algorithm_default","algorithm","both_point_converged",2500,0.89,0.048,0.89,0.89,0,0,0,0,0,0,0,0,2225,2225,0,0,3.5527136788005e-15,1.07326592058143e-10,1.74199055180679e-09,1.4432899320127e-15,1.83421500210557e-10,2.43984832337674e-08,1.38777878078145e-15,2.31274802475756e-06
"C40R00","simulation","LF_algorithm_default","algorithm","common_point_converged",2500,0.8668,0.048,0.8668,0.8668,0,0,0,0,0,0,0,0,2167,2167,0,0,3.5527136788005e-15,1.07326592058143e-10,1.13849907279473e-09,1.4432899320127e-15,1.23509757976592e-10,2.43984832337674e-08,1.33226762955019e-15,2.31274802475756e-06
"C40R00","simulation","LF_algorithm_default","algorithm","common_inference_available",2500,0.8568,0.048,0.8568,0.8568,0,0,0,0,0,0,0,0,2142,2142,0,0,3.5527136788005e-15,1.07326592058143e-10,1.13849907279473e-09,1.4432899320127e-15,1.1426815049731e-10,2.43984832337674e-08,1.33226762955019e-15,2.31274802475756e-06
"C100R00","simulation","LF_algorithm_default","algorithm","all_outputs",2500,1,0.0032,0.9968,0.9968,0,0,0,0,0,0,0,0,2492,2492,0.0124,0,3.5527136788005e-15,2.91101365235136e-10,6.48611453613057e-06,2.55351295663786e-15,5.99858940297793e-10,3.22017100073957e-06,1.38777878078145e-15,3.81587220429913e-06
"C100R00","simulation","LF_algorithm_default","algorithm","both_point_converged",2500,0.9844,0.0032,0.9844,0.9844,0,0,0,0,0,0,0,0,2461,2461,0,0,3.33066907387547e-15,6.96838142744127e-11,3.90697252328209e-10,2.44249065417534e-15,1.35262800959879e-10,2.89837990274933e-08,1.33226762955019e-15,1.98638131587714e-06
"C100R00","simulation","LF_algorithm_default","algorithm","common_point_converged",2500,0.9832,0.0032,0.9832,0.9832,0,0,0,0,0,0,0,0,2458,2458,0,0,3.33066907387547e-15,6.78976874723958e-11,3.90697252328209e-10,2.44249065417534e-15,1.25938481865262e-10,1.08240538754245e-09,1.33226762955019e-15,1.93265980574786e-06
"C100R00","simulation","LF_algorithm_default","algorithm","common_inference_available",2500,0.9828,0.0032,0.9828,0.9828,0,0,0,0,0,0,0,0,2457,2457,0,0,3.33066907387547e-15,6.78976874723958e-11,3.90697252328209e-10,2.44249065417534e-15,1.25938481865262e-10,1.08240538754245e-09,1.33226762955019e-15,1.93265980574786e-06
"C40R50","simulation","LF_algorithm_default","algorithm","all_outputs",2500,1,0.048,0.952,0.952,0,0,0,0,0,0,0,0,2380,2380,0.0728,0,3.99680288865056e-15,2.06968069704772e-06,0.0399954796161062,1.66533453693773e-15,3.29001495158465e-07,0.00211249930538504,1.60982338570648e-15,0.000453489708242882
"C40R50","simulation","LF_algorithm_default","algorithm","both_point_converged",2500,0.8792,0.048,0.8792,0.8792,0,0,0,0,0,0,0,0,2198,2198,0,0,3.5527136788005e-15,9.3025143144132e-11,8.21803070039095e-10,1.4432899320127e-15,1.74851133571963e-10,2.43944512368088e-08,1.4432899320127e-15,2.16914259190161e-06
"C40R50","simulation","LF_algorithm_default","algorithm","common_point_converged",2500,0.8516,0.048,0.8516,0.8516,0,0,0,0,0,0,0,0,2129,2129,0,0,3.5527136788005e-15,9.3025143144132e-11,8.21803070039095e-10,1.4432899320127e-15,1.25931376437904e-10,2.43944512368088e-08,1.4432899320127e-15,2.16914259190161e-06
"C40R50","simulation","LF_algorithm_default","algorithm","common_inference_available",2500,0.8404,0.048,0.8404,0.8404,0,0,0,0,0,0,0,0,2101,2101,0,0,3.5527136788005e-15,9.3025143144132e-11,8.21803070039095e-10,1.4432899320127e-15,1.20260135183514e-10,2.43944512368088e-08,1.41553435639707e-15,2.16914259190161e-06
"C100R50","simulation","LF_algorithm_default","algorithm","all_outputs",2500,1,0.004,0.996,0.996,0,0,0,0,0,0,0,0,2490,2490,0.0132,0,3.33066907387547e-15,1.55921497935196e-10,1.44404535529219e-06,2.33146835171283e-15,2.06442973826881e-10,4.99153803845687e-07,1.4432899320127e-15,3.55923399886215e-06
"C100R50","simulation","LF_algorithm_default","algorithm","both_point_converged",2500,0.9828,0.004,0.9828,0.9828,0,0,0,0,0,0,0,0,2457,2457,0,0,3.21964677141295e-15,4.90381069084833e-11,1.93931981584683e-10,2.33146835171283e-15,6.7192251762549e-11,1.3187561043182e-09,1.33226762955019e-15,1.77322886898978e-06
"C100R50","simulation","LF_algorithm_default","algorithm","common_point_converged",2500,0.982,0.004,0.982,0.982,0,0,0,0,0,0,0,0,2455,2455,0,0,3.21964677141295e-15,4.90381069084833e-11,1.93931981584683e-10,2.33146835171283e-15,6.7192251762549e-11,1.3187561043182e-09,1.33226762955019e-15,1.77322886898978e-06
"C100R50","simulation","LF_algorithm_default","algorithm","common_inference_available",2500,0.9816,0.004,0.9816,0.9816,0,0,0,0,0,0,0,0,2454,2454,0,0,3.21964677141295e-15,4.90381069084833e-11,1.93931981584683e-10,2.33146835171283e-15,6.7192251762549e-11,1.3187561043182e-09,1.33226762955019e-15,1.77322886898978e-06
"C40R90","simulation","LF_algorithm_default","algorithm","all_outputs",2500,1,0.0524,0.9476,0.9476,0,0,0,0,0,0,0,0,2369,2369,0.096,0,5.77315972805081e-15,3.84080620463578e-06,0.00316610348434132,2.44249065417534e-15,6.14071477222922e-07,0.00211249930547452,1.84921522539128e-15,0.00077516906089059
"C40R90","simulation","LF_algorithm_default","algorithm","both_point_converged",2500,0.8516,0.0524,0.8516,0.8516,0,0,0,0,0,0,0,0,2129,2129,0,0,4.88498130835069e-15,1.7196466473024e-11,2.97859514830634e-10,1.99840144432528e-15,7.6202155696592e-11,5.64778372957875e-08,1.55431223447522e-15,7.34770525867567e-07
"C40R90","simulation","LF_algorithm_default","algorithm","common_point_converged",2500,0.8172,0.0524,0.8172,0.8172,0,0,0,0,0,0,0,0,2043,2043,0,0,4.44089209850063e-15,1.74651404449833e-11,2.97859514830634e-10,1.99840144432528e-15,7.24635906834692e-11,5.64778372957875e-08,1.55431223447522e-15,7.46777694127232e-07
"C40R90","simulation","LF_algorithm_default","algorithm","common_inference_available",2500,0.8088,0.0524,0.8088,0.8088,0,0,0,0,0,0,0,0,2022,2022,0,0,4.44089209850063e-15,1.74651404449833e-11,2.97859514830634e-10,1.99840144432528e-15,7.24635906834692e-11,5.64778372957875e-08,1.55431223447522e-15,7.46777694127232e-07
"C100R90","simulation","LF_algorithm_default","algorithm","all_outputs",2500,1,0.0044,0.9956,0.9956,0,0,0,0,0,0,0,0,2489,2489,0.0156,0,3.99680288865056e-15,1.68224545404883e-10,0.00022839772114569,2.88657986402541e-15,1.67657221439299e-10,0.000159426576967769,1.55431223447522e-15,4.0497999629352e-06
"C100R90","simulation","LF_algorithm_default","algorithm","both_point_converged",2500,0.98,0.0044,0.98,0.98,0,0,0,0,0,0,0,0,2450,2450,0,0,3.99680288865056e-15,1.04964925640161e-11,1.72384773122758e-10,2.66453525910038e-15,2.23402407684148e-11,1.66695124370619e-09,1.55431223447522e-15,6.50213956676637e-07
"C100R90","simulation","LF_algorithm_default","algorithm","common_point_converged",2500,0.9792,0.0044,0.9792,0.9792,0,0,0,0,0,0,0,0,2448,2448,0,0,3.99680288865056e-15,1.04964925640161e-11,1.72384773122758e-10,2.66453525910038e-15,2.23402407684148e-11,1.66695124370619e-09,1.55431223447522e-15,6.50213956676637e-07
"C100R90","simulation","LF_algorithm_default","algorithm","common_inference_available",2500,0.9792,0.0044,0.9792,0.9792,0,0,0,0,0,0,0,0,2448,2448,0,0,3.99680288865056e-15,1.04964925640161e-11,1.72384773122758e-10,2.66453525910038e-15,2.23402407684148e-11,1.66695124370619e-09,1.55431223447522e-15,6.50213956676637e-07
"C40R99","simulation","LF_algorithm_default","algorithm","all_outputs",2500,1,0.0532,0.9468,0.9468,0,0,0,0,0,0,0,0,2367,2367,0.1272,0,3.90798504668055e-14,2.79538912906219e-06,0.0139325625844151,2.09832151654155e-14,4.33525509047072e-07,0.000348711352380571,5.10702591327572e-15,0.000483183016775968
"C40R99","simulation","LF_algorithm_default","algorithm","both_point_converged",2500,0.8196,0.0532,0.8196,0.8196,0,0,0,0,0,0,0,0,2049,2049,0,0,3.10862446895044e-14,9.9600327985172e-12,9.16752895818718e-10,1.53210777398272e-14,1.79460890592509e-11,1.41087241889437e-09,3.99680288865056e-15,2.38475905689484e-13
"C40R99","simulation","LF_algorithm_default","algorithm","common_point_converged",2500,0.7896,0.0532,0.7896,0.7896,0,0,0,0,0,0,0,0,1974,1974,0,0,2.97539770599542e-14,9.1944230007357e-12,9.16752895818718e-10,1.48769885299771e-14,1.1983525283199e-11,8.11340772344238e-10,3.88578058618805e-15,2.38475905689484e-13
"C40R99","simulation","LF_algorithm_default","algorithm","common_inference_available",2500,0.7812,0.0532,0.7812,0.7812,0,0,0,0,0,0,0,0,1953,1953,0,0,2.93098878501041e-14,5.00754993026931e-12,6.48164188987721e-10,1.48769885299771e-14,1.0963119301266e-11,8.11340772344238e-10,3.83026943495679e-15,1.78079773149875e-13
"C100R99","simulation","LF_algorithm_default","algorithm","all_outputs",2500,1,0.0044,0.9956,0.9956,0,0,0,0,0,0,0,0,2489,2489,0.0204,0,2.30926389122033e-14,2.40483188918006e-10,0.000272753989065677,1.49880108324396e-14,1.05700559416277e-10,0.000159426577616362,3.5527136788005e-15,4.1038039484409e-06
"C100R99","simulation","LF_algorithm_default","algorithm","both_point_converged",2500,0.9752,0.0044,0.9752,0.9752,0,0,0,0,0,0,0,0,2438,2438,0,0,2.26485497023532e-14,2.70006239588838e-13,8.71001049063125e-11,1.4210854715202e-14,2.99338331899435e-12,1.12888809411515e-10,3.44169137633799e-15,1.19904086659517e-13
"C100R99","simulation","LF_algorithm_default","algorithm","common_point_converged",2500,0.9748,0.0044,0.9748,0.9748,0,0,0,0,0,0,0,0,2437,2437,0,0,2.26485497023532e-14,2.54019028034236e-13,8.71001049063125e-11,1.4210854715202e-14,2.99338331899435e-12,1.12888809411515e-10,3.44169137633799e-15,1.18571819029967e-13
"C100R99","simulation","LF_algorithm_default","algorithm","common_inference_available",2500,0.9744,0.0044,0.9744,0.9744,0,0,0,0,0,0,0,0,2436,2436,0,0,2.26485497023532e-14,2.52242671194836e-13,8.71001049063125e-11,1.4210854715202e-14,2.99338331899435e-12,1.12888809411515e-10,3.42781358853017e-15,1.18571819029967e-13
"E020R1","exact","LF_algorithm_tight","algorithm","all_outputs",121,1,0.0165289256198347,0.983471074380165,0.983471074380165,0,0,0,0,,,0,0,119,119,0,0,2.66453525910038e-15,5.32285326926285e-13,1.14930287509196e-12,0,3.89972542258473e-08,4.75576258374133e-08,6.66133814775094e-16,3.83693077310453e-15
"E020R1","exact","LF_algorithm_tight","algorithm","both_point_converged",121,0.983471074380165,0.0165289256198347,0.983471074380165,0.983471074380165,0,0,0,0,,,0,0,119,119,0,0,2.66453525910038e-15,5.32285326926285e-13,1.14930287509196e-12,0,3.89972542258473e-08,4.75576258374133e-08,6.66133814775094e-16,3.83693077310453e-15
"E020R1","exact","LF_algorithm_tight","algorithm","common_point_converged",121,0.966942148760331,0.0165289256198347,0.966942148760331,0.966942148760331,0,0,0,0,,,0,0,117,117,0,0,2.66453525910038e-15,5.32551780452195e-13,1.14930287509196e-12,0,3.99484066271329e-08,4.75576258374133e-08,6.66133814775094e-16,3.85469434149855e-15
"E020R1","exact","LF_algorithm_tight","algorithm","common_inference_available",121,0.966942148760331,0.0165289256198347,0.966942148760331,0.966942148760331,0,0,0,0,,,0,0,117,117,0,0,2.66453525910038e-15,5.32551780452195e-13,1.14930287509196e-12,0,3.99484066271329e-08,4.75576258374133e-08,6.66133814775094e-16,3.85469434149855e-15
"E050R1","exact","LF_algorithm_tight","algorithm","all_outputs",676,1,0.0029585798816568,0.997041420118343,0.997041420118343,0,0,0,0,,,0,0,674,674,0,0,6.21724893790088e-15,2.43849385128669e-12,4.00390831600816e-12,0,1.94588789526051e-14,9.51152516748266e-08,6.47953737893332e-16,1.03339559132109e-14
"E050R1","exact","LF_algorithm_tight","algorithm","both_point_converged",676,0.997041420118343,0.0029585798816568,0.997041420118343,0.997041420118343,0,0,0,0,,,0,0,674,674,0,0,6.21724893790088e-15,2.43849385128669e-12,4.00390831600816e-12,0,1.94588789526051e-14,9.51152516748266e-08,6.47953737893332e-16,1.03339559132109e-14
"E050R1","exact","LF_algorithm_tight","algorithm","common_point_converged",676,0.994082840236686,0.0029585798816568,0.994082840236686,0.994082840236686,0,0,0,0,,,0,0,672,672,0,0,6.21724893790088e-15,2.43938202970639e-12,4.00390831600816e-12,0,1.94610993986544e-14,9.51152516748266e-08,6.24063382351069e-16,1.03428376974079e-14
"E050R1","exact","LF_algorithm_tight","algorithm","common_inference_available",676,0.994082840236686,0.0029585798816568,0.994082840236686,0.994082840236686,0,0,0,0,,,0,0,672,672,0,0,6.21724893790088e-15,2.43938202970639e-12,4.00390831600816e-12,0,1.94610993986544e-14,9.51152516748266e-08,6.24063382351069e-16,1.03428376974079e-14
"E100R1","exact","LF_algorithm_tight","algorithm","all_outputs",2601,1,0.000768935024990388,0.99923106497501,0.99923106497501,0,0,0,0,,,0,0,2599,2599,0,0,1.46549439250521e-14,5.85512083262074e-12,1.77706738213601e-11,0,5.19717602287528e-14,1.90230503238631e-07,6.66133814775094e-16,1.68753899743024e-14
"E100R1","exact","LF_algorithm_tight","algorithm","both_point_converged",2601,0.99923106497501,0.000768935024990388,0.99923106497501,0.99923106497501,0,0,0,0,,,0,0,2599,2599,0,0,1.46549439250521e-14,5.85512083262074e-12,1.77706738213601e-11,0,5.19717602287528e-14,1.90230503238631e-07,6.66133814775094e-16,1.68753899743024e-14
"E100R1","exact","LF_algorithm_tight","algorithm","common_point_converged",2601,0.998462129950019,0.000768935024990388,0.998462129950019,0.998462129950019,0,0,0,0,,,0,0,2597,2597,0,0,1.46549439250521e-14,5.85536952257826e-12,1.77706738213601e-11,0,5.19850829050483e-14,1.90230503238631e-07,6.66133814775094e-16,1.68753899743024e-14
"E100R1","exact","LF_algorithm_tight","algorithm","common_inference_available",2601,0.991541714725106,0.000768935024990388,0.991541714725106,0.991541714725106,0,0,0,0,,,0,0,2579,2579,0,0,1.44884104713583e-14,2.99934299619052e-12,1.6740386854508e-11,0,5.21049869917077e-14,1.90230503238631e-07,6.66133814775094e-16,1.50990331349021e-14
"E200R1","exact","LF_algorithm_tight","algorithm","all_outputs",10201,1,0.000196059209881384,0.999803940790118,0.999803940790118,0,0,0,0,,,0,0,10199,10199,0,0,4.19733692247348e-14,8.60151061488069e-12,8.3680617990467e-11,0,6.86206647060319e-14,1.90230503238631e-07,5.55111512312578e-16,2.39808173319034e-14
"E200R1","exact","LF_algorithm_tight","algorithm","both_point_converged",10201,0.999803940790118,0.000196059209881384,0.999803940790118,0.999803940790118,0,0,0,0,,,0,0,10199,10199,0,0,4.19733692247348e-14,8.60151061488069e-12,8.3680617990467e-11,0,6.86206647060319e-14,1.90230503238631e-07,5.55111512312578e-16,2.39808173319034e-14
"E200R1","exact","LF_algorithm_tight","algorithm","common_point_converged",10201,0.999607881580237,0.000196059209881384,0.999607881580237,0.999607881580237,0,0,0,0,,,0,0,10197,10197,0,0,4.19733692247348e-14,8.60190141338533e-12,8.3680617990467e-11,0,6.86295464902283e-14,1.90230503238631e-07,5.55111512312578e-16,2.39808173319034e-14
"E200R1","exact","LF_algorithm_tight","algorithm","common_inference_available",10201,0.986962062542888,0.000196059209881384,0.986962062542888,0.986962062542888,0,0,0,0,,,0,0,10068,10068,0,0,4.10782519111308e-14,4.04414279842058e-13,7.78896946940222e-11,0,6.92024215709352e-14,1.90230503238631e-07,5.55111512312578e-16,1.33226762955019e-14
"E020R4","exact","LF_algorithm_tight","algorithm","all_outputs",85,1,0.0235294117647059,0.976470588235294,0.976470588235294,0,0,0,0,,,0,0,83,83,0,0,1.99840144432528e-15,3.01234592825491e-13,7.105427357601e-13,0,1.41198164271827e-14,1.4210854715202e-14,4.9960036108132e-16,3.71258579434652e-15
"E020R4","exact","LF_algorithm_tight","algorithm","both_point_converged",85,0.976470588235294,0.0235294117647059,0.976470588235294,0.976470588235294,0,0,0,0,,,0,0,83,83,0,0,1.99840144432528e-15,3.01234592825491e-13,7.105427357601e-13,0,1.41198164271827e-14,1.4210854715202e-14,4.9960036108132e-16,3.71258579434652e-15
"E020R4","exact","LF_algorithm_tight","algorithm","common_point_converged",85,0.952941176470588,0.0235294117647059,0.952941176470588,0.952941176470588,0,0,0,0,,,0,0,81,81,0,0,1.99840144432528e-15,3.11217718262925e-13,7.105427357601e-13,0,1.4122036873232e-14,1.4210854715202e-14,4.44089209850063e-16,3.73034936274053e-15
"E020R4","exact","LF_algorithm_tight","algorithm","common_inference_available",85,0.952941176470588,0.0235294117647059,0.952941176470588,0.952941176470588,0,0,0,0,,,0,0,81,81,0,0,1.99840144432528e-15,3.11217718262925e-13,7.105427357601e-13,0,1.4122036873232e-14,1.4210854715202e-14,4.44089209850063e-16,3.73034936274053e-15
"E050R4","exact","LF_algorithm_tight","algorithm","all_outputs",451,1,0.00443458980044346,0.995565410199557,0.995565410199557,0,0,0,0,,,0,0,449,449,0,0,4.88498130835069e-15,4.18474144225908e-13,3.91686683087755e-12,0,3.71125352671696e-14,2.96651592179842e-13,4.44089209850063e-16,6.00408611717284e-15
"E050R4","exact","LF_algorithm_tight","algorithm","both_point_converged",451,0.995565410199557,0.00443458980044346,0.995565410199557,0.995565410199557,0,0,0,0,,,0,0,449,449,0,0,4.88498130835069e-15,4.18474144225908e-13,3.91686683087755e-12,0,3.71125352671696e-14,2.96651592179842e-13,4.44089209850063e-16,6.00408611717284e-15
"E050R4","exact","LF_algorithm_tight","algorithm","common_point_converged",451,0.991130820399113,0.00443458980044346,0.991130820399113,0.991130820399113,0,0,0,0,,,0,0,447,447,0,0,4.88498130835069e-15,4.21724877242017e-13,3.91686683087755e-12,0,3.72546438143219e-14,2.96651592179842e-13,4.44089209850063e-16,6.01296790136986e-15
"E050R4","exact","LF_algorithm_tight","algorithm","common_inference_available",451,0.991130820399113,0.00443458980044346,0.991130820399113,0.991130820399113,0,0,0,0,,,0,0,447,447,0,0,4.88498130835069e-15,4.21724877242017e-13,3.91686683087755e-12,0,3.72546438143219e-14,2.96651592179842e-13,4.44089209850063e-16,6.01296790136986e-15
"E100R4","exact","LF_algorithm_tight","algorithm","all_outputs",1701,1,0.00117577895355673,0.998824221046443,0.998824221046443,0,0,0,0,,,0,0,1699,1699,0,0,8.88178419700125e-15,8.88782381025519e-13,1.59587898451719e-11,0,6.86117829218346e-14,9.51152516748266e-08,4.44089209850063e-16,1.24433796599987e-14
"E100R4","exact","LF_algorithm_tight","algorithm","both_point_converged",1701,0.998824221046443,0.00117577895355673,0.998824221046443,0.998824221046443,0,0,0,0,,,0,0,1699,1699,0,0,8.88178419700125e-15,8.88782381025519e-13,1.59587898451719e-11,0,6.86117829218346e-14,9.51152516748266e-08,4.44089209850063e-16,1.24433796599987e-14
"E100R4","exact","LF_algorithm_tight","algorithm","common_point_converged",1701,0.997648442092887,0.00117577895355673,0.997648442092887,0.997648442092887,0,0,0,0,,,0,0,1697,1697,0,0,8.88178419700125e-15,8.91162699190313e-13,1.59587898451719e-11,0,6.8722805224297e-14,9.51152516748266e-08,4.44089209850063e-16,1.24344978758018e-14
"E100R4","exact","LF_algorithm_tight","algorithm","common_inference_available",1701,0.997648442092887,0.00117577895355673,0.997648442092887,0.997648442092887,0,0,0,0,,,0,0,1697,1697,0,0,8.88178419700125e-15,8.91162699190313e-13,1.59587898451719e-11,0,6.8722805224297e-14,9.51152516748266e-08,4.44089209850063e-16,1.24344978758018e-14
"E200R4","exact","LF_algorithm_tight","algorithm","all_outputs",6601,1,0.00030298439630359,0.999697015603697,0.999697015603697,0,0,0,0,,,0,0,6599,6599,0,0,1.99840144432528e-14,1.09807274384365e-12,5.70761216067694e-11,0,1.00586206031039e-13,2.53186360765767e-12,4.44089209850063e-16,1.06581410364015e-14
"E200R4","exact","LF_algorithm_tight","algorithm","both_point_converged",6601,0.999697015603697,0.00030298439630359,0.999697015603697,0.999697015603697,0,0,0,0,,,0,0,6599,6599,0,0,1.99840144432528e-14,1.09807274384365e-12,5.70761216067694e-11,0,1.00586206031039e-13,2.53186360765767e-12,4.44089209850063e-16,1.06581410364015e-14
"E200R4","exact","LF_algorithm_tight","algorithm","common_point_converged",6601,0.999394031207393,0.00030298439630359,0.999394031207393,0.999394031207393,0,0,0,0,,,0,0,6597,6597,0,0,1.99840144432528e-14,1.09835696093796e-12,5.70761216067694e-11,0,1.00586206031039e-13,2.53186360765767e-12,4.44089209850063e-16,1.06581410364015e-14
"E200R4","exact","LF_algorithm_tight","algorithm","common_inference_available",6601,0.995152249659143,0.00030298439630359,0.995152249659143,0.995152249659143,0,0,0,0,,,0,0,6569,6569,0,0,1.99840144432528e-14,4.74358330393432e-13,4.39044356426166e-11,0,1.00586206031039e-13,2.53186360765767e-12,4.44089209850063e-16,8.88178419700125e-15
"C40R00","simulation","LF_algorithm_tight","algorithm","all_outputs",2500,1,0.048,0.952,0.952,0,0,0,0,0,0,0,0,2380,2380,0,0,3.5527136788005e-15,8.66862137627322e-13,1.73372427525464e-11,1.22124532708767e-15,2.64455124465712e-13,1.59640078933876e-11,1.4432899320127e-15,2.87769807982841e-13
"C40R00","simulation","LF_algorithm_tight","algorithm","both_point_converged",2500,0.952,0.048,0.952,0.952,0,0,0,0,0,0,0,0,2380,2380,0,0,3.5527136788005e-15,8.66862137627322e-13,1.73372427525464e-11,1.22124532708767e-15,2.64455124465712e-13,1.59640078933876e-11,1.4432899320127e-15,2.87769807982841e-13
"C40R00","simulation","LF_algorithm_tight","algorithm","common_point_converged",2500,0.8668,0.048,0.8668,0.8668,0,0,0,0,0,0,0,0,2167,2167,0,0,3.10862446895044e-15,2.98427949019242e-13,1.31521460389195e-11,1.33226762955019e-15,2.64455124465712e-13,1.59640078933876e-11,1.33226762955019e-15,2.72226685638088e-13
"C40R00","simulation","LF_algorithm_tight","algorithm","common_inference_available",2500,0.8568,0.048,0.8568,0.8568,0,0,0,0,0,0,0,0,2142,2142,0,0,3.10862446895044e-15,2.48689957516035e-13,3.84048348678334e-12,1.33226762955019e-15,2.64455124465712e-13,1.59640078933876e-11,1.33226762955019e-15,2.72226685638088e-13
"C100R00","simulation","LF_algorithm_tight","algorithm","all_outputs",2500,1,0.0032,0.9968,0.9968,0,0,0,0,0,0,0,0,2492,2492,0,0,3.10862446895044e-15,8.79296635503124e-14,1.26121335597418e-12,1.88737914186277e-15,2.73225886360251e-13,1.51934020919953e-12,1.33226762955019e-15,2.36893837879393e-13
"C100R00","simulation","LF_algorithm_tight","algorithm","both_point_converged",2500,0.9968,0.0032,0.9968,0.9968,0,0,0,0,0,0,0,0,2492,2492,0,0,3.10862446895044e-15,8.79296635503124e-14,1.26121335597418e-12,1.88737914186277e-15,2.73225886360251e-13,1.51934020919953e-12,1.33226762955019e-15,2.36893837879393e-13
"C100R00","simulation","LF_algorithm_tight","algorithm","common_point_converged",2500,0.9832,0.0032,0.9832,0.9832,0,0,0,0,0,0,0,0,2458,2458,0,0,3.10862446895044e-15,2.93098878501041e-14,4.67181848762266e-13,1.88737914186277e-15,2.73225886360251e-13,1.51934020919953e-12,1.33226762955019e-15,2.06057393370429e-13
"C100R00","simulation","LF_algorithm_tight","algorithm","common_inference_available",2500,0.9828,0.0032,0.9828,0.9828,0,0,0,0,0,0,0,0,2457,2457,0,0,3.10862446895044e-15,2.66453525910038e-14,3.65929508916452e-13,1.88737914186277e-15,2.73225886360251e-13,1.51934020919953e-12,1.33226762955019e-15,2.06057393370429e-13
"C40R50","simulation","LF_algorithm_tight","algorithm","all_outputs",2500,1,0.048,0.952,0.952,0,0,0,0,0,0,0,0,2380,2380,0,0,3.5527136788005e-15,1.01163522003844e-12,2.03499439521693e-11,1.22124532708767e-15,1.57762691799235e-13,2.12854178727184e-11,1.55431223447522e-15,2.87991852587766e-13
"C40R50","simulation","LF_algorithm_tight","algorithm","both_point_converged",2500,0.952,0.048,0.952,0.952,0,0,0,0,0,0,0,0,2380,2380,0,0,3.5527136788005e-15,1.01163522003844e-12,2.03499439521693e-11,1.22124532708767e-15,1.57762691799235e-13,2.12854178727184e-11,1.55431223447522e-15,2.87991852587766e-13
"C40R50","simulation","LF_algorithm_tight","algorithm","common_point_converged",2500,0.8516,0.048,0.8516,0.8516,0,0,0,0,0,0,0,0,2129,2129,0,0,3.10862446895044e-15,3.61488616817951e-13,1.67954539165294e-11,1.33226762955019e-15,1.55542245749984e-13,2.12854178727184e-11,1.4432899320127e-15,2.44693154627385e-13
"C40R50","simulation","LF_algorithm_tight","algorithm","common_inference_available",2500,0.8404,0.048,0.8404,0.8404,0,0,0,0,0,0,0,0,2101,2101,0,0,3.10862446895044e-15,2.8155255904494e-13,1.67954539165294e-11,1.33226762955019e-15,1.55542245749984e-13,2.12854178727184e-11,1.4432899320127e-15,2.44693154627385e-13
"C100R50","simulation","LF_algorithm_tight","algorithm","all_outputs",2500,1,0.004,0.996,0.996,0,0,0,0,0,0,0,0,2490,2490,0,0,3.33066907387547e-15,6.83897383169096e-14,1.55253587763582e-12,1.99840144432528e-15,2.22488694134881e-13,2.65618638195519e-11,1.55431223447522e-15,1.69864122767649e-13
"C100R50","simulation","LF_algorithm_tight","algorithm","both_point_converged",2500,0.996,0.004,0.996,0.996,0,0,0,0,0,0,0,0,2490,2490,0,0,3.33066907387547e-15,6.83897383169096e-14,1.55253587763582e-12,1.99840144432528e-15,2.22488694134881e-13,2.65618638195519e-11,1.55431223447522e-15,1.69864122767649e-13
"C100R50","simulation","LF_algorithm_tight","algorithm","common_point_converged",2500,0.982,0.004,0.982,0.982,0,0,0,0,0,0,0,0,2455,2455,0,0,3.1641356201817e-15,2.75335310107039e-14,1.55253587763582e-12,1.99840144432528e-15,2.22488694134881e-13,2.65618638195519e-11,1.49880108324396e-15,1.6109336087311e-13
"C100R50","simulation","LF_algorithm_tight","algorithm","common_inference_available",2500,0.9816,0.004,0.9816,0.9816,0,0,0,0,0,0,0,0,2454,2454,0,0,3.1641356201817e-15,2.66453525910038e-14,1.55253587763582e-12,1.99840144432528e-15,2.22488694134881e-13,2.65618638195519e-11,1.49880108324396e-15,1.6109336087311e-13
"C40R90","simulation","LF_algorithm_tight","algorithm","all_outputs",2500,1,0.0524,0.9476,0.9476,0,0,0,0,0,0,0,0,2369,2369,0,0,5.55111512312578e-15,1.97886151909188e-12,8.99973429113743e-11,1.99840144432528e-15,2.30926389122033e-13,5.03996844258836e-12,1.77635683940025e-15,2.35367281220533e-13
"C40R90","simulation","LF_algorithm_tight","algorithm","both_point_converged",2500,0.9476,0.0524,0.9476,0.9476,0,0,0,0,0,0,0,0,2369,2369,0,0,5.55111512312578e-15,1.97886151909188e-12,8.99973429113743e-11,1.99840144432528e-15,2.30926389122033e-13,5.03996844258836e-12,1.77635683940025e-15,2.35367281220533e-13
"C40R90","simulation","LF_algorithm_tight","algorithm","common_point_converged",2500,0.8172,0.0524,0.8172,0.8172,0,0,0,0,0,0,0,0,2043,2043,0,0,4.44089209850063e-15,5.82645043323282e-13,8.99973429113743e-11,1.99840144432528e-15,2.26485497023532e-13,5.03996844258836e-12,1.55431223447522e-15,1.50324197534246e-13
"C40R90","simulation","LF_algorithm_tight","algorithm","common_inference_available",2500,0.8088,0.0524,0.8088,0.8088,0,0,0,0,0,0,0,0,2022,2022,0,0,4.44089209850063e-15,3.74811293113453e-13,8.99973429113743e-11,1.99840144432528e-15,2.26485497023532e-13,5.03996844258836e-12,1.55431223447522e-15,1.50324197534246e-13
"C100R90","simulation","LF_algorithm_tight","algorithm","all_outputs",2500,1,0.0044,0.9956,0.9956,0,0,0,0,0,0,0,0,2489,2489,0,0,3.99680288865056e-15,1.15463194561016e-13,7.8177464502005e-12,2.55351295663786e-15,2.94098079223204e-13,2.17559303905546e-12,1.66533453693773e-15,1.22568621918617e-13
"C100R90","simulation","LF_algorithm_tight","algorithm","both_point_converged",2500,0.9956,0.0044,0.9956,0.9956,0,0,0,0,0,0,0,0,2489,2489,0,0,3.99680288865056e-15,1.15463194561016e-13,7.8177464502005e-12,2.55351295663786e-15,2.94098079223204e-13,2.17559303905546e-12,1.66533453693773e-15,1.22568621918617e-13
"C100R90","simulation","LF_algorithm_tight","algorithm","common_point_converged",2500,0.9792,0.0044,0.9792,0.9792,0,0,0,0,0,0,0,0,2448,2448,0,0,3.99680288865056e-15,4.35207425653061e-14,4.62030413928005e-12,2.55351295663786e-15,2.82773804372027e-13,2.17559303905546e-12,1.60982338570648e-15,1.10245146345278e-13
"C100R90","simulation","LF_algorithm_tight","algorithm","common_inference_available",2500,0.9792,0.0044,0.9792,0.9792,0,0,0,0,0,0,0,0,2448,2448,0,0,3.99680288865056e-15,4.35207425653061e-14,4.62030413928005e-12,2.55351295663786e-15,2.82773804372027e-13,2.17559303905546e-12,1.60982338570648e-15,1.10245146345278e-13
"C40R99","simulation","LF_algorithm_tight","algorithm","all_outputs",2500,1,0.0532,0.9468,0.9468,0,0,0,0,0,0,0,0,2367,2367,0,0,3.64153152077051e-14,2.63860044924513e-11,4.83924367244981e-09,1.57651669496772e-14,2.57538435022298e-12,2.86294321583114e-11,5.21804821573824e-15,3.9324099532223e-13
"C40R99","simulation","LF_algorithm_tight","algorithm","both_point_converged",2500,0.9468,0.0532,0.9468,0.9468,0,0,0,0,0,0,0,0,2367,2367,0,0,3.64153152077051e-14,2.63860044924513e-11,4.83924367244981e-09,1.57651669496772e-14,2.57538435022298e-12,2.86294321583114e-11,5.21804821573824e-15,3.9324099532223e-13
"C40R99","simulation","LF_algorithm_tight","algorithm","common_point_converged",2500,0.7896,0.0532,0.7896,0.7896,0,0,0,0,0,0,0,0,1974,1974,0,0,2.93098878501041e-14,1.3935519405095e-12,1.39682043709399e-09,1.43218770176645e-14,2.5445201501384e-12,2.86294321583114e-11,4.11823353196894e-15,2.02060590481778e-13
"C40R99","simulation","LF_algorithm_tight","algorithm","common_inference_available",2500,0.7812,0.0532,0.7812,0.7812,0,0,0,0,0,0,0,0,1953,1953,0,0,2.88657986402541e-14,7.03437308402499e-13,1.39682043709399e-09,1.4432899320127e-14,2.5445201501384e-12,2.86294321583114e-11,4.10782519111308e-15,2.00728322852228e-13
"C100R99","simulation","LF_algorithm_tight","algorithm","all_outputs",2500,1,0.0044,0.9956,0.9956,0,0,0,0,0,0,0,0,2489,2489,0,0,2.30926389122033e-14,4.75175454539567e-13,1.38804523430736e-10,1.33226762955019e-14,1.89459559152283e-12,3.79717257636969e-10,3.94129173741931e-15,1.92290627865077e-13
"C100R99","simulation","LF_algorithm_tight","algorithm","both_point_converged",2500,0.9956,0.0044,0.9956,0.9956,0,0,0,0,0,0,0,0,2489,2489,0,0,2.30926389122033e-14,4.75175454539567e-13,1.38804523430736e-10,1.33226762955019e-14,1.89459559152283e-12,3.79717257636969e-10,3.94129173741931e-15,1.92290627865077e-13
"C100R99","simulation","LF_algorithm_tight","algorithm","common_point_converged",2500,0.9748,0.0044,0.9748,0.9748,0,0,0,0,0,0,0,0,2437,2437,0,0,2.26485497023532e-14,1.99840144432528e-13,2.61124455391837e-11,1.31006316905768e-14,1.870392729586e-12,3.79717257636969e-10,3.77475828372553e-15,1.48103751484996e-13
"C100R99","simulation","LF_algorithm_tight","algorithm","common_inference_available",2500,0.9744,0.0044,0.9744,0.9744,0,0,0,0,0,0,0,0,2436,2436,0,0,2.26485497023532e-14,1.98951966012828e-13,1.53619339471334e-11,1.31006316905768e-14,1.870392729586e-12,3.79717257636969e-10,3.77475828372553e-15,1.46549439250521e-13
"E020R1","exact","LF_maxit","iterations","all_outputs",121,1,0.0165289256198347,0.983471074380165,0.983471074380165,0,0,0,0,,,0,0,119,119,0,0,0,0,0,0,0,0,0,0
"E020R1","exact","LF_maxit","iterations","both_point_converged",121,0.983471074380165,0.0165289256198347,0.983471074380165,0.983471074380165,0,0,0,0,,,0,0,119,119,0,0,0,0,0,0,0,0,0,0
"E020R1","exact","LF_maxit","iterations","common_point_converged",121,0.966942148760331,0.0165289256198347,0.966942148760331,0.966942148760331,0,0,0,0,,,0,0,117,117,0,0,0,0,0,0,0,0,0,0
"E020R1","exact","LF_maxit","iterations","common_inference_available",121,0.966942148760331,0.0165289256198347,0.966942148760331,0.966942148760331,0,0,0,0,,,0,0,117,117,0,0,0,0,0,0,0,0,0,0
"E050R1","exact","LF_maxit","iterations","all_outputs",676,1,0.0029585798816568,0.997041420118343,0.997041420118343,0,0,0,0,,,0,0,674,674,0,0,0,0,0,0,0,0,0,0
"E050R1","exact","LF_maxit","iterations","both_point_converged",676,0.997041420118343,0.0029585798816568,0.997041420118343,0.997041420118343,0,0,0,0,,,0,0,674,674,0,0,0,0,0,0,0,0,0,0
"E050R1","exact","LF_maxit","iterations","common_point_converged",676,0.994082840236686,0.0029585798816568,0.994082840236686,0.994082840236686,0,0,0,0,,,0,0,672,672,0,0,0,0,0,0,0,0,0,0
"E050R1","exact","LF_maxit","iterations","common_inference_available",676,0.994082840236686,0.0029585798816568,0.994082840236686,0.994082840236686,0,0,0,0,,,0,0,672,672,0,0,0,0,0,0,0,0,0,0
"E100R1","exact","LF_maxit","iterations","all_outputs",2601,1,0.000768935024990388,0.99923106497501,0.99923106497501,0,0,0,0,,,0,0,2599,2599,0,0,0,0,0,0,0,0,0,0
"E100R1","exact","LF_maxit","iterations","both_point_converged",2601,0.99923106497501,0.000768935024990388,0.99923106497501,0.99923106497501,0,0,0,0,,,0,0,2599,2599,0,0,0,0,0,0,0,0,0,0
"E100R1","exact","LF_maxit","iterations","common_point_converged",2601,0.998462129950019,0.000768935024990388,0.998462129950019,0.998462129950019,0,0,0,0,,,0,0,2597,2597,0,0,0,0,0,0,0,0,0,0
"E100R1","exact","LF_maxit","iterations","common_inference_available",2601,0.991541714725106,0.000768935024990388,0.991541714725106,0.991541714725106,0,0,0,0,,,0,0,2579,2579,0,0,0,0,0,0,0,0,0,0
"E200R1","exact","LF_maxit","iterations","all_outputs",10201,1,0.000196059209881384,0.999803940790118,0.999803940790118,0,0,0,0,,,0,0,10199,10199,0,0,0,0,0,0,0,0,0,0
"E200R1","exact","LF_maxit","iterations","both_point_converged",10201,0.999803940790118,0.000196059209881384,0.999803940790118,0.999803940790118,0,0,0,0,,,0,0,10199,10199,0,0,0,0,0,0,0,0,0,0
"E200R1","exact","LF_maxit","iterations","common_point_converged",10201,0.999607881580237,0.000196059209881384,0.999607881580237,0.999607881580237,0,0,0,0,,,0,0,10197,10197,0,0,0,0,0,0,0,0,0,0
"E200R1","exact","LF_maxit","iterations","common_inference_available",10201,0.986962062542888,0.000196059209881384,0.986962062542888,0.986962062542888,0,0,0,0,,,0,0,10068,10068,0,0,0,0,0,0,0,0,0,0
"E020R4","exact","LF_maxit","iterations","all_outputs",85,1,0.0235294117647059,0.976470588235294,0.976470588235294,0,0,0,0,,,0,0,83,83,0,0,0,0,0,0,0,0,0,0
"E020R4","exact","LF_maxit","iterations","both_point_converged",85,0.976470588235294,0.0235294117647059,0.976470588235294,0.976470588235294,0,0,0,0,,,0,0,83,83,0,0,0,0,0,0,0,0,0,0
"E020R4","exact","LF_maxit","iterations","common_point_converged",85,0.952941176470588,0.0235294117647059,0.952941176470588,0.952941176470588,0,0,0,0,,,0,0,81,81,0,0,0,0,0,0,0,0,0,0
"E020R4","exact","LF_maxit","iterations","common_inference_available",85,0.952941176470588,0.0235294117647059,0.952941176470588,0.952941176470588,0,0,0,0,,,0,0,81,81,0,0,0,0,0,0,0,0,0,0
"E050R4","exact","LF_maxit","iterations","all_outputs",451,1,0.00443458980044346,0.995565410199557,0.995565410199557,0,0,0,0,,,0,0,449,449,0,0,0,0,0,0,0,0,0,0
"E050R4","exact","LF_maxit","iterations","both_point_converged",451,0.995565410199557,0.00443458980044346,0.995565410199557,0.995565410199557,0,0,0,0,,,0,0,449,449,0,0,0,0,0,0,0,0,0,0
"E050R4","exact","LF_maxit","iterations","common_point_converged",451,0.991130820399113,0.00443458980044346,0.991130820399113,0.991130820399113,0,0,0,0,,,0,0,447,447,0,0,0,0,0,0,0,0,0,0
"E050R4","exact","LF_maxit","iterations","common_inference_available",451,0.991130820399113,0.00443458980044346,0.991130820399113,0.991130820399113,0,0,0,0,,,0,0,447,447,0,0,0,0,0,0,0,0,0,0
"E100R4","exact","LF_maxit","iterations","all_outputs",1701,1,0.00117577895355673,0.998824221046443,0.998824221046443,0,0,0,0,,,0,0,1699,1699,0,0,0,0,0,0,0,0,0,0
"E100R4","exact","LF_maxit","iterations","both_point_converged",1701,0.998824221046443,0.00117577895355673,0.998824221046443,0.998824221046443,0,0,0,0,,,0,0,1699,1699,0,0,0,0,0,0,0,0,0,0
"E100R4","exact","LF_maxit","iterations","common_point_converged",1701,0.997648442092887,0.00117577895355673,0.997648442092887,0.997648442092887,0,0,0,0,,,0,0,1697,1697,0,0,0,0,0,0,0,0,0,0
"E100R4","exact","LF_maxit","iterations","common_inference_available",1701,0.997648442092887,0.00117577895355673,0.997648442092887,0.997648442092887,0,0,0,0,,,0,0,1697,1697,0,0,0,0,0,0,0,0,0,0
"E200R4","exact","LF_maxit","iterations","all_outputs",6601,1,0.00030298439630359,0.999697015603697,0.999697015603697,0,0,0,0,,,0,0,6599,6599,0,0,0,0,0,0,0,0,0,0
"E200R4","exact","LF_maxit","iterations","both_point_converged",6601,0.999697015603697,0.00030298439630359,0.999697015603697,0.999697015603697,0,0,0,0,,,0,0,6599,6599,0,0,0,0,0,0,0,0,0,0
"E200R4","exact","LF_maxit","iterations","common_point_converged",6601,0.999394031207393,0.00030298439630359,0.999394031207393,0.999394031207393,0,0,0,0,,,0,0,6597,6597,0,0,0,0,0,0,0,0,0,0
"E200R4","exact","LF_maxit","iterations","common_inference_available",6601,0.995152249659143,0.00030298439630359,0.995152249659143,0.995152249659143,0,0,0,0,,,0,0,6569,6569,0,0,0,0,0,0,0,0,0,0
"C40R00","simulation","LF_maxit","iterations","all_outputs",2500,1,0.048,0.952,0.952,0,0,0,0,0,0,0,0,2380,2380,0.0576,0,0,1.64090275944773e-06,0.248706617252438,0,3.28874234067911e-07,0.0466639290143138,0,0.000942775181105304
"C40R00","simulation","LF_maxit","iterations","both_point_converged",2500,0.8944,0.048,0.8944,0.8944,0,0,0,0,0,0,0,0,2236,2236,0,0,0,0,0,0,0,1.06640306340999e-06,0,0
"C40R00","simulation","LF_maxit","iterations","common_point_converged",2500,0.8668,0.048,0.8668,0.8668,0,0,0,0,0,0,0,0,2167,2167,0,0,0,0,0,0,0,3.84163345579225e-09,0,0
"C40R00","simulation","LF_maxit","iterations","common_inference_available",2500,0.8568,0.048,0.8568,0.8568,0,0,0,0,0,0,0,0,2142,2142,0,0,0,0,0,0,0,3.84163345579225e-09,0,0
"C100R00","simulation","LF_maxit","iterations","all_outputs",2500,1,0.0032,0.9968,0.9968,0,0,0,0,0,0,0,0,2492,2492,0.0116,0,0,0,1.65916704908398e-05,0,4.82569539883571e-12,5.37798615840579e-06,0,0
"C100R00","simulation","LF_maxit","iterations","both_point_converged",2500,0.9852,0.0032,0.9852,0.9852,0,0,0,0,0,0,0,0,2463,2463,0,0,0,0,0,0,0,3.81988088937746e-08,0,0
"C100R00","simulation","LF_maxit","iterations","common_point_converged",2500,0.9832,0.0032,0.9832,0.9832,0,0,0,0,0,0,0,0,2458,2458,0,0,0,0,0,0,0,1.05961572849367e-10,0,0
"C100R00","simulation","LF_maxit","iterations","common_inference_available",2500,0.9828,0.0032,0.9828,0.9828,0,0,0,0,0,0,0,0,2457,2457,0,0,0,0,0,0,0,1.05961572849367e-10,0,0
"C40R50","simulation","LF_maxit","iterations","all_outputs",2500,1,0.048,0.952,0.952,0,0,0,0,0,0,0,0,2380,2380,0.064,0,0,3.47308385073575e-06,0.248706617245301,0,4.69890514831484e-07,0.0466639293155822,0,0.00139927856740929
"C40R50","simulation","LF_maxit","iterations","both_point_converged",2500,0.888,0.048,0.888,0.888,0,0,0,0,0,0,0,0,2220,2220,0,0,0,0,0,0,0,1.06640306363204e-06,0,0
"C40R50","simulation","LF_maxit","iterations","common_point_converged",2500,0.8516,0.048,0.8516,0.8516,0,0,0,0,0,0,0,0,2129,2129,0,0,0,0,0,0,0,3.8416358982829e-09,0,0
"C40R50","simulation","LF_maxit","iterations","common_inference_available",2500,0.8404,0.048,0.8404,0.8404,0,0,0,0,0,0,0,0,2101,2101,0,0,0,0,0,0,0,3.8416358982829e-09,0,0
"C100R50","simulation","LF_maxit","iterations","all_outputs",2500,1,0.004,0.996,0.996,0,0,0,0,0,0,0,0,2490,2490,0.012,0,0,3.23705506843908e-11,1.57722283500306e-06,0,2.32180941139859e-12,8.91538910807732e-07,0,2.50572117588277e-06
"C100R50","simulation","LF_maxit","iterations","both_point_converged",2500,0.984,0.004,0.984,0.984,0,0,0,0,0,0,0,0,2460,2460,0,0,0,0,0,0,0,7.59551688211957e-09,0,0
"C100R50","simulation","LF_maxit","iterations","common_point_converged",2500,0.982,0.004,0.982,0.982,0,0,0,0,0,0,0,0,2455,2455,0,0,0,0,0,0,0,1.05961239782459e-10,0,0
"C100R50","simulation","LF_maxit","iterations","common_inference_available",2500,0.9816,0.004,0.9816,0.9816,0,0,0,0,0,0,0,0,2454,2454,0,0,0,0,0,0,0,1.05961239782459e-10,0,0
"C40R90","simulation","LF_maxit","iterations","all_outputs",2500,1,0.0524,0.9476,0.9476,0,0,0,0,0,0,0,0,2369,2369,0.0872,0,0,6.03365775564413e-06,0.013630223120332,0,1.24145268776132e-06,0.0466639296744641,0,0.00241639766064905
"C40R90","simulation","LF_maxit","iterations","both_point_converged",2500,0.8604,0.0524,0.8604,0.8604,0,0,0,0,0,0,0,0,2151,2151,0,0,0,0,0,0,0,1.06640306274386e-06,0,0
"C40R90","simulation","LF_maxit","iterations","common_point_converged",2500,0.8172,0.0524,0.8172,0.8172,0,0,0,0,0,0,0,0,2043,2043,0,0,0,0,0,0,0,3.84163445499297e-09,0,0
"C40R90","simulation","LF_maxit","iterations","common_inference_available",2500,0.8088,0.0524,0.8088,0.8088,0,0,0,0,0,0,0,0,2022,2022,0,0,0,0,0,0,0,3.84163445499297e-09,0,0
"C100R90","simulation","LF_maxit","iterations","all_outputs",2500,1,0.0044,0.9956,0.9956,0,0,0,0,0,0,0,0,2489,2489,0.0136,0,0,4.19397849782399e-11,0.00107067065769861,0,1.38948852423937e-11,0.00150902785308593,0,2.55800065629419e-06
"C100R90","simulation","LF_maxit","iterations","both_point_converged",2500,0.982,0.0044,0.982,0.982,0,0,0,0,0,0,0,0,2455,2455,0,0,0,0,0,0,0,0,0,0
"C100R90","simulation","LF_maxit","iterations","common_point_converged",2500,0.9792,0.0044,0.9792,0.9792,0,0,0,0,0,0,0,0,2448,2448,0,0,0,0,0,0,0,0,0,0
"C100R90","simulation","LF_maxit","iterations","common_inference_available",2500,0.9792,0.0044,0.9792,0.9792,0,0,0,0,0,0,0,0,2448,2448,0,0,0,0,0,0,0,0,0,0
"C40R99","simulation","LF_maxit","iterations","all_outputs",2500,1,0.0532,0.9468,0.9468,0,0,0,0,0,0,0,0,2367,2367,0.1084,0,0,3.58623754692644e-06,0.373301982183879,0,1.06642320918393e-06,0.03229145197338,0,0.00159562075891639
"C40R99","simulation","LF_maxit","iterations","both_point_converged",2500,0.8384,0.0532,0.8384,0.8384,0,0,0,0,0,0,0,0,2096,2096,0,0,0,0,0,0,0,3.90129573091258e-09,0,0
"C40R99","simulation","LF_maxit","iterations","common_point_converged",2500,0.7896,0.0532,0.7896,0.7896,0,0,0,0,0,0,0,0,1974,1974,0,0,0,0,0,0,0,6.20560158814953e-10,0,0
"C40R99","simulation","LF_maxit","iterations","common_inference_available",2500,0.7812,0.0532,0.7812,0.7812,0,0,0,0,0,0,0,0,1953,1953,0,0,0,0,0,0,0,6.20560158814953e-10,0,0
"C100R99","simulation","LF_maxit","iterations","all_outputs",2500,1,0.0044,0.9956,0.9956,0,0,0,0,0,0,0,0,2489,2489,0.0168,0,0,1.47368339753484e-10,0.00107067086001322,0,5.12700992771897e-11,0.00150902812070464,0,4.61293501258231e-06
"C100R99","simulation","LF_maxit","iterations","both_point_converged",2500,0.9788,0.0044,0.9788,0.9788,0,0,0,0,0,0,0,0,2447,2447,0,0,0,0,0,0,0,4.7230774846696e-11,0,0
"C100R99","simulation","LF_maxit","iterations","common_point_converged",2500,0.9748,0.0044,0.9748,0.9748,0,0,0,0,0,0,0,0,2437,2437,0,0,0,0,0,0,0,4.7230774846696e-11,0,0
"C100R99","simulation","LF_maxit","iterations","common_inference_available",2500,0.9744,0.0044,0.9744,0.9744,0,0,0,0,0,0,0,0,2436,2436,0,0,0,0,0,0,0,4.7230774846696e-11,0,0
"E020R1","exact","LF_threshold","threshold","all_outputs",121,1,0.0165289256198347,0.983471074380165,0.983471074380165,0,0,0,0,,,0,0,119,119,0,0,3.77475828372553e-15,4.78976858175882e-13,5.95967719618784e-13,0,4.75576258374133e-08,6.7256639479929e-08,3.00648395068492e-12,2.25026752787016e-11
"E020R1","exact","LF_threshold","threshold","both_point_converged",121,0.983471074380165,0.0165289256198347,0.983471074380165,0.983471074380165,0,0,0,0,,,0,0,119,119,0,0,3.77475828372553e-15,4.78976858175882e-13,5.95967719618784e-13,0,4.75576258374133e-08,6.7256639479929e-08,3.00648395068492e-12,2.25026752787016e-11
"E020R1","exact","LF_threshold","threshold","common_point_converged",121,0.966942148760331,0.0165289256198347,0.966942148760331,0.966942148760331,0,0,0,0,,,0,0,117,117,0,0,3.66373598126302e-15,4.82600626128261e-13,5.95967719618784e-13,0,4.75576258374133e-08,6.7256639479929e-08,9.2237328885858e-13,2.25029950229327e-11
"E020R1","exact","LF_threshold","threshold","common_inference_available",121,0.966942148760331,0.0165289256198347,0.966942148760331,0.966942148760331,0,0,0,0,,,0,0,117,117,0,0,3.66373598126302e-15,4.82600626128261e-13,5.95967719618784e-13,0,4.75576258374133e-08,6.7256639479929e-08,9.2237328885858e-13,2.25029950229327e-11
"E050R1","exact","LF_threshold","threshold","all_outputs",676,1,0.0029585798816568,0.997041420118343,0.997041420118343,0,0,0,0,,,0,0,674,674,0,0,6.49480469405717e-15,1.22456711437735e-12,4.39648317751562e-12,0,1.93478566501426e-14,1.34513278848836e-07,8.88178419700125e-16,2.19185558592017e-12
"E050R1","exact","LF_threshold","threshold","both_point_converged",676,0.997041420118343,0.0029585798816568,0.997041420118343,0.997041420118343,0,0,0,0,,,0,0,674,674,0,0,6.49480469405717e-15,1.22456711437735e-12,4.39648317751562e-12,0,1.93478566501426e-14,1.34513278848836e-07,8.88178419700125e-16,2.19185558592017e-12
"E050R1","exact","LF_threshold","threshold","common_point_converged",676,0.994082840236686,0.0029585798816568,0.994082840236686,0.994082840236686,0,0,0,0,,,0,0,672,672,0,0,6.43929354282591e-15,1.22566845561778e-12,4.39648317751562e-12,0,1.93500770961918e-14,1.34513278848836e-07,8.88178419700125e-16,2.19190887662535e-12
"E050R1","exact","LF_threshold","threshold","common_inference_available",676,0.994082840236686,0.0029585798816568,0.994082840236686,0.994082840236686,0,0,0,0,,,0,0,672,672,0,0,6.43929354282591e-15,1.22566845561778e-12,4.39648317751562e-12,0,1.93500770961918e-14,1.34513278848836e-07,8.88178419700125e-16,2.19190887662535e-12
"E100R1","exact","LF_threshold","threshold","all_outputs",2601,1,0.000768935024990388,0.99923106497501,0.99923106497501,0,0,0,0,,,0,0,2599,2599,0,0,1.82076576038526e-14,4.94431162678665e-13,2.05560013455397e-11,0,5.09792208447379e-14,1.34513278848836e-07,7.54951656745106e-15,1.12296838494785e-11
"E100R1","exact","LF_threshold","threshold","both_point_converged",2601,0.99923106497501,0.000768935024990388,0.99923106497501,0.99923106497501,0,0,0,0,,,0,0,2599,2599,0,0,1.82076576038526e-14,4.94431162678665e-13,2.05560013455397e-11,0,5.09792208447379e-14,1.34513278848836e-07,7.54951656745106e-15,1.12296838494785e-11
"E100R1","exact","LF_threshold","threshold","common_point_converged",2601,0.998462129950019,0.000768935024990388,0.998462129950019,0.998462129950019,0,0,0,0,,,0,0,2597,2597,0,0,1.82076576038526e-14,4.95035124004061e-13,2.05560013455397e-11,0,5.09992048591812e-14,1.34513278848836e-07,7.54951656745106e-15,1.12296838494785e-11
"E100R1","exact","LF_threshold","threshold","common_inference_available",2601,0.991541714725106,0.000768935024990388,0.991541714725106,0.991541714725106,0,0,0,0,,,0,0,2579,2579,0,0,1.82076576038526e-14,3.98667765466596e-13,2.05560013455397e-11,0,5.11790609891703e-14,1.34513278848836e-07,7.54951656745106e-15,1.12296838494785e-11
"E200R1","exact","LF_threshold","threshold","all_outputs",10201,1,0.000196059209881384,0.999803940790118,0.999803940790118,0,0,0,0,,,0,0,10199,10199,0,0,4.66293670342566e-14,4.8236969973914e-13,4.4234838014745e-11,0,7.63833440942108e-14,1.90230503238631e-07,2.22044604925031e-15,2.87933038523036e-11
"E200R1","exact","LF_threshold","threshold","both_point_converged",10201,0.999803940790118,0.000196059209881384,0.999803940790118,0.999803940790118,0,0,0,0,,,0,0,10199,10199,0,0,4.66293670342566e-14,4.8236969973914e-13,4.4234838014745e-11,0,7.63833440942108e-14,1.90230503238631e-07,2.22044604925031e-15,2.87933038523036e-11
"E200R1","exact","LF_threshold","threshold","common_point_converged",10201,0.999607881580237,0.000196059209881384,0.999607881580237,0.999607881580237,0,0,0,0,,,0,0,10197,10197,0,0,4.66293670342566e-14,4.82458517581104e-13,4.4234838014745e-11,0,7.63833440942108e-14,1.90230503238631e-07,2.22044604925031e-15,2.87933066278612e-11
"E200R1","exact","LF_threshold","threshold","common_inference_available",10201,0.986962062542888,0.000196059209881384,0.986962062542888,0.986962062542888,0,0,0,0,,,0,0,10068,10068,0,0,4.61852778244065e-14,2.91020540998943e-13,4.4234838014745e-11,0,7.63833440942108e-14,1.90230503238631e-07,2.22044604925031e-15,2.87934764919839e-11
"E020R4","exact","LF_threshold","threshold","all_outputs",85,1,0.0235294117647059,0.976470588235294,0.976470588235294,0,0,0,0,,,0,0,83,83,0,0,3.10862446895044e-15,1.20863319352792e-13,2.34479102800833e-13,0,1.63380420303837e-14,2.65343302885412e-14,8.88178419700125e-16,2.2293517587535e-11
"E020R4","exact","LF_threshold","threshold","both_point_converged",85,0.976470588235294,0.0235294117647059,0.976470588235294,0.976470588235294,0,0,0,0,,,0,0,83,83,0,0,3.10862446895044e-15,1.20863319352792e-13,2.34479102800833e-13,0,1.63380420303837e-14,2.65343302885412e-14,8.88178419700125e-16,2.2293517587535e-11
"E020R4","exact","LF_threshold","threshold","common_point_converged",85,0.952941176470588,0.0235294117647059,0.952941176470588,0.952941176470588,0,0,0,0,,,0,0,81,81,0,0,2.88657986402541e-15,9.45021838560938e-14,2.34479102800833e-13,0,1.65867319878999e-14,2.65343302885412e-14,8.88178419700125e-16,2.22935225835386e-11
"E020R4","exact","LF_threshold","threshold","common_inference_available",85,0.952941176470588,0.0235294117647059,0.952941176470588,0.952941176470588,0,0,0,0,,,0,0,81,81,0,0,2.88657986402541e-15,9.45021838560938e-14,2.34479102800833e-13,0,1.65867319878999e-14,2.65343302885412e-14,8.88178419700125e-16,2.22935225835386e-11
"E050R4","exact","LF_threshold","threshold","all_outputs",451,1,0.00443458980044346,0.995565410199557,0.995565410199557,0,0,0,0,,,0,0,449,449,0,0,7.99360577730113e-15,3.64437369171355e-13,1.23012711128467e-12,0,4.87609952415367e-14,2.96651592179842e-13,3.77475828372553e-15,2.24947704907663e-11
"E050R4","exact","LF_threshold","threshold","both_point_converged",451,0.995565410199557,0.00443458980044346,0.995565410199557,0.995565410199557,0,0,0,0,,,0,0,449,449,0,0,7.99360577730113e-15,3.64437369171355e-13,1.23012711128467e-12,0,4.87609952415367e-14,2.96651592179842e-13,3.77475828372553e-15,2.24947704907663e-11
"E050R4","exact","LF_threshold","threshold","common_point_converged",451,0.991130820399113,0.00443458980044346,0.991130820399113,0.991130820399113,0,0,0,0,,,0,0,447,447,0,0,7.99360577730113e-15,3.6472158626566e-13,1.23012711128467e-12,0,4.89497331557233e-14,2.96651592179842e-13,3.77475828372553e-15,2.24948681903925e-11
"E050R4","exact","LF_threshold","threshold","common_inference_available",451,0.991130820399113,0.00443458980044346,0.991130820399113,0.991130820399113,0,0,0,0,,,0,0,447,447,0,0,7.99360577730113e-15,3.6472158626566e-13,1.23012711128467e-12,0,4.89497331557233e-14,2.96651592179842e-13,3.77475828372553e-15,2.24948681903925e-11
"E100R4","exact","LF_threshold","threshold","all_outputs",1701,1,0.00117577895355673,0.998824221046443,0.998824221046443,0,0,0,0,,,0,0,1699,1699,0,0,1.79856129989275e-14,4.47478498699638e-12,1.17363896379175e-11,0,1.06250563902677e-13,9.51152516748266e-08,5.32907051820075e-15,1.47842271758236e-11
"E100R4","exact","LF_threshold","threshold","both_point_converged",1701,0.998824221046443,0.00117577895355673,0.998824221046443,0.998824221046443,0,0,0,0,,,0,0,1699,1699,0,0,1.79856129989275e-14,4.47478498699638e-12,1.17363896379175e-11,0,1.06250563902677e-13,9.51152516748266e-08,5.32907051820075e-15,1.47842271758236e-11
"E100R4","exact","LF_threshold","threshold","common_point_converged",1701,0.997648442092887,0.00117577895355673,0.997648442092887,0.997648442092887,0,0,0,0,,,0,0,1697,1697,0,0,1.79856129989275e-14,4.47847980922233e-12,1.17363896379175e-11,0,1.06363806651188e-13,9.51152516748266e-08,5.32907051820075e-15,1.48015999457129e-11
"E100R4","exact","LF_threshold","threshold","common_inference_available",1701,0.997648442092887,0.00117577895355673,0.997648442092887,0.997648442092887,0,0,0,0,,,0,0,1697,1697,0,0,1.79856129989275e-14,4.47847980922233e-12,1.17363896379175e-11,0,1.06363806651188e-13,9.51152516748266e-08,5.32907051820075e-15,1.48015999457129e-11
"E200R4","exact","LF_threshold","threshold","all_outputs",6601,1,0.00030298439630359,0.999697015603697,0.999697015603697,0,0,0,0,,,0,0,6599,6599,0,0,2.93098878501041e-14,6.5906391455428e-13,4.8526516138736e-11,0,1.34345867763838e-13,8.71802630086904e-12,1.88737914186277e-15,3.41375816503842e-11
"E200R4","exact","LF_threshold","threshold","both_point_converged",6601,0.999697015603697,0.00030298439630359,0.999697015603697,0.999697015603697,0,0,0,0,,,0,0,6599,6599,0,0,2.93098878501041e-14,6.5906391455428e-13,4.8526516138736e-11,0,1.34345867763838e-13,8.71802630086904e-12,1.88737914186277e-15,3.41375816503842e-11
"E200R4","exact","LF_threshold","threshold","common_point_converged",6601,0.999394031207393,0.00030298439630359,0.999394031207393,0.999394031207393,0,0,0,0,,,0,0,6597,6597,0,0,2.93098878501041e-14,6.59099441691069e-13,4.8526516138736e-11,0,1.344657718505e-13,8.71802630086904e-12,1.88737914186277e-15,3.41375816503842e-11
"E200R4","exact","LF_threshold","threshold","common_inference_available",6601,0.995152249659143,0.00030298439630359,0.995152249659143,0.995152249659143,0,0,0,0,,,0,0,6569,6569,0,0,2.88657986402541e-14,5.38769029390095e-13,4.8526516138736e-11,0,1.36144429063732e-13,8.71802630086904e-12,1.77635683940025e-15,3.41375816503842e-11
"C40R00","simulation","LF_threshold","threshold","all_outputs",2500,1,0.048,0.952,0.952,0,0,0,0,0,0,0,0,2380,2380,0,0,5.95612448250904e-12,4.11240819175873e-10,4.21023830039502e-05,2.94186897065174e-12,5.17117570986159e-10,4.89410268977863e-08,1.11824181603382e-06,1.61615823698336e-05
"C40R00","simulation","LF_threshold","threshold","both_point_converged",2500,0.952,0.048,0.952,0.952,0,0,0,0,0,0,0,0,2380,2380,0,0,5.95612448250904e-12,4.11240819175873e-10,4.21023830039502e-05,2.94186897065174e-12,5.17117570986159e-10,4.89410268977863e-08,1.11824181603382e-06,1.61615823698336e-05
"C40R00","simulation","LF_threshold","threshold","common_point_converged",2500,0.8668,0.048,0.8668,0.8668,0,0,0,0,0,0,0,0,2167,2167,0,0,4.82724971107018e-12,2.07972306043303e-10,1.64381930289892e-09,2.5969226769007e-12,3.91174426184193e-10,4.89410268977863e-08,1.01065552465113e-06,8.87230378876502e-06
"C40R00","simulation","LF_threshold","threshold","common_inference_available",2500,0.8568,0.048,0.8568,0.8568,0,0,0,0,0,0,0,0,2142,2142,0,0,4.72688554964407e-12,1.6595258500729e-10,1.55734269924324e-09,2.57094345812448e-12,3.91174426184193e-10,4.89410268977863e-08,9.92500887253556e-07,8.83663403161705e-06
"C100R00","simulation","LF_threshold","threshold","all_outputs",2500,1,0.0032,0.9968,0.9968,0,0,0,0,0,0,0,0,2492,2492,0,0,1.69375624636814e-12,8.98046081942994e-11,1.62220814559078e-09,6.99218460908924e-13,1.22497567645041e-10,4.20985846183441e-09,3.36113994803267e-07,5.43592687440864e-06
"C100R00","simulation","LF_threshold","threshold","both_point_converged",2500,0.9968,0.0032,0.9968,0.9968,0,0,0,0,0,0,0,0,2492,2492,0,0,1.69375624636814e-12,8.98046081942994e-11,1.62220814559078e-09,6.99218460908924e-13,1.22497567645041e-10,4.20985846183441e-09,3.36113994803267e-07,5.43592687440864e-06
"C100R00","simulation","LF_threshold","threshold","common_point_converged",2500,0.9832,0.0032,0.9832,0.9832,0,0,0,0,0,0,0,0,2458,2458,0,0,1.64912528077821e-12,5.77120573552747e-11,4.10635081493638e-10,6.86450896125734e-13,1.01914032768491e-10,4.20985846183441e-09,3.27506523678522e-07,4.0758290009435e-06
"C100R00","simulation","LF_threshold","threshold","common_inference_available",2500,0.9828,0.0032,0.9828,0.9828,0,0,0,0,0,0,0,0,2457,2457,0,0,1.64912528077821e-12,5.61470869797631e-11,1.73020708871263e-10,6.86450896125734e-13,1.01914032768491e-10,4.20985846183441e-09,3.27506523678522e-07,3.90032643782234e-06
"C40R50","simulation","LF_threshold","threshold","all_outputs",2500,1,0.048,0.952,0.952,0,0,0,0,0,0,0,0,2380,2380,0,0,5.91349191836343e-12,3.86328302681704e-10,1.70645159842664e-05,2.75446332409501e-12,6.62296661957384e-10,1.01275453245897e-07,1.09076149068521e-06,1.74173132254651e-05
"C40R50","simulation","LF_threshold","threshold","both_point_converged",2500,0.952,0.048,0.952,0.952,0,0,0,0,0,0,0,0,2380,2380,0,0,5.91349191836343e-12,3.86328302681704e-10,1.70645159842664e-05,2.75446332409501e-12,6.62296661957384e-10,1.01275453245897e-07,1.09076149068521e-06,1.74173132254651e-05
"C40R50","simulation","LF_threshold","threshold","common_point_converged",2500,0.8516,0.048,0.8516,0.8516,0,0,0,0,0,0,0,0,2129,2129,0,0,4.45599113163553e-12,1.65483626801688e-10,1.5572148015508e-09,2.35589325825458e-12,3.88488685665322e-10,1.01275453245897e-07,9.30746396423515e-07,8.15578739965517e-06
"C40R50","simulation","LF_threshold","threshold","common_inference_available",2500,0.8404,0.048,0.8404,0.8404,0,0,0,0,0,0,0,0,2101,2101,0,0,4.32542890393961e-12,1.34068756096895e-10,1.5572148015508e-09,2.31781260850994e-12,3.88488685665322e-10,1.01275453245897e-07,9.17595665894666e-07,8.15578739965517e-06
"C100R50","simulation","LF_threshold","threshold","all_outputs",2500,1,0.004,0.996,0.996,0,0,0,0,0,0,0,0,2490,2490,0,0,1.57829305180712e-12,6.4037664060379e-11,5.69455593790735e-10,6.78568312650896e-13,8.75974848213446e-11,4.58862392527237e-10,3.45262755052644e-07,5.05919542026501e-06
"C100R50","simulation","LF_threshold","threshold","both_point_converged",2500,0.996,0.004,0.996,0.996,0,0,0,0,0,0,0,0,2490,2490,0,0,1.57829305180712e-12,6.4037664060379e-11,5.69455593790735e-10,6.78568312650896e-13,8.75974848213446e-11,4.58862392527237e-10,3.45262755052644e-07,5.05919542026501e-06
"C100R50","simulation","LF_threshold","threshold","common_point_converged",2500,0.982,0.004,0.982,0.982,0,0,0,0,0,0,0,0,2455,2455,0,0,1.55386814526537e-12,5.18580733910312e-11,4.10873113310117e-10,6.66688926287407e-13,8.27851120988043e-11,4.58862392527237e-10,3.36161973812921e-07,4.23528993565014e-06
"C100R50","simulation","LF_threshold","threshold","common_inference_available",2500,0.9816,0.004,0.9816,0.9816,0,0,0,0,0,0,0,0,2454,2454,0,0,1.55297996684567e-12,5.14717157784617e-11,1.31543664849687e-10,6.64801547145544e-13,8.27851120988043e-11,4.58862392527237e-10,3.35863379552492e-07,4.10710847820184e-06
"C40R90","simulation","LF_threshold","threshold","all_outputs",2500,1,0.0524,0.9476,0.9476,0,0,0,0,0,0,0,0,2369,2369,0,0,3.11306536104894e-12,2.8184743428028e-10,1.59887131445657e-05,1.35613742457963e-12,3.06968672703078e-10,1.74658275620132e-08,8.23032715091543e-07,1.54545585093757e-05
"C40R90","simulation","LF_threshold","threshold","both_point_converged",2500,0.9476,0.0524,0.9476,0.9476,0,0,0,0,0,0,0,0,2369,2369,0,0,3.11306536104894e-12,2.8184743428028e-10,1.59887131445657e-05,1.35613742457963e-12,3.06968672703078e-10,1.74658275620132e-08,8.23032715091543e-07,1.54545585093757e-05
"C40R90","simulation","LF_threshold","threshold","common_point_converged",2500,0.8172,0.0524,0.8172,0.8172,0,0,0,0,0,0,0,0,2043,2043,0,0,2.29238850124602e-12,1.02279962277407e-10,1.04637194286994e-06,1.08557607347848e-12,2.09840478326839e-10,7.06794134330835e-09,6.83322545214082e-07,7.09177199009758e-06
"C40R90","simulation","LF_threshold","threshold","common_inference_available",2500,0.8088,0.0524,0.8088,0.8088,0,0,0,0,0,0,0,0,2022,2022,0,0,2.24043006369357e-12,9.23865428603676e-11,1.04637194286994e-06,1.08202335979968e-12,2.09840478326839e-10,7.06794134330835e-09,6.76996259746376e-07,6.99112234170407e-06
"C100R90","simulation","LF_threshold","threshold","all_outputs",2500,1,0.0044,0.9956,0.9956,0,0,0,0,0,0,0,0,2489,2489,0,0,7.50954853856456e-13,4.54365434165993e-11,4.1316559951099e-08,3.59046126163776e-13,7.65812968595014e-11,6.78919365171282e-10,2.46740060716455e-07,4.55902810547748e-06
"C100R90","simulation","LF_threshold","threshold","both_point_converged",2500,0.9956,0.0044,0.9956,0.9956,0,0,0,0,0,0,0,0,2489,2489,0,0,7.50954853856456e-13,4.54365434165993e-11,4.1316559951099e-08,3.59046126163776e-13,7.65812968595014e-11,6.78919365171282e-10,2.46740060716455e-07,4.55902810547748e-06
"C100R90","simulation","LF_threshold","threshold","common_point_converged",2500,0.9792,0.0044,0.9792,0.9792,0,0,0,0,0,0,0,0,2448,2448,0,0,7.2508665738269e-13,3.66071617463604e-11,1.55218060626794e-10,3.53383988738187e-13,7.43504147138196e-11,6.78919365171282e-10,2.40315848554218e-07,3.36932642652776e-06
"C100R90","simulation","LF_threshold","threshold","common_inference_available",2500,0.9792,0.0044,0.9792,0.9792,0,0,0,0,0,0,0,0,2448,2448,0,0,7.2508665738269e-13,3.66071617463604e-11,1.55218060626794e-10,3.53383988738187e-13,7.43504147138196e-11,6.78919365171282e-10,2.40315848554218e-07,3.36932642652776e-06
"C40R99","simulation","LF_threshold","threshold","all_outputs",2500,1,0.0532,0.9468,0.9468,0,0,0,0,0,0,0,0,2367,2367,0,0,6.17284001691587e-13,1.41646694373776e-10,7.73297571754483e-06,2.9787283750693e-13,8.39224245652304e-11,2.40719366662034e-09,3.64791069018544e-07,8.4079232831602e-06
"C40R99","simulation","LF_threshold","threshold","both_point_converged",2500,0.9468,0.0532,0.9468,0.9468,0,0,0,0,0,0,0,0,2367,2367,0,0,6.17284001691587e-13,1.41646694373776e-10,7.73297571754483e-06,2.9787283750693e-13,8.39224245652304e-11,2.40719366662034e-09,3.64791069018544e-07,8.4079232831602e-06
"C40R99","simulation","LF_threshold","threshold","common_point_converged",2500,0.7896,0.0532,0.7896,0.7896,0,0,0,0,0,0,0,0,1974,1974,0,0,3.95239396766556e-13,4.3844039510077e-11,3.70068700128456e-07,2.43582931602759e-13,5.63067370507042e-11,8.51417714109459e-10,2.80723996687327e-07,4.32110291859189e-06
"C40R99","simulation","LF_threshold","threshold","common_inference_available",2500,0.7812,0.0532,0.7812,0.7812,0,0,0,0,0,0,0,0,1953,1953,0,0,3.88133969408955e-13,3.78115316834737e-11,3.70068700128456e-07,2.43582931602759e-13,5.63067370507042e-11,8.51417714109459e-10,2.76662703635466e-07,3.89576540404946e-06
"C100R99","simulation","LF_threshold","threshold","all_outputs",2500,1,0.0044,0.9956,0.9956,0,0,0,0,0,0,0,0,2489,2489,0,0,1.46993528460371e-13,2.22488694134881e-11,4.77403538923227e-09,1.03472785895065e-13,2.4492963213163e-11,6.80562717292332e-10,1.04162456660006e-07,2.60593589887503e-06
"C100R99","simulation","LF_threshold","threshold","both_point_converged",2500,0.9956,0.0044,0.9956,0.9956,0,0,0,0,0,0,0,0,2489,2489,0,0,1.46993528460371e-13,2.22488694134881e-11,4.77403538923227e-09,1.03472785895065e-13,2.4492963213163e-11,6.80562717292332e-10,1.04162456660006e-07,2.60593589887503e-06
"C100R99","simulation","LF_threshold","threshold","common_point_converged",2500,0.9748,0.0044,0.9748,0.9748,0,0,0,0,0,0,0,0,2437,2437,0,0,1.41109346429857e-13,1.46869183481613e-11,5.13722397954552e-11,1.01030295240889e-13,2.4492963213163e-11,6.80562717292332e-10,1.01328470336615e-07,2.3351765037205e-06
"C100R99","simulation","LF_threshold","threshold","common_inference_available",2500,0.9744,0.0044,0.9744,0.9744,0,0,0,0,0,0,0,0,2436,2436,0,0,1.40554234917545e-13,1.46869183481613e-11,5.13722397954552e-11,1.01030295240889e-13,2.4492963213163e-11,6.80562717292332e-10,1.01122185236502e-07,2.3351765037205e-06
"E020R1","exact","LF_PL_control","profile","all_outputs",121,1,0.0165289256198347,0.983471074380165,0.983471074380165,0,0,0,0,,,0,0,119,119,0,0,4.44089209850063e-15,8.71107630473488e-13,9.29922805426031e-13,0,0,0,0,0
"E020R1","exact","LF_PL_control","profile","both_point_converged",121,0.983471074380165,0.0165289256198347,0.983471074380165,0.983471074380165,0,0,0,0,,,0,0,119,119,0,0,4.44089209850063e-15,8.71107630473488e-13,9.29922805426031e-13,0,0,0,0,0
"E020R1","exact","LF_PL_control","profile","common_point_converged",121,0.966942148760331,0.0165289256198347,0.966942148760331,0.966942148760331,0,0,0,0,,,0,0,117,117,0,0,4.44089209850063e-15,8.74287309216016e-13,9.29922805426031e-13,0,0,0,0,0
"E020R1","exact","LF_PL_control","profile","common_inference_available",121,0.966942148760331,0.0165289256198347,0.966942148760331,0.966942148760331,0,0,0,0,,,0,0,117,117,0,0,4.44089209850063e-15,8.74287309216016e-13,9.29922805426031e-13,0,0,0,0,0
"E050R1","exact","LF_PL_control","profile","all_outputs",676,1,0.0029585798816568,0.997041420118343,0.997041420118343,0,0,0,0,,,0,0,674,674,0,0,1.11022302462516e-14,3.31491278870999e-12,4.2508219166848e-12,0,0,0,0,0
"E050R1","exact","LF_PL_control","profile","both_point_converged",676,0.997041420118343,0.0029585798816568,0.997041420118343,0.997041420118343,0,0,0,0,,,0,0,674,674,0,0,1.11022302462516e-14,3.31491278870999e-12,4.2508219166848e-12,0,0,0,0,0
"E050R1","exact","LF_PL_control","profile","common_point_converged",676,0.994082840236686,0.0029585798816568,0.994082840236686,0.994082840236686,0,0,0,0,,,0,0,672,672,0,0,1.11022302462516e-14,3.31558780430896e-12,4.2508219166848e-12,0,0,0,0,0
"E050R1","exact","LF_PL_control","profile","common_inference_available",676,0.994082840236686,0.0029585798816568,0.994082840236686,0.994082840236686,0,0,0,0,,,0,0,672,672,0,0,1.11022302462516e-14,3.31558780430896e-12,4.2508219166848e-12,0,0,0,0,0
"E100R1","exact","LF_PL_control","profile","all_outputs",2601,1,0.000768935024990388,0.99923106497501,0.99923106497501,0,0,0,0,,,0,0,2599,2599,0,0,2.93098878501041e-14,8.09038169791165e-12,2.19504414644689e-11,0,0,0,0,0
"E100R1","exact","LF_PL_control","profile","both_point_converged",2601,0.99923106497501,0.000768935024990388,0.99923106497501,0.99923106497501,0,0,0,0,,,0,0,2599,2599,0,0,2.93098878501041e-14,8.09038169791165e-12,2.19504414644689e-11,0,0,0,0,0
"E100R1","exact","LF_PL_control","profile","common_point_converged",2601,0.998462129950019,0.000768935024990388,0.998462129950019,0.998462129950019,0,0,0,0,,,0,0,2597,2597,0,0,2.93098878501041e-14,8.09478706287336e-12,2.19504414644689e-11,0,0,0,0,0
"E100R1","exact","LF_PL_control","profile","common_inference_available",2601,0.991541714725106,0.000768935024990388,0.991541714725106,0.991541714725106,0,0,0,0,,,0,0,2579,2579,0,0,2.91433543964104e-14,5.40296696271979e-12,2.19504414644689e-11,0,0,0,0,0
"E200R1","exact","LF_PL_control","profile","all_outputs",10201,1,0.000196059209881384,0.999803940790118,0.999803940790118,0,0,0,0,,,0,0,10199,10199,0,0,8.01581023779363e-14,1.22909149524731e-11,8.7892360056685e-11,0,0,0,0,0
"E200R1","exact","LF_PL_control","profile","both_point_converged",10201,0.999803940790118,0.000196059209881384,0.999803940790118,0.999803940790118,0,0,0,0,,,0,0,10199,10199,0,0,8.01581023779363e-14,1.22909149524731e-11,8.7892360056685e-11,0,0,0,0,0
"E200R1","exact","LF_PL_control","profile","common_point_converged",10201,0.999607881580237,0.000196059209881384,0.999607881580237,0.999607881580237,0,0,0,0,,,0,0,10197,10197,0,0,8.01581023779363e-14,1.2295657825234e-11,8.7892360056685e-11,0,0,0,0,0
"E200R1","exact","LF_PL_control","profile","common_inference_available",10201,0.986962062542888,0.000196059209881384,0.986962062542888,0.986962062542888,0,0,0,0,,,0,0,10068,10068,0,0,7.92699239582362e-14,2.11548112361015e-12,8.7892360056685e-11,0,0,0,0,0
"E020R4","exact","LF_PL_control","profile","all_outputs",85,1,0.0235294117647059,0.976470588235294,0.976470588235294,0,0,0,0,,,0,0,83,83,0,0,6.21724893790088e-15,5.58291191055105e-13,5.80868686483882e-13,0,0,0,0,0
"E020R4","exact","LF_PL_control","profile","both_point_converged",85,0.976470588235294,0.0235294117647059,0.976470588235294,0.976470588235294,0,0,0,0,,,0,0,83,83,0,0,6.21724893790088e-15,5.58291191055105e-13,5.80868686483882e-13,0,0,0,0,0
"E020R4","exact","LF_PL_control","profile","common_point_converged",85,0.952941176470588,0.0235294117647059,0.952941176470588,0.952941176470588,0,0,0,0,,,0,0,81,81,0,0,6.21724893790088e-15,5.58841861675319e-13,5.80868686483882e-13,0,0,0,0,0
"E020R4","exact","LF_PL_control","profile","common_inference_available",85,0.952941176470588,0.0235294117647059,0.952941176470588,0.952941176470588,0,0,0,0,,,0,0,81,81,0,0,6.21724893790088e-15,5.58841861675319e-13,5.80868686483882e-13,0,0,0,0,0
"E050R4","exact","LF_PL_control","profile","all_outputs",451,1,0.00443458980044346,0.995565410199557,0.995565410199557,0,0,0,0,,,0,0,449,449,0,0,1.59872115546023e-14,2.07489136982985e-12,4.2188474935756e-12,0,0,0,0,0
"E050R4","exact","LF_PL_control","profile","both_point_converged",451,0.995565410199557,0.00443458980044346,0.995565410199557,0.995565410199557,0,0,0,0,,,0,0,449,449,0,0,1.59872115546023e-14,2.07489136982985e-12,4.2188474935756e-12,0,0,0,0,0
"E050R4","exact","LF_PL_control","profile","common_point_converged",451,0.991130820399113,0.00443458980044346,0.991130820399113,0.991130820399113,0,0,0,0,,,0,0,447,447,0,0,1.59872115546023e-14,2.07899475412888e-12,4.2188474935756e-12,0,0,0,0,0
"E050R4","exact","LF_PL_control","profile","common_inference_available",451,0.991130820399113,0.00443458980044346,0.991130820399113,0.991130820399113,0,0,0,0,,,0,0,447,447,0,0,1.59872115546023e-14,2.07899475412888e-12,4.2188474935756e-12,0,0,0,0,0
"E100R4","exact","LF_PL_control","profile","all_outputs",1701,1,0.00117577895355673,0.998824221046443,0.998824221046443,0,0,0,0,,,0,0,1699,1699,0,0,4.05231403988182e-14,3.67140984280922e-12,1.44986245231848e-11,0,0,0,0,0
"E100R4","exact","LF_PL_control","profile","both_point_converged",1701,0.998824221046443,0.00117577895355673,0.998824221046443,0.998824221046443,0,0,0,0,,,0,0,1699,1699,0,0,4.05231403988182e-14,3.67140984280922e-12,1.44986245231848e-11,0,0,0,0,0
"E100R4","exact","LF_PL_control","profile","common_point_converged",1701,0.997648442092887,0.00117577895355673,0.997648442092887,0.997648442092887,0,0,0,0,,,0,0,1697,1697,0,0,4.04121180963557e-14,3.67286645541753e-12,1.44986245231848e-11,0,0,0,0,0
"E100R4","exact","LF_PL_control","profile","common_inference_available",1701,0.997648442092887,0.00117577895355673,0.997648442092887,0.997648442092887,0,0,0,0,,,0,0,1697,1697,0,0,4.04121180963557e-14,3.67286645541753e-12,1.44986245231848e-11,0,0,0,0,0
"E200R4","exact","LF_PL_control","profile","all_outputs",6601,1,0.00030298439630359,0.999697015603697,0.999697015603697,0,0,0,0,,,0,0,6599,6599,0,0,1.06720188242093e-13,2.16989093360096e-12,6.45616893280021e-11,0,0,0,0,0
"E200R4","exact","LF_PL_control","profile","both_point_converged",6601,0.999697015603697,0.00030298439630359,0.999697015603697,0.999697015603697,0,0,0,0,,,0,0,6599,6599,0,0,1.06720188242093e-13,2.16989093360096e-12,6.45616893280021e-11,0,0,0,0,0
"E200R4","exact","LF_PL_control","profile","common_point_converged",6601,0.999394031207393,0.00030298439630359,0.999394031207393,0.999394031207393,0,0,0,0,,,0,0,6597,6597,0,0,1.06720188242093e-13,2.17085016629426e-12,6.45616893280021e-11,0,0,0,0,0
"E200R4","exact","LF_PL_control","profile","common_inference_available",6601,0.995152249659143,0.00030298439630359,0.995152249659143,0.995152249659143,0,0,0,0,,,0,0,6569,6569,0,0,1.06581410364015e-13,1.30913946350118e-12,4.99920105312412e-11,0,0,0,0,0
"C40R00","simulation","LF_PL_control","profile","all_outputs",2500,1,0.048,0.952,0.952,0,0,0,0,0,0,0,0,2380,2380,0.0576,0,3.11479730896735e-11,5.60989477094154e-10,7.25091203052924,0,0,0,0,0
"C40R00","simulation","LF_PL_control","profile","both_point_converged",2500,0.8944,0.048,0.8944,0.8944,0,0,0,0,0,0,0,0,2236,2236,0,0,2.94915203369328e-11,4.53074910922169e-10,6.59906262967525e-09,0,0,0,0,0
"C40R00","simulation","LF_PL_control","profile","common_point_converged",2500,0.8668,0.048,0.8668,0.8668,0,0,0,0,0,0,0,0,2167,2167,0,0,2.8780089422753e-11,4.19038137522421e-10,6.59906262967525e-09,0,0,0,0,0
"C40R00","simulation","LF_PL_control","profile","common_inference_available",2500,0.8568,0.048,0.8568,0.8568,0,0,0,0,0,0,0,0,2142,2142,0,0,2.86020096496031e-11,3.6092817623512e-10,6.59906262967525e-09,0,0,0,0,0
"C100R00","simulation","LF_PL_control","profile","all_outputs",2500,1,0.0032,0.9968,0.9968,0,0,0,0,0,0,0,0,2492,2492,0.0116,0,1.65943925267698e-11,3.30946825499723e-10,8.37144253917899e-08,0,0,0,0,0
"C100R00","simulation","LF_PL_control","profile","both_point_converged",2500,0.9852,0.0032,0.9852,0.9852,0,0,0,0,0,0,0,0,2463,2463,0,0,1.64391833479272e-11,2.9470115237018e-10,1.54314339084749e-09,0,0,0,0,0
"C100R00","simulation","LF_PL_control","profile","common_point_converged",2500,0.9832,0.0032,0.9832,0.9832,0,0,0,0,0,0,0,0,2458,2458,0,0,1.6426415783144e-11,2.9470115237018e-10,1.54314339084749e-09,0,0,0,0,0
"C100R00","simulation","LF_PL_control","profile","common_inference_available",2500,0.9828,0.0032,0.9828,0.9828,0,0,0,0,0,0,0,0,2457,2457,0,0,1.6426415783144e-11,2.9470115237018e-10,1.54314339084749e-09,0,0,0,0,0
"C40R50","simulation","LF_PL_control","profile","all_outputs",2500,1,0.048,0.952,0.952,0,0,0,0,0,0,0,0,2380,2380,0.064,0,2.62594390676441e-11,5.50754108985529e-10,2.75251643990057,0,0,0,0,0
"C40R50","simulation","LF_PL_control","profile","both_point_converged",2500,0.888,0.048,0.888,0.888,0,0,0,0,0,0,0,0,2220,2220,0,0,2.44755327116764e-11,4.0997694128464e-10,3.632881018234e-08,0,0,0,0,0
"C40R50","simulation","LF_PL_control","profile","common_point_converged",2500,0.8516,0.048,0.8516,0.8516,0,0,0,0,0,0,0,0,2129,2129,0,0,2.35154118399805e-11,3.5669422970841e-10,3.632881018234e-08,0,0,0,0,0
"C40R50","simulation","LF_PL_control","profile","common_inference_available",2500,0.8404,0.048,0.8404,0.8404,0,0,0,0,0,0,0,0,2101,2101,0,0,2.33018049300426e-11,3.38586936265983e-10,3.632881018234e-08,0,0,0,0,0
"C100R50","simulation","LF_PL_control","profile","all_outputs",2500,1,0.004,0.996,0.996,0,0,0,0,0,0,0,0,2490,2490,0.012,0,1.42416078929841e-11,2.66477839794277e-10,8.3714423615433e-08,0,0,0,0,0
"C100R50","simulation","LF_PL_control","profile","both_point_converged",2500,0.984,0.004,0.984,0.984,0,0,0,0,0,0,0,0,2460,2460,0,0,1.41335831926881e-11,2.27983854017566e-10,2.34832153722664e-09,0,0,0,0,0
"C100R50","simulation","LF_PL_control","profile","common_point_converged",2500,0.982,0.004,0.982,0.982,0,0,0,0,0,0,0,0,2455,2455,0,0,1.40980560559001e-11,2.22355467371926e-10,6.56265264353806e-10,0,0,0,0,0
"C100R50","simulation","LF_PL_control","profile","common_inference_available",2500,0.9816,0.004,0.9816,0.9816,0,0,0,0,0,0,0,0,2454,2454,0,0,1.40811806659258e-11,2.22355467371926e-10,6.56265264353806e-10,0,0,0,0,0
"C40R90","simulation","LF_PL_control","profile","all_outputs",2500,1,0.0524,0.9476,0.9476,0,0,0,0,0,0,0,0,2369,2369,0.0872,0,1.19191323477708e-11,4.15687928523312e-10,0.987575534103993,0,0,0,0,0
"C40R90","simulation","LF_PL_control","profile","both_point_converged",2500,0.8604,0.0524,0.8604,0.8604,0,0,0,0,0,0,0,0,2151,2151,0,0,1.10678133324882e-11,2.88701507145106e-10,0.0181322167356086,0,0,0,0,0
"C40R90","simulation","LF_PL_control","profile","common_point_converged",2500,0.8172,0.0524,0.8172,0.8172,0,0,0,0,0,0,0,0,2043,2043,0,0,1.05346842360632e-11,2.80157230747591e-10,0.0181322167356086,0,0,0,0,0
"C40R90","simulation","LF_PL_control","profile","common_inference_available",2500,0.8088,0.0524,0.8088,0.8088,0,0,0,0,0,0,0,0,2022,2022,0,0,1.04556363567099e-11,2.76345168970238e-10,0.0181322167356086,0,0,0,0,0
"C100R90","simulation","LF_PL_control","profile","all_outputs",2500,1,0.0044,0.9956,0.9956,0,0,0,0,0,0,0,0,2489,2489,0.0136,0,6.34137187205397e-12,1.54422252762743e-10,1.08046105395943e-09,0,0,0,0,0
"C100R90","simulation","LF_PL_control","profile","both_point_converged",2500,0.982,0.0044,0.982,0.982,0,0,0,0,0,0,0,0,2455,2455,0,0,6.27764507044049e-12,1.54422252762743e-10,1.08046105395943e-09,0,0,0,0,0
"C100R90","simulation","LF_PL_control","profile","common_point_converged",2500,0.9792,0.0044,0.9792,0.9792,0,0,0,0,0,0,0,0,2448,2448,0,0,6.18116668960056e-12,1.54422252762743e-10,1.08046105395943e-09,0,0,0,0,0
"C100R90","simulation","LF_PL_control","profile","common_inference_available",2500,0.9792,0.0044,0.9792,0.9792,0,0,0,0,0,0,0,0,2448,2448,0,0,6.18116668960056e-12,1.54422252762743e-10,1.08046105395943e-09,0,0,0,0,0
"C40R99","simulation","LF_PL_control","profile","all_outputs",2500,1,0.0532,0.9468,0.9468,0,0,0,0,0,0,0,0,2367,2367,0.1084,0,2.58992827184557e-12,3.38840067115598e-10,0.98757553411371,0,0,0,0,0
"C40R99","simulation","LF_PL_control","profile","both_point_converged",2500,0.8384,0.0532,0.8384,0.8384,0,0,0,0,0,0,0,0,2096,2096,0,0,2.18491891246231e-12,2.31558772156859e-10,0.0181315403907432,0,0,0,0,0
"C40R99","simulation","LF_PL_control","profile","common_point_converged",2500,0.7896,0.0532,0.7896,0.7896,0,0,0,0,0,0,0,0,1974,1974,0,0,2.04458672214969e-12,1.77993619843164e-10,0.0181315403907432,0,0,0,0,0
"C40R99","simulation","LF_PL_control","profile","common_inference_available",2500,0.7812,0.0532,0.7812,0.7812,0,0,0,0,0,0,0,0,1953,1953,0,0,2.02216021705226e-12,1.75994330220419e-10,0.0181315403907432,0,0,0,0,0
"C100R99","simulation","LF_PL_control","profile","all_outputs",2500,1,0.0044,0.9956,0.9956,0,0,0,0,0,0,0,0,2489,2489,0.0168,0,1.23012711128467e-12,6.38193942137377e-11,5.63471935777216e-10,0,0,0,0,0
"C100R99","simulation","LF_PL_control","profile","both_point_converged",2500,0.9788,0.0044,0.9788,0.9788,0,0,0,0,0,0,0,0,2447,2447,0,0,1.19948495580502e-12,6.16402484610035e-11,5.63471935777216e-10,0,0,0,0,0
"C100R99","simulation","LF_PL_control","profile","common_point_converged",2500,0.9748,0.0044,0.9748,0.9748,0,0,0,0,0,0,0,0,2437,2437,0,0,1.19459997449667e-12,6.16402484610035e-11,5.63471935777216e-10,0,0,0,0,0
"C100R99","simulation","LF_PL_control","profile","common_inference_available",2500,0.9744,0.0044,0.9744,0.9744,0,0,0,0,0,0,0,0,2436,2436,0,0,1.19459997449667e-12,6.16402484610035e-11,5.63471935777216e-10,0,0,0,0,0
"E020R1","exact","LF_PL_control_tight_fit","profile","all_outputs",121,1,0.0165289256198347,0.983471074380165,0.983471074380165,0,0,0,0,,,0,0,119,119,0,0,3.60822483003176e-15,8.81588135825949e-13,9.29922805426031e-13,0,0,0,0,0
"E020R1","exact","LF_PL_control_tight_fit","profile","both_point_converged",121,0.983471074380165,0.0165289256198347,0.983471074380165,0.983471074380165,0,0,0,0,,,0,0,119,119,0,0,3.60822483003176e-15,8.81588135825949e-13,9.29922805426031e-13,0,0,0,0,0
"E020R1","exact","LF_PL_control_tight_fit","profile","common_point_converged",121,0.966942148760331,0.0165289256198347,0.966942148760331,0.966942148760331,0,0,0,0,,,0,0,117,117,0,0,3.5527136788005e-15,8.84590178884537e-13,9.29922805426031e-13,0,0,0,0,0
"E020R1","exact","LF_PL_control_tight_fit","profile","common_inference_available",121,0.966942148760331,0.0165289256198347,0.966942148760331,0.966942148760331,0,0,0,0,,,0,0,117,117,0,0,3.5527136788005e-15,8.84590178884537e-13,9.29922805426031e-13,0,0,0,0,0
"E050R1","exact","LF_PL_control_tight_fit","profile","all_outputs",676,1,0.0029585798816568,0.997041420118343,0.997041420118343,0,0,0,0,,,0,0,674,674,0,0,1.14630527292547e-14,2.25725216296268e-12,4.59365878668905e-12,0,0,0,0,0
"E050R1","exact","LF_PL_control_tight_fit","profile","both_point_converged",676,0.997041420118343,0.0029585798816568,0.997041420118343,0.997041420118343,0,0,0,0,,,0,0,674,674,0,0,1.14630527292547e-14,2.25725216296268e-12,4.59365878668905e-12,0,0,0,0,0
"E050R1","exact","LF_PL_control_tight_fit","profile","common_point_converged",676,0.994082840236686,0.0029585798816568,0.994082840236686,0.994082840236686,0,0,0,0,,,0,0,672,672,0,0,1.14283582597352e-14,2.26563656724464e-12,4.59365878668905e-12,0,0,0,0,0
"E050R1","exact","LF_PL_control_tight_fit","profile","common_inference_available",676,0.994082840236686,0.0029585798816568,0.994082840236686,0.994082840236686,0,0,0,0,,,0,0,672,672,0,0,1.14283582597352e-14,2.26563656724464e-12,4.59365878668905e-12,0,0,0,0,0
"E100R1","exact","LF_PL_control_tight_fit","profile","all_outputs",2601,1,0.000768935024990388,0.99923106497501,0.99923106497501,0,0,0,0,,,0,0,2599,2599,0,0,2.92543766988729e-14,9.96987381540748e-12,1.90158999657797e-11,0,0,0,0,0
"E100R1","exact","LF_PL_control_tight_fit","profile","both_point_converged",2601,0.99923106497501,0.000768935024990388,0.99923106497501,0.99923106497501,0,0,0,0,,,0,0,2599,2599,0,0,2.92543766988729e-14,9.96987381540748e-12,1.90158999657797e-11,0,0,0,0,0
"E100R1","exact","LF_PL_control_tight_fit","profile","common_point_converged",2601,0.998462129950019,0.000768935024990388,0.998462129950019,0.998462129950019,0,0,0,0,,,0,0,2597,2597,0,0,2.92543766988729e-14,9.97260940494015e-12,1.90158999657797e-11,0,0,0,0,0
"E100R1","exact","LF_PL_control_tight_fit","profile","common_inference_available",2601,0.991541714725106,0.000768935024990388,0.991541714725106,0.991541714725106,0,0,0,0,,,0,0,2579,2579,0,0,2.90878432451791e-14,6.87215617745084e-12,1.72182268443066e-11,0,0,0,0,0
"E200R1","exact","LF_PL_control_tight_fit","profile","all_outputs",10201,1,0.000196059209881384,0.999803940790118,0.999803940790118,0,0,0,0,,,0,0,10199,10199,0,0,7.99360577730113e-14,1.25289645325212e-11,8.30393531714435e-11,0,0,0,0,0
"E200R1","exact","LF_PL_control_tight_fit","profile","both_point_converged",10201,0.999803940790118,0.000196059209881384,0.999803940790118,0.999803940790118,0,0,0,0,,,0,0,10199,10199,0,0,7.99360577730113e-14,1.25289645325212e-11,8.30393531714435e-11,0,0,0,0,0
"E200R1","exact","LF_PL_control_tight_fit","profile","common_point_converged",10201,0.999607881580237,0.000196059209881384,0.999607881580237,0.999607881580237,0,0,0,0,,,0,0,10197,10197,0,0,7.99360577730113e-14,1.25363897041094e-11,8.30393531714435e-11,0,0,0,0,0
"E200R1","exact","LF_PL_control_tight_fit","profile","common_inference_available",10201,0.986962062542888,0.000196059209881384,0.986962062542888,0.986962062542888,0,0,0,0,,,0,0,10068,10068,0,0,7.92699239582362e-14,1.86380688660392e-12,5.04911668031127e-11,0,0,0,0,0
"E020R4","exact","LF_PL_control_tight_fit","profile","all_outputs",85,1,0.0235294117647059,0.976470588235294,0.976470588235294,0,0,0,0,,,0,0,83,83,0,0,7.99360577730113e-15,5.94155835642595e-13,6.46593889541691e-13,0,0,0,0,0
"E020R4","exact","LF_PL_control_tight_fit","profile","both_point_converged",85,0.976470588235294,0.0235294117647059,0.976470588235294,0.976470588235294,0,0,0,0,,,0,0,83,83,0,0,7.99360577730113e-15,5.94155835642595e-13,6.46593889541691e-13,0,0,0,0,0
"E020R4","exact","LF_PL_control_tight_fit","profile","common_point_converged",85,0.952941176470588,0.0235294117647059,0.952941176470588,0.952941176470588,0,0,0,0,,,0,0,81,81,0,0,7.99360577730113e-15,5.95434812566964e-13,6.46593889541691e-13,0,0,0,0,0
"E020R4","exact","LF_PL_control_tight_fit","profile","common_inference_available",85,0.952941176470588,0.0235294117647059,0.952941176470588,0.952941176470588,0,0,0,0,,,0,0,81,81,0,0,7.99360577730113e-15,5.95434812566964e-13,6.46593889541691e-13,0,0,0,0,0
"E050R4","exact","LF_PL_control_tight_fit","profile","all_outputs",451,1,0.00443458980044346,0.995565410199557,0.995565410199557,0,0,0,0,,,0,0,449,449,0,0,1.68753899743024e-14,1.44403600188525e-12,4.2188474935756e-12,0,0,0,0,0
"E050R4","exact","LF_PL_control_tight_fit","profile","both_point_converged",451,0.995565410199557,0.00443458980044346,0.995565410199557,0.995565410199557,0,0,0,0,,,0,0,449,449,0,0,1.68753899743024e-14,1.44403600188525e-12,4.2188474935756e-12,0,0,0,0,0
"E050R4","exact","LF_PL_control_tight_fit","profile","common_point_converged",451,0.991130820399113,0.00443458980044346,0.991130820399113,0.991130820399113,0,0,0,0,,,0,0,447,447,0,0,1.68753899743024e-14,1.4447820717578e-12,4.2188474935756e-12,0,0,0,0,0
"E050R4","exact","LF_PL_control_tight_fit","profile","common_inference_available",451,0.991130820399113,0.00443458980044346,0.991130820399113,0.991130820399113,0,0,0,0,,,0,0,447,447,0,0,1.68753899743024e-14,1.4447820717578e-12,4.2188474935756e-12,0,0,0,0,0
"E100R4","exact","LF_PL_control_tight_fit","profile","all_outputs",1701,1,0.00117577895355673,0.998824221046443,0.998824221046443,0,0,0,0,,,0,0,1699,1699,0,0,3.95794508278868e-14,3.12610382025013e-12,1.56692436803496e-11,0,0,0,0,0
"E100R4","exact","LF_PL_control_tight_fit","profile","both_point_converged",1701,0.998824221046443,0.00117577895355673,0.998824221046443,0.998824221046443,0,0,0,0,,,0,0,1699,1699,0,0,3.95794508278868e-14,3.12610382025013e-12,1.56692436803496e-11,0,0,0,0,0
"E100R4","exact","LF_PL_control_tight_fit","profile","common_point_converged",1701,0.997648442092887,0.00117577895355673,0.997648442092887,0.997648442092887,0,0,0,0,,,0,0,1697,1697,0,0,3.95794508278868e-14,3.13292503051342e-12,1.56692436803496e-11,0,0,0,0,0
"E100R4","exact","LF_PL_control_tight_fit","profile","common_inference_available",1701,0.997648442092887,0.00117577895355673,0.997648442092887,0.997648442092887,0,0,0,0,,,0,0,1697,1697,0,0,3.95794508278868e-14,3.13292503051342e-12,1.56692436803496e-11,0,0,0,0,0
"E200R4","exact","LF_PL_control_tight_fit","profile","all_outputs",6601,1,0.00030298439630359,0.999697015603697,0.999697015603697,0,0,0,0,,,0,0,6599,6599,0,0,1.07913677993565e-13,2.71473510338165e-12,6.34390318055011e-11,0,0,0,0,0
"E200R4","exact","LF_PL_control_tight_fit","profile","both_point_converged",6601,0.999697015603697,0.00030298439630359,0.999697015603697,0.999697015603697,0,0,0,0,,,0,0,6599,6599,0,0,1.07913677993565e-13,2.71473510338165e-12,6.34390318055011e-11,0,0,0,0,0
"E200R4","exact","LF_PL_control_tight_fit","profile","common_point_converged",6601,0.999394031207393,0.00030298439630359,0.999394031207393,0.999394031207393,0,0,0,0,,,0,0,6597,6597,0,0,1.07913677993565e-13,2.72230238351766e-12,6.34390318055011e-11,0,0,0,0,0
"E200R4","exact","LF_PL_control_tight_fit","profile","common_inference_available",6601,0.995152249659143,0.00030298439630359,0.995152249659143,0.995152249659143,0,0,0,0,,,0,0,6569,6569,0,0,1.07469588783715e-13,1.4829382166681e-12,6.06625860655186e-11,0,0,0,0,0
"C40R00","simulation","LF_PL_control_tight_fit","profile","all_outputs",2500,1,0.048,0.952,0.952,0,0,0,0,0,0,0,0,2380,2380,0,0,3.11486392234883e-11,5.6093973910265e-10,7.25091201032145,0,0,0,0,0
"C40R00","simulation","LF_PL_control_tight_fit","profile","both_point_converged",2500,0.952,0.048,0.952,0.952,0,0,0,0,0,0,0,0,2380,2380,0,0,3.11486392234883e-11,5.6093973910265e-10,7.25091201032145,0,0,0,0,0
"C40R00","simulation","LF_PL_control_tight_fit","profile","common_point_converged",2500,0.8668,0.048,0.8668,0.8668,0,0,0,0,0,0,0,0,2167,2167,0,0,2.87818657795924e-11,4.19245083094211e-10,6.5990288788953e-09,0,0,0,0,0
"C40R00","simulation","LF_PL_control_tight_fit","profile","common_inference_available",2500,0.8568,0.048,0.8568,0.8568,0,0,0,0,0,0,0,0,2142,2142,0,0,2.86073387201213e-11,3.61029428574966e-10,6.5990288788953e-09,0,0,0,0,0
"C100R00","simulation","LF_PL_control_tight_fit","profile","all_outputs",2500,1,0.0032,0.9968,0.9968,0,0,0,0,0,0,0,0,2492,2492,0,0,1.65982783073559e-11,3.32439853423239e-10,8.37122220431752e-08,0,0,0,0,0
"C100R00","simulation","LF_PL_control_tight_fit","profile","both_point_converged",2500,0.9968,0.0032,0.9968,0.9968,0,0,0,0,0,0,0,0,2492,2492,0,0,1.65982783073559e-11,3.32439853423239e-10,8.37122220431752e-08,0,0,0,0,0
"C100R00","simulation","LF_PL_control_tight_fit","profile","common_point_converged",2500,0.9832,0.0032,0.9832,0.9832,0,0,0,0,0,0,0,0,2458,2458,0,0,1.64197544449962e-11,2.94670066125491e-10,1.54308388289337e-09,0,0,0,0,0
"C100R00","simulation","LF_PL_control_tight_fit","profile","common_inference_available",2500,0.9828,0.0032,0.9828,0.9828,0,0,0,0,0,0,0,0,2457,2457,0,0,1.64197544449962e-11,2.94670066125491e-10,1.54308388289337e-09,0,0,0,0,0
"C40R50","simulation","LF_PL_control_tight_fit","profile","all_outputs",2500,1,0.048,0.952,0.952,0,0,0,0,0,0,0,0,2380,2380,0,0,2.63145061296655e-11,5.39840172564254e-10,2.75348138949795,0,0,0,0,0
"C40R50","simulation","LF_PL_control_tight_fit","profile","both_point_converged",2500,0.952,0.048,0.952,0.952,0,0,0,0,0,0,0,0,2380,2380,0,0,2.63145061296655e-11,5.39840172564254e-10,2.75348138949795,0,0,0,0,0
"C40R50","simulation","LF_PL_control_tight_fit","profile","common_point_converged",2500,0.8516,0.048,0.8516,0.8516,0,0,0,0,0,0,0,0,2129,2129,0,0,2.35478303522996e-11,3.56741303164654e-10,3.63239403000648e-08,0,0,0,0,0
"C40R50","simulation","LF_PL_control_tight_fit","profile","common_inference_available",2500,0.8404,0.048,0.8404,0.8404,0,0,0,0,0,0,0,0,2101,2101,0,0,2.33026931084623e-11,3.38557626378133e-10,3.63239403000648e-08,0,0,0,0,0
"C100R50","simulation","LF_PL_control_tight_fit","profile","all_outputs",2500,1,0.004,0.996,0.996,0,0,0,0,0,0,0,0,2490,2490,0,0,1.43032252708508e-11,2.66548116911736e-10,8.3712221599086e-08,0,0,0,0,0
"C100R50","simulation","LF_PL_control_tight_fit","profile","both_point_converged",2500,0.996,0.004,0.996,0.996,0,0,0,0,0,0,0,0,2490,2490,0,0,1.43032252708508e-11,2.66548116911736e-10,8.3712221599086e-08,0,0,0,0,0
"C100R50","simulation","LF_PL_control_tight_fit","profile","common_point_converged",2500,0.982,0.004,0.982,0.982,0,0,0,0,0,0,0,0,2455,2455,0,0,1.40989442343198e-11,2.22353691015087e-10,6.56404708365699e-10,0,0,0,0,0
"C100R50","simulation","LF_PL_control_tight_fit","profile","common_inference_available",2500,0.9816,0.004,0.9816,0.9816,0,0,0,0,0,0,0,0,2454,2454,0,0,1.40751854615928e-11,2.22353691015087e-10,6.56404708365699e-10,0,0,0,0,0
"C40R90","simulation","LF_PL_control_tight_fit","profile","all_outputs",2500,1,0.0524,0.9476,0.9476,0,0,0,0,0,0,0,0,2369,2369,0,0,1.19197984815855e-11,4.15685263988053e-10,0.987575392216816,0,0,0,0,0
"C40R90","simulation","LF_PL_control_tight_fit","profile","both_point_converged",2500,0.9476,0.0524,0.9476,0.9476,0,0,0,0,0,0,0,0,2369,2369,0,0,1.19197984815855e-11,4.15685263988053e-10,0.987575392216816,0,0,0,0,0
"C40R90","simulation","LF_PL_control_tight_fit","profile","common_point_converged",2500,0.8172,0.0524,0.8172,0.8172,0,0,0,0,0,0,0,0,2043,2043,0,0,1.04578568027591e-11,2.80161671639689e-10,0.0181311703161828,0,0,0,0,0
"C40R90","simulation","LF_PL_control_tight_fit","profile","common_inference_available",2500,0.8088,0.0524,0.8088,0.8088,0,0,0,0,0,0,0,0,2022,2022,0,0,1.04429798142291e-11,2.76352274397595e-10,0.0181311703161828,0,0,0,0,0
"C100R90","simulation","LF_PL_control_tight_fit","profile","all_outputs",2500,1,0.0044,0.9956,0.9956,0,0,0,0,0,0,0,0,2489,2489,0,0,6.34337027349829e-12,1.54558144060957e-10,1.08043085589316e-09,0,0,0,0,0
"C100R90","simulation","LF_PL_control_tight_fit","profile","both_point_converged",2500,0.9956,0.0044,0.9956,0.9956,0,0,0,0,0,0,0,0,2489,2489,0,0,6.34337027349829e-12,1.54558144060957e-10,1.08043085589316e-09,0,0,0,0,0
"C100R90","simulation","LF_PL_control_tight_fit","profile","common_point_converged",2500,0.9792,0.0044,0.9792,0.9792,0,0,0,0,0,0,0,0,2448,2448,0,0,6.16395823271887e-12,1.54558144060957e-10,1.08043085589316e-09,0,0,0,0,0
"C100R90","simulation","LF_PL_control_tight_fit","profile","common_inference_available",2500,0.9792,0.0044,0.9792,0.9792,0,0,0,0,0,0,0,0,2448,2448,0,0,6.16395823271887e-12,1.54558144060957e-10,1.08043085589316e-09,0,0,0,0,0
"C40R99","simulation","LF_PL_control_tight_fit","profile","all_outputs",2500,1,0.0532,0.9468,0.9468,0,0,0,0,0,0,0,0,2367,2367,0,0,2.55839793794621e-12,3.18299164803193e-10,0.987575392225788,0,0,0,0,0
"C40R99","simulation","LF_PL_control_tight_fit","profile","both_point_converged",2500,0.9468,0.0532,0.9468,0.9468,0,0,0,0,0,0,0,0,2367,2367,0,0,2.55839793794621e-12,3.18299164803193e-10,0.987575392225788,0,0,0,0,0
"C40R99","simulation","LF_PL_control_tight_fit","profile","common_point_converged",2500,0.7896,0.0532,0.7896,0.7896,0,0,0,0,0,0,0,0,1974,1974,0,0,2.01394456667003e-12,1.77964309955314e-10,0.0181311703162557,0,0,0,0,0
"C40R99","simulation","LF_PL_control_tight_fit","profile","common_inference_available",2500,0.7812,0.0532,0.7812,0.7812,0,0,0,0,0,0,0,0,1953,1953,0,0,1.99484873064648e-12,1.7611156977182e-10,0.0181311703162557,0,0,0,0,0
"C100R99","simulation","LF_PL_control_tight_fit","profile","all_outputs",2500,1,0.0044,0.9956,0.9956,0,0,0,0,0,0,0,0,2489,2489,0,0,1.22479804076647e-12,6.3833383023848e-11,5.63474600312475e-10,0,0,0,0,0
"C100R99","simulation","LF_PL_control_tight_fit","profile","both_point_converged",2500,0.9956,0.0044,0.9956,0.9956,0,0,0,0,0,0,0,0,2489,2489,0,0,1.22479804076647e-12,6.3833383023848e-11,5.63474600312475e-10,0,0,0,0,0
"C100R99","simulation","LF_PL_control_tight_fit","profile","common_point_converged",2500,0.9748,0.0044,0.9748,0.9748,0,0,0,0,0,0,0,0,2437,2437,0,0,1.19321219571589e-12,6.16853235158032e-11,5.63474600312475e-10,0,0,0,0,0
"C100R99","simulation","LF_PL_control_tight_fit","profile","common_inference_available",2500,0.9744,0.0044,0.9744,0.9744,0,0,0,0,0,0,0,0,2436,2436,0,0,1.19260157305234e-12,6.16853235158032e-11,5.63474600312475e-10,0,0,0,0,0
"E020R1","exact","BG_maxit","iterations","all_outputs",121,1,0.0165289256198347,0.983471074380165,0.983471074380165,0,0,0,0,,,0,0,119,119,0,0,0,0,0,0,0,0,0,0
"E020R1","exact","BG_maxit","iterations","both_point_converged",121,0.983471074380165,0.0165289256198347,0.983471074380165,0.983471074380165,0,0,0,0,,,0,0,119,119,0,0,0,0,0,0,0,0,0,0
"E020R1","exact","BG_maxit","iterations","common_point_converged",121,0.966942148760331,0.0165289256198347,0.966942148760331,0.966942148760331,0,0,0,0,,,0,0,117,117,0,0,0,0,0,0,0,0,0,0
"E020R1","exact","BG_maxit","iterations","common_inference_available",121,0.966942148760331,0.0165289256198347,0.966942148760331,0.966942148760331,0,0,0,0,,,0,0,117,117,0,0,0,0,0,0,0,0,0,0
"E050R1","exact","BG_maxit","iterations","all_outputs",676,1,0.0029585798816568,0.997041420118343,0.997041420118343,0,0,0,0,,,0,0,674,674,0,0,0,0,0,0,0,0,0,0
"E050R1","exact","BG_maxit","iterations","both_point_converged",676,0.997041420118343,0.0029585798816568,0.997041420118343,0.997041420118343,0,0,0,0,,,0,0,674,674,0,0,0,0,0,0,0,0,0,0
"E050R1","exact","BG_maxit","iterations","common_point_converged",676,0.994082840236686,0.0029585798816568,0.994082840236686,0.994082840236686,0,0,0,0,,,0,0,672,672,0,0,0,0,0,0,0,0,0,0
"E050R1","exact","BG_maxit","iterations","common_inference_available",676,0.994082840236686,0.0029585798816568,0.994082840236686,0.994082840236686,0,0,0,0,,,0,0,672,672,0,0,0,0,0,0,0,0,0,0
"E100R1","exact","BG_maxit","iterations","all_outputs",2601,1,0.000768935024990388,0.99923106497501,0.99923106497501,0,0,0,0,,,0,0,2599,2599,0,0,0,0,0,0,0,0,0,0
"E100R1","exact","BG_maxit","iterations","both_point_converged",2601,0.99923106497501,0.000768935024990388,0.99923106497501,0.99923106497501,0,0,0,0,,,0,0,2599,2599,0,0,0,0,0,0,0,0,0,0
"E100R1","exact","BG_maxit","iterations","common_point_converged",2601,0.998462129950019,0.000768935024990388,0.998462129950019,0.998462129950019,0,0,0,0,,,0,0,2597,2597,0,0,0,0,0,0,0,0,0,0
"E100R1","exact","BG_maxit","iterations","common_inference_available",2601,0.991541714725106,0.000768935024990388,0.991541714725106,0.991541714725106,0,0,0,0,,,0,0,2579,2579,0,0,0,0,0,0,0,0,0,0
"E200R1","exact","BG_maxit","iterations","all_outputs",10201,1,0.000196059209881384,0.999803940790118,0.999803940790118,0,0,0,0,,,0,0,10199,10199,0,0,0,0,0,0,0,0,0,0
"E200R1","exact","BG_maxit","iterations","both_point_converged",10201,0.999803940790118,0.000196059209881384,0.999803940790118,0.999803940790118,0,0,0,0,,,0,0,10199,10199,0,0,0,0,0,0,0,0,0,0
"E200R1","exact","BG_maxit","iterations","common_point_converged",10201,0.999607881580237,0.000196059209881384,0.999607881580237,0.999607881580237,0,0,0,0,,,0,0,10197,10197,0,0,0,0,0,0,0,0,0,0
"E200R1","exact","BG_maxit","iterations","common_inference_available",10201,0.986962062542888,0.000196059209881384,0.986962062542888,0.986962062542888,0,0,0,0,,,0,0,10068,10068,0,0,0,0,0,0,0,0,0,0
"E020R4","exact","BG_maxit","iterations","all_outputs",85,1,0.0235294117647059,0.976470588235294,0.976470588235294,0,0,0,0,,,0,0,83,83,0,0,0,0,0,0,0,0,0,0
"E020R4","exact","BG_maxit","iterations","both_point_converged",85,0.976470588235294,0.0235294117647059,0.976470588235294,0.976470588235294,0,0,0,0,,,0,0,83,83,0,0,0,0,0,0,0,0,0,0
"E020R4","exact","BG_maxit","iterations","common_point_converged",85,0.952941176470588,0.0235294117647059,0.952941176470588,0.952941176470588,0,0,0,0,,,0,0,81,81,0,0,0,0,0,0,0,0,0,0
"E020R4","exact","BG_maxit","iterations","common_inference_available",85,0.952941176470588,0.0235294117647059,0.952941176470588,0.952941176470588,0,0,0,0,,,0,0,81,81,0,0,0,0,0,0,0,0,0,0
"E050R4","exact","BG_maxit","iterations","all_outputs",451,1,0.00443458980044346,0.995565410199557,0.995565410199557,0,0,0,0,,,0,0,449,449,0,0,0,0,0,0,0,0,0,0
"E050R4","exact","BG_maxit","iterations","both_point_converged",451,0.995565410199557,0.00443458980044346,0.995565410199557,0.995565410199557,0,0,0,0,,,0,0,449,449,0,0,0,0,0,0,0,0,0,0
"E050R4","exact","BG_maxit","iterations","common_point_converged",451,0.991130820399113,0.00443458980044346,0.991130820399113,0.991130820399113,0,0,0,0,,,0,0,447,447,0,0,0,0,0,0,0,0,0,0
"E050R4","exact","BG_maxit","iterations","common_inference_available",451,0.991130820399113,0.00443458980044346,0.991130820399113,0.991130820399113,0,0,0,0,,,0,0,447,447,0,0,0,0,0,0,0,0,0,0
"E100R4","exact","BG_maxit","iterations","all_outputs",1701,1,0.00117577895355673,0.998824221046443,0.998824221046443,0,0,0,0,,,0,0,1699,1699,0,0,0,0,0,0,0,0,0,0
"E100R4","exact","BG_maxit","iterations","both_point_converged",1701,0.998824221046443,0.00117577895355673,0.998824221046443,0.998824221046443,0,0,0,0,,,0,0,1699,1699,0,0,0,0,0,0,0,0,0,0
"E100R4","exact","BG_maxit","iterations","common_point_converged",1701,0.997648442092887,0.00117577895355673,0.997648442092887,0.997648442092887,0,0,0,0,,,0,0,1697,1697,0,0,0,0,0,0,0,0,0,0
"E100R4","exact","BG_maxit","iterations","common_inference_available",1701,0.997648442092887,0.00117577895355673,0.997648442092887,0.997648442092887,0,0,0,0,,,0,0,1697,1697,0,0,0,0,0,0,0,0,0,0
"E200R4","exact","BG_maxit","iterations","all_outputs",6601,1,0.00030298439630359,0.999697015603697,0.999697015603697,0,0,0,0,,,0,0,6599,6599,0,0,0,0,0,0,0,0,0,0
"E200R4","exact","BG_maxit","iterations","both_point_converged",6601,0.999697015603697,0.00030298439630359,0.999697015603697,0.999697015603697,0,0,0,0,,,0,0,6599,6599,0,0,0,0,0,0,0,0,0,0
"E200R4","exact","BG_maxit","iterations","common_point_converged",6601,0.999394031207393,0.00030298439630359,0.999394031207393,0.999394031207393,0,0,0,0,,,0,0,6597,6597,0,0,0,0,0,0,0,0,0,0
"E200R4","exact","BG_maxit","iterations","common_inference_available",6601,0.995152249659143,0.00030298439630359,0.995152249659143,0.995152249659143,0,0,0,0,,,0,0,6569,6569,0,0,0,0,0,0,0,0,0,0
"C40R00","simulation","BG_maxit","iterations","all_outputs",2500,1,0.048,0.952,0.952,0,0,0,0,0,0,0,0,2380,2380,4e-04,0,0,0,6.2656721992127e-05,0,0,1.64791843900725e-05,0,0
"C40R00","simulation","BG_maxit","iterations","both_point_converged",2500,0.9516,0.048,0.9516,0.9516,0,0,0,0,0,0,0,0,2379,2379,0,0,0,0,0,0,0,0,0,0
"C40R00","simulation","BG_maxit","iterations","common_point_converged",2500,0.8668,0.048,0.8668,0.8668,0,0,0,0,0,0,0,0,2167,2167,0,0,0,0,0,0,0,0,0,0
"C40R00","simulation","BG_maxit","iterations","common_inference_available",2500,0.8568,0.048,0.8568,0.8568,0,0,0,0,0,0,0,0,2142,2142,0,0,0,0,0,0,0,0,0,0
"C100R00","simulation","BG_maxit","iterations","all_outputs",2500,1,0.0032,0.9968,0.9968,0,0,0,0,0,0,0,0,2492,2492,0,0,0,0,0,0,0,0,0,0
"C100R00","simulation","BG_maxit","iterations","both_point_converged",2500,0.9968,0.0032,0.9968,0.9968,0,0,0,0,0,0,0,0,2492,2492,0,0,0,0,0,0,0,0,0,0
"C100R00","simulation","BG_maxit","iterations","common_point_converged",2500,0.9832,0.0032,0.9832,0.9832,0,0,0,0,0,0,0,0,2458,2458,0,0,0,0,0,0,0,0,0,0
"C100R00","simulation","BG_maxit","iterations","common_inference_available",2500,0.9828,0.0032,0.9828,0.9828,0,0,0,0,0,0,0,0,2457,2457,0,0,0,0,0,0,0,0,0,0
"C40R50","simulation","BG_maxit","iterations","all_outputs",2500,1,0.048,0.952,0.952,0,0,0,0,0,0,0,0,2380,2380,0.0012,0,0,0,6.3387249641611e-05,0,0,1.66713170238753e-05,0,0
"C40R50","simulation","BG_maxit","iterations","both_point_converged",2500,0.9508,0.048,0.9508,0.9508,0,0,0,0,0,0,0,0,2377,2377,0,0,0,0,0,0,0,0,0,0
"C40R50","simulation","BG_maxit","iterations","common_point_converged",2500,0.8516,0.048,0.8516,0.8516,0,0,0,0,0,0,0,0,2129,2129,0,0,0,0,0,0,0,0,0,0
"C40R50","simulation","BG_maxit","iterations","common_inference_available",2500,0.8404,0.048,0.8404,0.8404,0,0,0,0,0,0,0,0,2101,2101,0,0,0,0,0,0,0,0,0,0
"C100R50","simulation","BG_maxit","iterations","all_outputs",2500,1,0.004,0.996,0.996,0,0,0,0,0,0,0,0,2490,2490,0,0,0,0,0,0,0,0,0,0
"C100R50","simulation","BG_maxit","iterations","both_point_converged",2500,0.996,0.004,0.996,0.996,0,0,0,0,0,0,0,0,2490,2490,0,0,0,0,0,0,0,0,0,0
"C100R50","simulation","BG_maxit","iterations","common_point_converged",2500,0.982,0.004,0.982,0.982,0,0,0,0,0,0,0,0,2455,2455,0,0,0,0,0,0,0,0,0,0
"C100R50","simulation","BG_maxit","iterations","common_inference_available",2500,0.9816,0.004,0.9816,0.9816,0,0,0,0,0,0,0,0,2454,2454,0,0,0,0,0,0,0,0,0,0
"C40R90","simulation","BG_maxit","iterations","all_outputs",2500,1,0.0524,0.9476,0.9476,0,0,0,0,0,0,0,0,2369,2369,0.0012,0,0,0,6.58446663832635e-05,0,0,1.73176303528422e-05,0,0
"C40R90","simulation","BG_maxit","iterations","both_point_converged",2500,0.9464,0.0524,0.9464,0.9464,0,0,0,0,0,0,0,0,2366,2366,0,0,0,0,0,0,0,0,0,0
"C40R90","simulation","BG_maxit","iterations","common_point_converged",2500,0.8172,0.0524,0.8172,0.8172,0,0,0,0,0,0,0,0,2043,2043,0,0,0,0,0,0,0,0,0,0
"C40R90","simulation","BG_maxit","iterations","common_inference_available",2500,0.8088,0.0524,0.8088,0.8088,0,0,0,0,0,0,0,0,2022,2022,0,0,0,0,0,0,0,0,0,0
"C100R90","simulation","BG_maxit","iterations","all_outputs",2500,1,0.0044,0.9956,0.9956,0,0,0,0,0,0,0,0,2489,2489,4e-04,0,0,0,0,0,0,0,0,0
"C100R90","simulation","BG_maxit","iterations","both_point_converged",2500,0.9952,0.0044,0.9952,0.9952,0,0,0,0,0,0,0,0,2488,2488,0,0,0,0,0,0,0,0,0,0
"C100R90","simulation","BG_maxit","iterations","common_point_converged",2500,0.9792,0.0044,0.9792,0.9792,0,0,0,0,0,0,0,0,2448,2448,0,0,0,0,0,0,0,0,0,0
"C100R90","simulation","BG_maxit","iterations","common_inference_available",2500,0.9792,0.0044,0.9792,0.9792,0,0,0,0,0,0,0,0,2448,2448,0,0,0,0,0,0,0,0,0,0
"C40R99","simulation","BG_maxit","iterations","all_outputs",2500,1,0.0532,0.9468,0.9468,0,0,0,0,0,0,0,0,2367,2367,8e-04,0,0,0,0.000135319674000378,0,0,9.95194746089556e-06,0,0
"C40R99","simulation","BG_maxit","iterations","both_point_converged",2500,0.946,0.0532,0.946,0.946,0,0,0,0,0,0,0,0,2365,2365,0,0,0,0,0,0,0,0,0,0
"C40R99","simulation","BG_maxit","iterations","common_point_converged",2500,0.7896,0.0532,0.7896,0.7896,0,0,0,0,0,0,0,0,1974,1974,0,0,0,0,0,0,0,0,0,0
"C40R99","simulation","BG_maxit","iterations","common_inference_available",2500,0.7812,0.0532,0.7812,0.7812,0,0,0,0,0,0,0,0,1953,1953,0,0,0,0,0,0,0,0,0,0
"C100R99","simulation","BG_maxit","iterations","all_outputs",2500,1,0.0044,0.9956,0.9956,0,0,0,0,0,0,0,0,2489,2489,4e-04,0,0,0,1.3833807637198e-06,0,0,1.84840187378299e-07,0,0
"C100R99","simulation","BG_maxit","iterations","both_point_converged",2500,0.9952,0.0044,0.9952,0.9952,0,0,0,0,0,0,0,0,2488,2488,0,0,0,0,0,0,0,0,0,0
"C100R99","simulation","BG_maxit","iterations","common_point_converged",2500,0.9748,0.0044,0.9748,0.9748,0,0,0,0,0,0,0,0,2437,2437,0,0,0,0,0,0,0,0,0,0
"C100R99","simulation","BG_maxit","iterations","common_inference_available",2500,0.9744,0.0044,0.9744,0.9744,0,0,0,0,0,0,0,0,2436,2436,0,0,0,0,0,0,0,0,0,0
"E020R1","exact","BG_threshold","threshold","all_outputs",121,1,0.0165289256198347,0.983471074380165,0.983471074380165,0,0,0,0,,,0,0,119,119,0,0,7.91145460254938e-09,5.36035274674163e-07,5.36035276610392e-07,5.60709395580616e-11,9.00124052871654e-08,9.00124054181717e-08,3.57799434524964e-09,3.49118430529316e-07
"E020R1","exact","BG_threshold","threshold","both_point_converged",121,0.983471074380165,0.0165289256198347,0.983471074380165,0.983471074380165,0,0,0,0,,,0,0,119,119,0,0,7.91145460254938e-09,5.36035274674163e-07,5.36035276610392e-07,5.60709395580616e-11,9.00124052871654e-08,9.00124054181717e-08,3.57799434524964e-09,3.49118430529316e-07
"E020R1","exact","BG_threshold","threshold","common_point_converged",121,0.966942148760331,0.0165289256198347,0.966942148760331,0.966942148760331,0,0,0,0,,,0,0,117,117,0,0,7.91145460254938e-09,5.36035274691926e-07,5.36035276610392e-07,5.60710644581519e-11,9.00124052893858e-08,9.00124054181717e-08,3.57799434524964e-09,3.49118430538198e-07
"E020R1","exact","BG_threshold","threshold","common_inference_available",121,0.966942148760331,0.0165289256198347,0.966942148760331,0.966942148760331,0,0,0,0,,,0,0,117,117,0,0,7.91145460254938e-09,5.36035274691926e-07,5.36035276610392e-07,5.60710644581519e-11,9.00124052893858e-08,9.00124054181717e-08,3.57799434524964e-09,3.49118430538198e-07
"E050R1","exact","BG_threshold","threshold","all_outputs",676,1,0.0029585798816568,0.997041420118343,0.997041420118343,0,0,0,0,,,0,0,674,674,0,0,1.39076927752058e-09,1.62838831871959e-07,1.74149128451262e-07,2.31081896239632e-12,5.09748754617956e-08,1.05975069164543e-07,6.07351502424081e-10,1.21463118674114e-07
"E050R1","exact","BG_threshold","threshold","both_point_converged",676,0.997041420118343,0.0029585798816568,0.997041420118343,0.997041420118343,0,0,0,0,,,0,0,674,674,0,0,1.39076927752058e-09,1.62838831871959e-07,1.74149128451262e-07,2.31081896239632e-12,5.09748754617956e-08,1.05975069164543e-07,6.07351502424081e-10,1.21463118674114e-07
"E050R1","exact","BG_threshold","threshold","common_point_converged",676,0.994082840236686,0.0029585798816568,0.994082840236686,0.994082840236686,0,0,0,0,,,0,0,672,672,0,0,1.39076794525295e-09,1.6283883188084e-07,1.74149128451262e-07,2.68446636447761e-12,5.0974875464016e-08,1.05975069164543e-07,6.07351502424081e-10,1.21463118674114e-07
"E050R1","exact","BG_threshold","threshold","common_inference_available",676,0.994082840236686,0.0029585798816568,0.994082840236686,0.994082840236686,0,0,0,0,,,0,0,672,672,0,0,1.39076794525295e-09,1.6283883188084e-07,1.74149128451262e-07,2.68446636447761e-12,5.0974875464016e-08,1.05975069164543e-07,6.07351502424081e-10,1.21463118674114e-07
"E100R1","exact","BG_threshold","threshold","all_outputs",2601,1,0.000768935024990388,0.99923106497501,0.99923106497501,0,0,0,0,,,0,0,2599,2599,0,0,3.83888165700341e-09,9.47778306521485e-07,9.47921236615912e-07,5.61217738948017e-13,4.03797635928349e-08,8.68384877339423e-08,3.09132519582533e-09,4.02855301135929e-07
"E100R1","exact","BG_threshold","threshold","both_point_converged",2601,0.99923106497501,0.000768935024990388,0.99923106497501,0.99923106497501,0,0,0,0,,,0,0,2599,2599,0,0,3.83888165700341e-09,9.47778306521485e-07,9.47921236615912e-07,5.61217738948017e-13,4.03797635928349e-08,8.68384877339423e-08,3.09132519582533e-09,4.02855301135929e-07
"E100R1","exact","BG_threshold","threshold","common_point_converged",2601,0.998462129950019,0.000768935024990388,0.998462129950019,0.998462129950019,0,0,0,0,,,0,0,2597,2597,0,0,3.83888165700341e-09,9.47778306539249e-07,9.47921236615912e-07,5.61661828157867e-13,4.03797635972758e-08,8.68384877339423e-08,3.09132519582533e-09,4.02855301153693e-07
"E100R1","exact","BG_threshold","threshold","common_inference_available",2601,0.991541714725106,0.000768935024990388,0.991541714725106,0.991541714725106,0,0,0,0,,,0,0,2579,2579,0,0,3.27901572561018e-09,9.47664426238504e-07,9.47921236615912e-07,4.65960603435178e-13,4.03797636372438e-08,8.68384877339423e-08,2.9225617481643e-09,4.02855301313565e-07
"E200R1","exact","BG_threshold","threshold","all_outputs",10201,1,0.000196059209881384,0.999803940790118,0.999803940790118,0,0,0,0,,,0,0,10199,10199,0,0,7.20218551464313e-10,3.84959041532795e-07,3.85395441782066e-07,2.1094237467878e-15,2.25967144756867e-08,4.95766213637339e-08,5.86160009419245e-10,2.45082541816544e-07
"E200R1","exact","BG_threshold","threshold","both_point_converged",10201,0.999803940790118,0.000196059209881384,0.999803940790118,0.999803940790118,0,0,0,0,,,0,0,10199,10199,0,0,7.20218551464313e-10,3.84959041532795e-07,3.85395441782066e-07,2.1094237467878e-15,2.25967144756867e-08,4.95766213637339e-08,5.86160009419245e-10,2.45082541816544e-07
"E200R1","exact","BG_threshold","threshold","common_point_converged",10201,0.999607881580237,0.000196059209881384,0.999607881580237,0.999607881580237,0,0,0,0,,,0,0,10197,10197,0,0,7.20219439642733e-10,3.84959041532795e-07,3.85395441782066e-07,2.13717932240343e-15,2.25967144795725e-08,4.95766213637339e-08,5.86160009419245e-10,2.45082541816544e-07
"E200R1","exact","BG_threshold","threshold","common_inference_available",10201,0.986962062542888,0.000196059209881384,0.986962062542888,0.986962062542888,0,0,0,0,,,0,0,10068,10068,0,0,7.15846271148735e-10,3.84959042412092e-07,3.85395441782066e-07,1.44100294305512e-15,2.25967150233042e-08,4.95766213637339e-08,5.86158566129313e-10,2.45082541816544e-07
"E020R4","exact","BG_threshold","threshold","all_outputs",85,1,0.0235294117647059,0.976470588235294,0.976470588235294,0,0,0,0,,,0,0,83,83,0,0,7.87924116174565e-07,1.56468518158093e-06,1.56468518230923e-06,1.05292650653954e-07,3.74643826446253e-07,3.74643826628329e-07,5.6753928437403e-07,6.94941565182461e-07
"E020R4","exact","BG_threshold","threshold","both_point_converged",85,0.976470588235294,0.0235294117647059,0.976470588235294,0.976470588235294,0,0,0,0,,,0,0,83,83,0,0,7.87924116174565e-07,1.56468518158093e-06,1.56468518230923e-06,1.05292650653954e-07,3.74643826446253e-07,3.74643826628329e-07,5.6753928437403e-07,6.94941565182461e-07
"E020R4","exact","BG_threshold","threshold","common_point_converged",85,0.952941176470588,0.0235294117647059,0.952941176470588,0.952941176470588,0,0,0,0,,,0,0,81,81,0,0,7.87078953567999e-07,1.56468518159869e-06,1.56468518230923e-06,1.05292651153555e-07,3.74643826450693e-07,3.74643826628329e-07,5.67539149218255e-07,6.94941565182461e-07
"E020R4","exact","BG_threshold","threshold","common_inference_available",85,0.952941176470588,0.0235294117647059,0.952941176470588,0.952941176470588,0,0,0,0,,,0,0,81,81,0,0,7.87078953567999e-07,1.56468518159869e-06,1.56468518230923e-06,1.05292651153555e-07,3.74643826450693e-07,3.74643826628329e-07,5.67539149218255e-07,6.94941565182461e-07
"E050R4","exact","BG_threshold","threshold","all_outputs",451,1,0.00443458980044346,0.995565410199557,0.995565410199557,0,0,0,0,,,0,0,449,449,0,0,4.84431112113271e-07,1.23133950548748e-06,1.55936653634114e-06,2.81748872010823e-08,5.55347763504521e-07,9.8321362107523e-07,3.05321715909912e-07,5.49652641890219e-07
"E050R4","exact","BG_threshold","threshold","both_point_converged",451,0.995565410199557,0.00443458980044346,0.995565410199557,0.995565410199557,0,0,0,0,,,0,0,449,449,0,0,4.84431112113271e-07,1.23133950548748e-06,1.55936653634114e-06,2.81748872010823e-08,5.55347763504521e-07,9.8321362107523e-07,3.05321715909912e-07,5.49652641890219e-07
"E050R4","exact","BG_threshold","threshold","common_point_converged",451,0.991130820399113,0.00443458980044346,0.991130820399113,0.991130820399113,0,0,0,0,,,0,0,447,447,0,0,4.84431111669181e-07,1.23133950550525e-06,1.55936653634114e-06,3.14322367959974e-08,5.55347763511183e-07,9.8321362107523e-07,3.05321715465823e-07,5.49652641934628e-07
"E050R4","exact","BG_threshold","threshold","common_inference_available",451,0.991130820399113,0.00443458980044346,0.991130820399113,0.991130820399113,0,0,0,0,,,0,0,447,447,0,0,4.84431111669181e-07,1.23133950550525e-06,1.55936653634114e-06,3.14322367959974e-08,5.55347763511183e-07,9.8321362107523e-07,3.05321715465823e-07,5.49652641934628e-07
"E100R4","exact","BG_threshold","threshold","all_outputs",1701,1,0.00117577895355673,0.998824221046443,0.998824221046443,0,0,0,0,,,0,0,1699,1699,0,0,2.43785211573311e-07,9.24887223749948e-07,1.20635128553204e-06,4.8044708628181e-09,1.04342219387377e-06,1.13370233678634e-06,1.43056197110525e-07,7.6646124547386e-07
"E100R4","exact","BG_threshold","threshold","both_point_converged",1701,0.998824221046443,0.00117577895355673,0.998824221046443,0.998824221046443,0,0,0,0,,,0,0,1699,1699,0,0,2.43785211573311e-07,9.24887223749948e-07,1.20635128553204e-06,4.8044708628181e-09,1.04342219387377e-06,1.13370233678634e-06,1.43056197110525e-07,7.6646124547386e-07
"E100R4","exact","BG_threshold","threshold","common_point_converged",1701,0.997648442092887,0.00117577895355673,0.997648442092887,0.997648442092887,0,0,0,0,,,0,0,1697,1697,0,0,2.43784990416884e-07,9.24887223803239e-07,1.20635128553204e-06,4.8044710918016e-09,1.04342219387821e-06,1.13370233678634e-06,1.43056200663239e-07,7.6646124547608e-07
"E100R4","exact","BG_threshold","threshold","common_inference_available",1701,0.997648442092887,0.00117577895355673,0.997648442092887,0.997648442092887,0,0,0,0,,,0,0,1697,1697,0,0,2.43784990416884e-07,9.24887223803239e-07,1.20635128553204e-06,4.8044710918016e-09,1.04342219387821e-06,1.13370233678634e-06,1.43056200663239e-07,7.6646124547608e-07
"E200R4","exact","BG_threshold","threshold","all_outputs",6601,1,0.00030298439630359,0.999697015603697,0.999697015603697,0,0,0,0,,,0,0,6599,6599,0,0,1.95878037345665e-07,1.16158047448245e-06,1.16224247159735e-06,4.44908804242417e-10,1.38699950185227e-06,2.08457551331698e-06,1.566833409683e-07,9.14718743474929e-07
"E200R4","exact","BG_threshold","threshold","both_point_converged",6601,0.999697015603697,0.00030298439630359,0.999697015603697,0.999697015603697,0,0,0,0,,,0,0,6599,6599,0,0,1.95878037345665e-07,1.16158047448245e-06,1.16224247159735e-06,4.44908804242417e-10,1.38699950185227e-06,2.08457551331698e-06,1.566833409683e-07,9.14718743474929e-07
"E200R4","exact","BG_threshold","threshold","common_point_converged",6601,0.999394031207393,0.00030298439630359,0.999394031207393,0.999394031207393,0,0,0,0,,,0,0,6597,6597,0,0,1.95878039122022e-07,1.16158094211727e-06,1.16224247159735e-06,4.44908828094864e-10,1.38747224168956e-06,2.08457551331698e-06,1.566833409683e-07,9.14718749722709e-07
"E200R4","exact","BG_threshold","threshold","common_inference_available",6601,0.995152249659143,0.00030298439630359,0.995152249659143,0.995152249659143,0,0,0,0,,,0,0,6569,6569,0,0,1.95753480092264e-07,1.16158748900475e-06,1.16224247159735e-06,4.74444558374578e-10,1.39409059941142e-06,2.08457551331698e-06,1.56824762398422e-07,9.1471883719163e-07
"C40R00","simulation","BG_threshold","threshold","all_outputs",2500,1,0.048,0.952,0.952,0,0,0,0,0,0,0,0,2380,2380,0,0,5.82235724744251e-07,4.04468670556213e-06,6.98405393784185e-06,9.54288691401572e-08,7.1756718755811e-07,1.48572102298683e-06,2.96370866292861e-07,2.09012931229324e-06
"C40R00","simulation","BG_threshold","threshold","both_point_converged",2500,0.952,0.048,0.952,0.952,0,0,0,0,0,0,0,0,2380,2380,0,0,5.82235724744251e-07,4.04468670556213e-06,6.98405393784185e-06,9.54288691401572e-08,7.1756718755811e-07,1.48572102298683e-06,2.96370866292861e-07,2.09012931229324e-06
"C40R00","simulation","BG_threshold","threshold","common_point_converged",2500,0.8668,0.048,0.8668,0.8668,0,0,0,0,0,0,0,0,2167,2167,0,0,5.34654930106626e-07,2.54140028133065e-06,5.11938906733178e-06,9.11951302251524e-08,6.63800944433746e-07,9.07123257842812e-07,2.78447023160933e-07,1.48197070060085e-06
"C40R00","simulation","BG_threshold","threshold","common_inference_available",2500,0.8568,0.048,0.8568,0.8568,0,0,0,0,0,0,0,0,2142,2142,0,0,5.29540257865335e-07,2.52648690413082e-06,5.11938906733178e-06,9.10574059487246e-08,6.63800944433746e-07,9.07123257842812e-07,2.75697058182978e-07,1.47707969411215e-06
"C100R00","simulation","BG_threshold","threshold","all_outputs",2500,1,0.0032,0.9968,0.9968,0,0,0,0,0,0,0,0,2492,2492,0,0,3.2507260261383e-07,2.04489777377859e-06,9.85292381194824e-06,6.03868556270371e-08,6.94076282892198e-07,1.44605427121469e-06,1.73080008658566e-07,1.08545415922201e-06
"C100R00","simulation","BG_threshold","threshold","both_point_converged",2500,0.9968,0.0032,0.9968,0.9968,0,0,0,0,0,0,0,0,2492,2492,0,0,3.2507260261383e-07,2.04489777377859e-06,9.85292381194824e-06,6.03868556270371e-08,6.94076282892198e-07,1.44605427121469e-06,1.73080008658566e-07,1.08545415922201e-06
"C100R00","simulation","BG_threshold","threshold","common_point_converged",2500,0.9832,0.0032,0.9832,0.9832,0,0,0,0,0,0,0,0,2458,2458,0,0,3.18868770499137e-07,1.89233111580478e-06,3.16483476936469e-06,6.03868556270371e-08,6.79412475612651e-07,9.6899734280953e-07,1.70354461093147e-07,9.93412663907733e-07
"C100R00","simulation","BG_threshold","threshold","common_inference_available",2500,0.9828,0.0032,0.9828,0.9828,0,0,0,0,0,0,0,0,2457,2457,0,0,3.18868770499137e-07,1.89233111580478e-06,3.16483476936469e-06,6.07149545639452e-08,6.79412475612651e-07,9.6899734280953e-07,1.70354461093147e-07,9.93412663907733e-07
"C40R50","simulation","BG_threshold","threshold","all_outputs",2500,1,0.048,0.952,0.952,0,0,0,0,0,0,0,0,2380,2380,0,0,5.7291708177587e-07,4.0763183752901e-06,1.47004240531601e-05,9.199757741718e-08,7.02463281321286e-07,1.92764718653926e-06,2.94910651010838e-07,2.23757208628328e-06
"C40R50","simulation","BG_threshold","threshold","both_point_converged",2500,0.952,0.048,0.952,0.952,0,0,0,0,0,0,0,0,2380,2380,0,0,5.7291708177587e-07,4.0763183752901e-06,1.47004240531601e-05,9.199757741718e-08,7.02463281321286e-07,1.92764718653926e-06,2.94910651010838e-07,2.23757208628328e-06
"C40R50","simulation","BG_threshold","threshold","common_point_converged",2500,0.8516,0.048,0.8516,0.8516,0,0,0,0,0,0,0,0,2129,2129,0,0,5.18894581524876e-07,2.47629890637313e-06,5.91744467115518e-06,8.87127880599969e-08,6.42066615652581e-07,9.0712325773179e-07,2.6587359247543e-07,1.44140458802067e-06
"C40R50","simulation","BG_threshold","threshold","common_inference_available",2500,0.8404,0.048,0.8404,0.8404,0,0,0,0,0,0,0,0,2101,2101,0,0,5.15599959172164e-07,2.46981922025213e-06,5.91744467115518e-06,8.8815794663244e-08,6.42066615652581e-07,9.0712325773179e-07,2.63394036241482e-07,1.43806279417902e-06
"C100R50","simulation","BG_threshold","threshold","all_outputs",2500,1,0.004,0.996,0.996,0,0,0,0,0,0,0,0,2490,2490,0,0,3.20304603951271e-07,2.01900131768795e-06,5.21028194011564e-06,5.95677384085391e-08,6.72468498219558e-07,1.0434568632478e-06,1.74632876381864e-07,1.10805576714057e-06
"C100R50","simulation","BG_threshold","threshold","both_point_converged",2500,0.996,0.004,0.996,0.996,0,0,0,0,0,0,0,0,2490,2490,0,0,3.20304603951271e-07,2.01900131768795e-06,5.21028194011564e-06,5.95677384085391e-08,6.72468498219558e-07,1.0434568632478e-06,1.74632876381864e-07,1.10805576714057e-06
"C100R50","simulation","BG_threshold","threshold","common_point_converged",2500,0.982,0.004,0.982,0.982,0,0,0,0,0,0,0,0,2455,2455,0,0,3.15642154857798e-07,1.89233111580478e-06,3.60185339864927e-06,5.9644505556733e-08,6.59706838823659e-07,9.40404913718496e-07,1.73080008547544e-07,1.04736385786453e-06
"C100R50","simulation","BG_threshold","threshold","common_inference_available",2500,0.9816,0.004,0.9816,0.9816,0,0,0,0,0,0,0,0,2454,2454,0,0,3.15321876165342e-07,1.89233111580478e-06,3.60185339864927e-06,5.9644505556733e-08,6.59706838823659e-07,9.40404913718496e-07,1.72952098864698e-07,1.04736385786453e-06
"C40R90","simulation","BG_threshold","threshold","all_outputs",2500,1,0.0524,0.9476,0.9476,0,0,0,0,0,0,0,0,2369,2369,0,0,4.3845952069077e-07,3.47495394770192e-06,1.47004240460546e-05,6.7149895088825e-08,6.07217696679818e-07,1.67801014039348e-06,2.2579199909778e-07,1.79978959913285e-06
"C40R90","simulation","BG_threshold","threshold","both_point_converged",2500,0.9476,0.0524,0.9476,0.9476,0,0,0,0,0,0,0,0,2369,2369,0,0,4.3845952069077e-07,3.47495394770192e-06,1.47004240460546e-05,6.7149895088825e-08,6.07217696679818e-07,1.67801014039348e-06,2.2579199909778e-07,1.79978959913285e-06
"C40R90","simulation","BG_threshold","threshold","common_point_converged",2500,0.8172,0.0524,0.8172,0.8172,0,0,0,0,0,0,0,0,2043,2043,0,0,3.88293505348969e-07,2.40921899941071e-06,6.59631499466684e-06,6.43611620665396e-08,5.28144945555198e-07,8.93321387307466e-07,2.03949151844629e-07,1.24691673408783e-06
"C40R90","simulation","BG_threshold","threshold","common_inference_available",2500,0.8088,0.0524,0.8088,0.8088,0,0,0,0,0,0,0,0,2022,2022,0,0,3.82093976902809e-07,2.33665313320586e-06,6.59631499466684e-06,6.43611620665396e-08,5.28144945555198e-07,8.93321387307466e-07,2.01663686638653e-07,1.24437357373886e-06
"C100R90","simulation","BG_threshold","threshold","all_outputs",2500,1,0.0044,0.9956,0.9956,0,0,0,0,0,0,0,0,2489,2489,0,0,2.40929678874124e-07,1.67739677858769e-06,3.17960967866071e-06,4.0886914631777e-08,6.11564118901953e-07,9.40404913718496e-07,1.24444990978745e-07,9.92955131673412e-07
"C100R90","simulation","BG_threshold","threshold","both_point_converged",2500,0.9956,0.0044,0.9956,0.9956,0,0,0,0,0,0,0,0,2489,2489,0,0,2.40929678874124e-07,1.67739677858769e-06,3.17960967866071e-06,4.0886914631777e-08,6.11564118901953e-07,9.40404913718496e-07,1.24444990978745e-07,9.92955131673412e-07
"C100R90","simulation","BG_threshold","threshold","common_point_converged",2500,0.9792,0.0044,0.9792,0.9792,0,0,0,0,0,0,0,0,2448,2448,0,0,2.35976238993629e-07,1.6346416464863e-06,2.54534456267663e-06,4.07350419506791e-08,6.11564118901953e-07,9.40404913718496e-07,1.23066827062424e-07,9.59145404877404e-07
"C100R90","simulation","BG_threshold","threshold","common_inference_available",2500,0.9792,0.0044,0.9792,0.9792,0,0,0,0,0,0,0,0,2448,2448,0,0,2.35976238993629e-07,1.6346416464863e-06,2.54534456267663e-06,4.07350419506791e-08,6.11564118901953e-07,9.40404913718496e-07,1.23066827062424e-07,9.59145404877404e-07
"C40R99","simulation","BG_threshold","threshold","all_outputs",2500,1,0.0532,0.9468,0.9468,0,0,0,0,0,0,0,0,2367,2367,0,0,1.90533545385563e-07,2.19012810820374e-06,4.95529314203935e-06,3.05566752456521e-08,3.89031129199857e-07,1.07766175760915e-06,9.49528233262775e-08,1.07856592590494e-06
"C40R99","simulation","BG_threshold","threshold","both_point_converged",2500,0.9468,0.0532,0.9468,0.9468,0,0,0,0,0,0,0,0,2367,2367,0,0,1.90533545385563e-07,2.19012810820374e-06,4.95529314203935e-06,3.05566752456521e-08,3.89031129199857e-07,1.07766175760915e-06,9.49528233262775e-08,1.07856592590494e-06
"C40R99","simulation","BG_threshold","threshold","common_point_converged",2500,0.7896,0.0532,0.7896,0.7896,0,0,0,0,0,0,0,0,1974,1974,0,0,1.65067604918079e-07,1.67546608409452e-06,2.89501279926441e-06,2.87243080432376e-08,3.78808279410947e-07,6.90673687020471e-07,8.29255884515767e-08,9.43139569054008e-07
"C40R99","simulation","BG_threshold","threshold","common_inference_available",2500,0.7812,0.0532,0.7812,0.7812,0,0,0,0,0,0,0,0,1953,1953,0,0,1.62896732991413e-07,1.64962233206722e-06,2.86163289686669e-06,2.85980098491123e-08,3.78808279410947e-07,6.90673687020471e-07,8.22880152906436e-08,9.39626293439133e-07
"C100R99","simulation","BG_threshold","threshold","all_outputs",2500,1,0.0044,0.9956,0.9956,0,0,0,0,0,0,0,0,2489,2489,0,0,1.12321856260422e-07,1.35327890227188e-06,3.20828462996303e-06,1.99039451587169e-08,4.29551170189058e-07,7.20667312381629e-07,5.99459806238656e-08,7.33263342933554e-07
"C100R99","simulation","BG_threshold","threshold","both_point_converged",2500,0.9956,0.0044,0.9956,0.9956,0,0,0,0,0,0,0,0,2489,2489,0,0,1.12321856260422e-07,1.35327890227188e-06,3.20828462996303e-06,1.99039451587169e-08,4.29551170189058e-07,7.20667312381629e-07,5.99459806238656e-08,7.33263342933554e-07
"C100R99","simulation","BG_threshold","threshold","common_point_converged",2500,0.9748,0.0044,0.9748,0.9748,0,0,0,0,0,0,0,0,2437,2437,0,0,1.10525264496175e-07,1.31008602988203e-06,2.54534456445299e-06,1.99039451587169e-08,4.29551170189058e-07,7.20667312381629e-07,5.92802630317024e-08,7.16527910338272e-07
"C100R99","simulation","BG_threshold","threshold","common_inference_available",2500,0.9744,0.0044,0.9744,0.9744,0,0,0,0,0,0,0,0,2436,2436,0,0,1.10319382518043e-07,1.31008602988203e-06,2.54534456445299e-06,1.99039451587169e-08,4.29551170189058e-07,7.20667312381629e-07,5.90959294832771e-08,7.16527910338272e-07
"E020R1","exact","SAS_algorithm_default","algorithm","all_outputs",121,1,0.0165289256198347,0.983471074380165,0.983471074380165,0,0,0,0,,,0,0,119,119,0,0,4.44089209850063e-16,1.48681067457801e-14,2.30926389122033e-14,0,6.66133814775094e-16,8.88178419700125e-16,2.22044604925031e-16,3.83693077310453e-15
"E020R1","exact","SAS_algorithm_default","algorithm","both_point_converged",121,0.983471074380165,0.0165289256198347,0.983471074380165,0.983471074380165,0,0,0,0,,,0,0,119,119,0,0,4.44089209850063e-16,1.48681067457801e-14,2.30926389122033e-14,0,6.66133814775094e-16,8.88178419700125e-16,2.22044604925031e-16,3.83693077310453e-15
"E020R1","exact","SAS_algorithm_default","algorithm","common_point_converged",121,0.966942148760331,0.0165289256198347,0.966942148760331,0.966942148760331,0,0,0,0,,,0,0,117,117,0,0,4.44089209850063e-16,1.49924517245381e-14,2.30926389122033e-14,0,6.66133814775094e-16,8.88178419700125e-16,2.22044604925031e-16,3.85469434149855e-15
"E020R1","exact","SAS_algorithm_default","algorithm","common_inference_available",121,0.966942148760331,0.0165289256198347,0.966942148760331,0.966942148760331,0,0,0,0,,,0,0,117,117,0,0,4.44089209850063e-16,1.49924517245381e-14,2.30926389122033e-14,0,6.66133814775094e-16,8.88178419700125e-16,2.22044604925031e-16,3.85469434149855e-15
"E050R1","exact","SAS_algorithm_default","algorithm","all_outputs",676,1,0.0029585798816568,0.997041420118343,0.997041420118343,0,0,0,0,,,0,0,674,674,0,0,2.22044604925031e-16,4.68070027181964e-15,6.57252030578093e-14,0,8.27393709101896e-16,4.9960036108132e-15,1.11022302462516e-16,2.78443934575988e-15
"E050R1","exact","SAS_algorithm_default","algorithm","both_point_converged",676,0.997041420118343,0.0029585798816568,0.997041420118343,0.997041420118343,0,0,0,0,,,0,0,674,674,0,0,2.22044604925031e-16,4.68070027181964e-15,6.57252030578093e-14,0,8.27393709101896e-16,4.9960036108132e-15,1.11022302462516e-16,2.78443934575988e-15
"E050R1","exact","SAS_algorithm_default","algorithm","common_point_converged",676,0.994082840236686,0.0029585798816568,0.994082840236686,0.994082840236686,0,0,0,0,,,0,0,672,672,0,0,2.22044604925031e-16,4.69846384021363e-15,6.57252030578093e-14,0,8.29059043638833e-16,4.9960036108132e-15,1.11022302462516e-16,2.79332112995688e-15
"E050R1","exact","SAS_algorithm_default","algorithm","common_inference_available",676,0.994082840236686,0.0029585798816568,0.994082840236686,0.994082840236686,0,0,0,0,,,0,0,672,672,0,0,2.22044604925031e-16,4.69846384021363e-15,6.57252030578093e-14,0,8.29059043638833e-16,4.9960036108132e-15,1.11022302462516e-16,2.79332112995688e-15
"E100R1","exact","SAS_algorithm_default","algorithm","all_outputs",2601,1,0.000768935024990388,0.99923106497501,0.99923106497501,0,0,0,0,,,0,0,2599,2599,0,0,1.11022302462516e-16,7.105427357601e-15,2.16715534406831e-13,0,1.77635683940025e-15,6.43929354282591e-15,0,4.00568467284756e-15
"E100R1","exact","SAS_algorithm_default","algorithm","both_point_converged",2601,0.99923106497501,0.000768935024990388,0.99923106497501,0.99923106497501,0,0,0,0,,,0,0,2599,2599,0,0,1.11022302462516e-16,7.105427357601e-15,2.16715534406831e-13,0,1.77635683940025e-15,6.43929354282591e-15,0,4.00568467284756e-15
"E100R1","exact","SAS_algorithm_default","algorithm","common_point_converged",2601,0.998462129950019,0.000768935024990388,0.998462129950019,0.998462129950019,0,0,0,0,,,0,0,2597,2597,0,0,1.11022302462516e-16,7.105427357601e-15,2.16715534406831e-13,0,1.77635683940025e-15,6.43929354282591e-15,0,4.01456645704455e-15
"E100R1","exact","SAS_algorithm_default","algorithm","common_inference_available",2601,0.991541714725106,0.000768935024990388,0.991541714725106,0.991541714725106,0,0,0,0,,,0,0,2579,2579,0,0,1.11022302462516e-16,7.105427357601e-15,2.16715534406831e-13,0,1.77635683940025e-15,6.43929354282591e-15,0,3.5527136788005e-15
"E200R1","exact","SAS_algorithm_default","algorithm","all_outputs",10201,1,0.000196059209881384,0.999803940790118,0.999803940790118,0,0,0,0,,,0,0,10199,10199,0,0,0,5.77315972805081e-15,6.13731288012787e-13,0,1.77635683940025e-15,3.19466675335889e-14,0,4.44089209850063e-15
"E200R1","exact","SAS_algorithm_default","algorithm","both_point_converged",10201,0.999803940790118,0.000196059209881384,0.999803940790118,0.999803940790118,0,0,0,0,,,0,0,10199,10199,0,0,0,5.77315972805081e-15,6.13731288012787e-13,0,1.77635683940025e-15,3.19466675335889e-14,0,4.44089209850063e-15
"E200R1","exact","SAS_algorithm_default","algorithm","common_point_converged",10201,0.999607881580237,0.000196059209881384,0.999607881580237,0.999607881580237,0,0,0,0,,,0,0,10197,10197,0,0,0,5.77315972805081e-15,6.13731288012787e-13,0,1.77635683940025e-15,3.19466675335889e-14,0,4.44089209850063e-15
"E200R1","exact","SAS_algorithm_default","algorithm","common_inference_available",10201,0.986962062542888,0.000196059209881384,0.986962062542888,0.986962062542888,0,0,0,0,,,0,0,10068,10068,0,0,0,5.32907051820075e-15,6.13731288012787e-13,0,1.77635683940025e-15,1.46549439250521e-14,0,3.99680288865056e-15
"E020R4","exact","SAS_algorithm_default","algorithm","all_outputs",85,1,0.0235294117647059,0.976470588235294,0.976470588235294,0,0,0,0,,,0,0,83,83,0,0,4.44089209850063e-16,1.27542421068938e-14,1.4210854715202e-14,1.11022302462516e-16,4.74065231514941e-16,6.10622663543836e-16,2.22044604925031e-16,5.40900657597376e-15
"E020R4","exact","SAS_algorithm_default","algorithm","both_point_converged",85,0.976470588235294,0.0235294117647059,0.976470588235294,0.976470588235294,0,0,0,0,,,0,0,83,83,0,0,4.44089209850063e-16,1.27542421068938e-14,1.4210854715202e-14,1.11022302462516e-16,4.74065231514941e-16,6.10622663543836e-16,2.22044604925031e-16,5.40900657597376e-15
"E020R4","exact","SAS_algorithm_default","algorithm","common_point_converged",85,0.952941176470588,0.0235294117647059,0.952941176470588,0.952941176470588,0,0,0,0,,,0,0,81,81,0,0,4.44089209850063e-16,1.27897692436818e-14,1.4210854715202e-14,1.11022302462516e-16,4.77395900588818e-16,6.10622663543836e-16,2.22044604925031e-16,5.41788836017077e-15
"E020R4","exact","SAS_algorithm_default","algorithm","common_inference_available",85,0.952941176470588,0.0235294117647059,0.952941176470588,0.952941176470588,0,0,0,0,,,0,0,81,81,0,0,4.44089209850063e-16,1.27897692436818e-14,1.4210854715202e-14,1.11022302462516e-16,4.77395900588818e-16,6.10622663543836e-16,2.22044604925031e-16,5.41788836017077e-15
"E050R4","exact","SAS_algorithm_default","algorithm","all_outputs",451,1,0.00443458980044346,0.995565410199557,0.995565410199557,0,0,0,0,,,0,0,449,449,0,0,4.44089209850063e-16,9.80548975348935e-15,7.28306304154103e-14,0,6.66133814775094e-16,1.55431223447522e-15,1.11022302462516e-16,3.5527136788005e-15
"E050R4","exact","SAS_algorithm_default","algorithm","both_point_converged",451,0.995565410199557,0.00443458980044346,0.995565410199557,0.995565410199557,0,0,0,0,,,0,0,449,449,0,0,4.44089209850063e-16,9.80548975348935e-15,7.28306304154103e-14,0,6.66133814775094e-16,1.55431223447522e-15,1.11022302462516e-16,3.5527136788005e-15
"E050R4","exact","SAS_algorithm_default","algorithm","common_point_converged",451,0.991130820399113,0.00443458980044346,0.991130820399113,0.991130820399113,0,0,0,0,,,0,0,447,447,0,0,4.44089209850063e-16,4.51194637207667e-15,7.28306304154103e-14,0,6.66133814775094e-16,1.55431223447522e-15,1.11022302462516e-16,2.66453525910038e-15
"E050R4","exact","SAS_algorithm_default","algorithm","common_inference_available",451,0.991130820399113,0.00443458980044346,0.991130820399113,0.991130820399113,0,0,0,0,,,0,0,447,447,0,0,4.44089209850063e-16,4.51194637207667e-15,7.28306304154103e-14,0,6.66133814775094e-16,1.55431223447522e-15,1.11022302462516e-16,2.66453525910038e-15
"E100R4","exact","SAS_algorithm_default","algorithm","all_outputs",1701,1,0.00117577895355673,0.998824221046443,0.998824221046443,0,0,0,0,,,0,0,1699,1699,0,0,2.22044604925031e-16,5.32907051820075e-15,2.8244073746464e-13,0,9.99200722162641e-16,4.21884749357559e-15,0,3.33233440841241e-15
"E100R4","exact","SAS_algorithm_default","algorithm","both_point_converged",1701,0.998824221046443,0.00117577895355673,0.998824221046443,0.998824221046443,0,0,0,0,,,0,0,1699,1699,0,0,2.22044604925031e-16,5.32907051820075e-15,2.8244073746464e-13,0,9.99200722162641e-16,4.21884749357559e-15,0,3.33233440841241e-15
"E100R4","exact","SAS_algorithm_default","algorithm","common_point_converged",1701,0.997648442092887,0.00117577895355673,0.997648442092887,0.997648442092887,0,0,0,0,,,0,0,1697,1697,0,0,2.22044604925031e-16,5.32907051820075e-15,2.8244073746464e-13,0,9.99200722162641e-16,4.21884749357559e-15,0,3.33399974294934e-15
"E100R4","exact","SAS_algorithm_default","algorithm","common_inference_available",1701,0.997648442092887,0.00117577895355673,0.997648442092887,0.997648442092887,0,0,0,0,,,0,0,1697,1697,0,0,2.22044604925031e-16,5.32907051820075e-15,2.8244073746464e-13,0,9.99200722162641e-16,4.21884749357559e-15,0,3.33399974294934e-15
"E200R4","exact","SAS_algorithm_default","algorithm","all_outputs",6601,1,0.00030298439630359,0.999697015603697,0.999697015603697,0,0,0,0,,,0,0,6599,6599,0,0,0,6.21724893790088e-15,1.31805677483499e-12,0,1.38888900380604e-15,1.14352971536391e-14,0,4.88498130835069e-15
"E200R4","exact","SAS_algorithm_default","algorithm","both_point_converged",6601,0.999697015603697,0.00030298439630359,0.999697015603697,0.999697015603697,0,0,0,0,,,0,0,6599,6599,0,0,0,6.21724893790088e-15,1.31805677483499e-12,0,1.38888900380604e-15,1.14352971536391e-14,0,4.88498130835069e-15
"E200R4","exact","SAS_algorithm_default","algorithm","common_point_converged",6601,0.999394031207393,0.00030298439630359,0.999394031207393,0.999394031207393,0,0,0,0,,,0,0,6597,6597,0,0,0,6.21724893790088e-15,1.31805677483499e-12,0,1.38999922683069e-15,1.14352971536391e-14,0,4.88498130835069e-15
"E200R4","exact","SAS_algorithm_default","algorithm","common_inference_available",6601,0.995152249659143,0.00030298439630359,0.995152249659143,0.995152249659143,0,0,0,0,,,0,0,6569,6569,0,0,0,6.21724893790088e-15,1.31805677483499e-12,0,1.40554234917543e-15,1.14352971536391e-14,0,4.44089209850063e-15
"C40R00","simulation","SAS_algorithm_default","algorithm","all_outputs",2500,1,0.048,0.952,0.952,0,0,0,0,0,0,0,0,2380,2380,0.0448,0,8.88178419700125e-16,8.88178419700125e-15,6.75015598972095e-14,1.11022302462516e-16,7.7715611723761e-16,1.55431223447522e-15,2.77555756156289e-16,3.5527136788005e-15
"C40R00","simulation","SAS_algorithm_default","algorithm","both_point_converged",2500,0.9072,0.048,0.9072,0.9072,0,0,0,0,0,0,0,0,2268,2268,0,0,6.66133814775094e-16,8.43769498715119e-15,3.5527136788005e-14,1.11022302462516e-16,6.66133814775094e-16,9.99200722162641e-16,2.4980018054066e-16,3.33066907387547e-15
"C40R00","simulation","SAS_algorithm_default","algorithm","common_point_converged",2500,0.8668,0.048,0.8668,0.8668,0,0,0,0,0,0,0,0,2167,2167,0,0,6.66133814775094e-16,7.105427357601e-15,3.5527136788005e-14,1.11022302462516e-16,6.66133814775094e-16,8.88178419700125e-16,2.22044604925031e-16,2.88657986402541e-15
"C40R00","simulation","SAS_algorithm_default","algorithm","common_inference_available",2500,0.8568,0.048,0.8568,0.8568,0,0,0,0,0,0,0,0,2142,2142,0,0,6.66133814775094e-16,7.105427357601e-15,1.95399252334028e-14,1.11022302462516e-16,6.66133814775094e-16,8.88178419700125e-16,2.22044604925031e-16,2.66453525910038e-15
"C100R00","simulation","SAS_algorithm_default","algorithm","all_outputs",2500,1,0.0032,0.9968,0.9968,0,0,0,0,0,0,0,0,2492,2492,0.0048,0,4.44089209850063e-16,2.66453525910038e-15,4.61852778244065e-14,1.11022302462516e-16,5.27355936696949e-16,1.55431223447522e-15,1.38777878078145e-16,1.33226762955019e-15
"C100R00","simulation","SAS_algorithm_default","algorithm","both_point_converged",2500,0.992,0.0032,0.992,0.992,0,0,0,0,0,0,0,0,2480,2480,0,0,4.44089209850063e-16,2.66453525910038e-15,4.61852778244065e-14,1.11022302462516e-16,5.27355936696949e-16,1.55431223447522e-15,1.31838984174237e-16,1.11022302462516e-15
"C100R00","simulation","SAS_algorithm_default","algorithm","common_point_converged",2500,0.9832,0.0032,0.9832,0.9832,0,0,0,0,0,0,0,0,2458,2458,0,0,4.44089209850063e-16,1.77635683940025e-15,4.61852778244065e-14,1.11022302462516e-16,4.44089209850063e-16,1.55431223447522e-15,1.11022302462516e-16,8.88178419700125e-16
"C100R00","simulation","SAS_algorithm_default","algorithm","common_inference_available",2500,0.9828,0.0032,0.9828,0.9828,0,0,0,0,0,0,0,0,2457,2457,0,0,4.44089209850063e-16,1.77635683940025e-15,4.61852778244065e-14,1.11022302462516e-16,4.44089209850063e-16,1.55431223447522e-15,1.14491749414469e-16,8.88178419700125e-16
"C40R50","simulation","SAS_algorithm_default","algorithm","all_outputs",2500,1,0.048,0.952,0.952,0,0,0,0,0,0,0,0,2380,2380,0.0552,0,8.88178419700125e-16,9.76996261670138e-15,1.77635683940025e-13,1.11022302462516e-16,8.88178419700125e-16,4.77395900588817e-15,3.33066907387547e-16,3.99680288865056e-15
"C40R50","simulation","SAS_algorithm_default","algorithm","both_point_converged",2500,0.8968,0.048,0.8968,0.8968,0,0,0,0,0,0,0,0,2242,2242,0,0,8.88178419700125e-16,7.105427357601e-15,5.77315972805081e-14,1.11022302462516e-16,7.7715611723761e-16,1.77635683940025e-15,2.77555756156289e-16,3.33066907387547e-15
"C40R50","simulation","SAS_algorithm_default","algorithm","common_point_converged",2500,0.8516,0.048,0.8516,0.8516,0,0,0,0,0,0,0,0,2129,2129,0,0,8.88178419700125e-16,7.105427357601e-15,2.30926389122033e-14,1.11022302462516e-16,7.7715611723761e-16,1.55431223447522e-15,2.63677968348475e-16,3.10862446895044e-15
"C40R50","simulation","SAS_algorithm_default","algorithm","common_inference_available",2500,0.8404,0.048,0.8404,0.8404,0,0,0,0,0,0,0,0,2101,2101,0,0,8.88178419700125e-16,6.21724893790088e-15,1.59872115546023e-14,1.11022302462516e-16,6.66133814775094e-16,1.55431223447522e-15,2.4980018054066e-16,2.88657986402541e-15
"C100R50","simulation","SAS_algorithm_default","algorithm","all_outputs",2500,1,0.004,0.996,0.996,0,0,0,0,0,0,0,0,2490,2490,0.0036,0,4.44089209850063e-16,3.5527136788005e-15,3.19744231092045e-14,1.11022302462516e-16,4.9960036108132e-16,1.66533453693773e-15,1.66533453693773e-16,1.4432899320127e-15
"C100R50","simulation","SAS_algorithm_default","algorithm","both_point_converged",2500,0.9924,0.004,0.9924,0.9924,0,0,0,0,0,0,0,0,2481,2481,0,0,4.44089209850063e-16,3.10862446895044e-15,3.19744231092045e-14,1.11022302462516e-16,4.9960036108132e-16,1.66533453693773e-15,1.66533453693773e-16,1.33226762955019e-15
"C100R50","simulation","SAS_algorithm_default","algorithm","common_point_converged",2500,0.982,0.004,0.982,0.982,0,0,0,0,0,0,0,0,2455,2455,0,0,4.44089209850063e-16,2.66453525910038e-15,3.19744231092045e-14,1.11022302462516e-16,4.9960036108132e-16,1.66533453693773e-15,1.66533453693773e-16,1.33226762955019e-15
"C100R50","simulation","SAS_algorithm_default","algorithm","common_inference_available",2500,0.9816,0.004,0.9816,0.9816,0,0,0,0,0,0,0,0,2454,2454,0,0,4.44089209850063e-16,2.66453525910038e-15,3.19744231092045e-14,1.11022302462516e-16,4.9960036108132e-16,1.66533453693773e-15,1.66533453693773e-16,1.33226762955019e-15
"C40R90","simulation","SAS_algorithm_default","algorithm","all_outputs",2500,1,0.0524,0.9476,0.9476,0,0,0,0,0,0,0,0,2369,2369,0.0708,0,8.88178419700125e-16,1.77635683940025e-14,4.38760139331862e-13,2.22044604925031e-16,1.77635683940025e-15,2.58681964737661e-14,4.44089209850063e-16,7.54951656745106e-15
"C40R90","simulation","SAS_algorithm_default","algorithm","both_point_converged",2500,0.8768,0.0524,0.8768,0.8768,0,0,0,0,0,0,0,0,2192,2192,0,0,8.88178419700125e-16,1.24344978758018e-14,1.20792265079217e-13,2.22044604925031e-16,1.33226762955019e-15,3.88578058618805e-15,4.44089209850063e-16,5.77315972805081e-15
"C40R90","simulation","SAS_algorithm_default","algorithm","common_point_converged",2500,0.8172,0.0524,0.8172,0.8172,0,0,0,0,0,0,0,0,2043,2043,0,0,8.88178419700125e-16,9.76996261670138e-15,4.08562073062058e-14,2.22044604925031e-16,1.11022302462516e-15,2.44249065417534e-15,4.16333634234434e-16,4.10782519111308e-15
"C40R90","simulation","SAS_algorithm_default","algorithm","common_inference_available",2500,0.8088,0.0524,0.8088,0.8088,0,0,0,0,0,0,0,0,2022,2022,0,0,8.88178419700125e-16,9.76996261670138e-15,4.08562073062058e-14,2.22044604925031e-16,1.11022302462516e-15,2.44249065417534e-15,3.88578058618805e-16,3.99680288865056e-15
"C100R90","simulation","SAS_algorithm_default","algorithm","all_outputs",2500,1,0.0044,0.9956,0.9956,0,0,0,0,0,0,0,0,2489,2489,0.0056,0,4.44089209850063e-16,7.105427357601e-15,4.70734562441066e-14,1.11022302462516e-16,7.7715611723761e-16,5.32907051820075e-15,2.22044604925031e-16,2.66453525910038e-15
"C100R90","simulation","SAS_algorithm_default","algorithm","both_point_converged",2500,0.99,0.0044,0.99,0.99,0,0,0,0,0,0,0,0,2475,2475,0,0,4.44089209850063e-16,6.21724893790088e-15,4.70734562441066e-14,1.11022302462516e-16,6.66133814775094e-16,5.32907051820075e-15,2.22044604925031e-16,2.44249065417534e-15
"C100R90","simulation","SAS_algorithm_default","algorithm","common_point_converged",2500,0.9792,0.0044,0.9792,0.9792,0,0,0,0,0,0,0,0,2448,2448,0,0,4.44089209850063e-16,5.32907051820075e-15,3.73034936274053e-14,1.11022302462516e-16,6.66133814775094e-16,5.32907051820075e-15,2.22044604925031e-16,2.22044604925031e-15
"C100R90","simulation","SAS_algorithm_default","algorithm","common_inference_available",2500,0.9792,0.0044,0.9792,0.9792,0,0,0,0,0,0,0,0,2448,2448,0,0,4.44089209850063e-16,5.32907051820075e-15,3.73034936274053e-14,1.11022302462516e-16,6.66133814775094e-16,5.32907051820075e-15,2.22044604925031e-16,2.22044604925031e-15
"C40R99","simulation","SAS_algorithm_default","algorithm","all_outputs",2500,1,0.0532,0.9468,0.9468,0,0,0,0,0,0,0,0,2367,2367,0.0736,0,5.77315972805081e-15,1.60760293965723e-13,3.19566595408105e-12,6.66133814775094e-16,1.24344978758018e-14,9.44799793956008e-14,1.77635683940025e-15,7.63833440942108e-14
"C40R99","simulation","SAS_algorithm_default","algorithm","both_point_converged",2500,0.8732,0.0532,0.8732,0.8732,0,0,0,0,0,0,0,0,2183,2183,0,0,4.88498130835069e-15,1.08357767203415e-13,4.60520510614515e-13,6.66133814775094e-16,1.04360964314765e-14,6.13953332617712e-14,1.72084568816899e-15,5.50670620214078e-14
"C40R99","simulation","SAS_algorithm_default","algorithm","common_point_converged",2500,0.7896,0.0532,0.7896,0.7896,0,0,0,0,0,0,0,0,1974,1974,0,0,4.44089209850063e-15,8.70414851306123e-14,2.52242671194836e-13,5.55111512312578e-16,7.43849426498855e-15,1.77635683940025e-14,1.47104550762833e-15,3.28626015289046e-14
"C40R99","simulation","SAS_algorithm_default","algorithm","common_inference_available",2500,0.7812,0.0532,0.7812,0.7812,0,0,0,0,0,0,0,0,1953,1953,0,0,4.44089209850063e-15,8.70414851306123e-14,2.52242671194836e-13,5.55111512312578e-16,7.43849426498855e-15,1.77635683940025e-14,1.4432899320127e-15,3.28626015289046e-14
"C100R99","simulation","SAS_algorithm_default","algorithm","all_outputs",2500,1,0.0044,0.9956,0.9956,0,0,0,0,0,0,0,0,2489,2489,0.006,0,2.66453525910038e-15,5.90638649100583e-14,3.5260683262095e-13,3.33066907387547e-16,5.99520433297585e-15,5.20694598549198e-14,8.88178419700125e-16,2.53130849614536e-14
"C100R99","simulation","SAS_algorithm_default","algorithm","both_point_converged",2500,0.9896,0.0044,0.9896,0.9896,0,0,0,0,0,0,0,0,2474,2474,0,0,2.66453525910038e-15,5.41788836017076e-14,3.5260683262095e-13,3.33066907387547e-16,5.88418203051333e-15,5.20694598549198e-14,8.88178419700125e-16,2.22044604925031e-14
"C100R99","simulation","SAS_algorithm_default","algorithm","common_point_converged",2500,0.9748,0.0044,0.9748,0.9748,0,0,0,0,0,0,0,0,2437,2437,0,0,2.66453525910038e-15,4.2632564145606e-14,2.29150032282632e-13,3.33066907387547e-16,5.21804821573824e-15,1.55431223447522e-14,8.88178419700125e-16,1.79856129989275e-14
"C100R99","simulation","SAS_algorithm_default","algorithm","common_inference_available",2500,0.9744,0.0044,0.9744,0.9744,0,0,0,0,0,0,0,0,2436,2436,0,0,2.66453525910038e-15,4.2632564145606e-14,2.29150032282632e-13,3.33066907387547e-16,5.21804821573824e-15,1.55431223447522e-14,8.88178419700125e-16,1.79856129989275e-14
"E020R1","exact","SAS_algorithm_tight","algorithm","all_outputs",121,1,0.0165289256198347,0.983471074380165,0.983471074380165,0,0,0,0,,,0,0,119,119,0,0,4.44089209850063e-16,2.1653789872289e-14,2.30926389122033e-14,2.77555756156289e-17,6.66133814775094e-16,6.93889390390723e-16,2.22044604925031e-16,7.11430914179797e-15
"E020R1","exact","SAS_algorithm_tight","algorithm","both_point_converged",121,0.983471074380165,0.0165289256198347,0.983471074380165,0.983471074380165,0,0,0,0,,,0,0,119,119,0,0,4.44089209850063e-16,2.1653789872289e-14,2.30926389122033e-14,2.77555756156289e-17,6.66133814775094e-16,6.93889390390723e-16,2.22044604925031e-16,7.11430914179797e-15
"E020R1","exact","SAS_algorithm_tight","algorithm","common_point_converged",121,0.966942148760331,0.0165289256198347,0.966942148760331,0.966942148760331,0,0,0,0,,,0,0,117,117,0,0,4.44089209850063e-16,2.18136619878351e-14,2.30926389122033e-14,1.38777878078145e-17,6.66133814775094e-16,6.93889390390723e-16,2.22044604925031e-16,7.21200876796503e-15
"E020R1","exact","SAS_algorithm_tight","algorithm","common_inference_available",121,0.966942148760331,0.0165289256198347,0.966942148760331,0.966942148760331,0,0,0,0,,,0,0,117,117,0,0,4.44089209850063e-16,2.18136619878351e-14,2.30926389122033e-14,1.38777878078145e-17,6.66133814775094e-16,6.93889390390723e-16,2.22044604925031e-16,7.21200876796503e-15
"E050R1","exact","SAS_algorithm_tight","algorithm","all_outputs",676,1,0.0029585798816568,0.997041420118343,0.997041420118343,0,0,0,0,,,0,0,674,674,0,0,2.22044604925031e-16,8.88178419700125e-15,7.19424519957101e-14,5.42101086242752e-20,1.11022302462516e-15,3.13638004456607e-15,1.52655665885959e-16,3.79252185211952e-15
"E050R1","exact","SAS_algorithm_tight","algorithm","both_point_converged",676,0.997041420118343,0.0029585798816568,0.997041420118343,0.997041420118343,0,0,0,0,,,0,0,674,674,0,0,2.22044604925031e-16,8.88178419700125e-15,7.19424519957101e-14,5.42101086242752e-20,1.11022302462516e-15,3.13638004456607e-15,1.52655665885959e-16,3.79252185211952e-15
"E050R1","exact","SAS_algorithm_tight","algorithm","common_point_converged",676,0.994082840236686,0.0029585798816568,0.994082840236686,0.994082840236686,0,0,0,0,,,0,0,672,672,0,0,2.22044604925031e-16,8.88178419700125e-15,7.19424519957101e-14,5.42101086242752e-20,1.11022302462516e-15,3.13638004456607e-15,1.2490009027033e-16,3.8102854205135e-15
"E050R1","exact","SAS_algorithm_tight","algorithm","common_inference_available",676,0.994082840236686,0.0029585798816568,0.994082840236686,0.994082840236686,0,0,0,0,,,0,0,672,672,0,0,2.22044604925031e-16,8.88178419700125e-15,7.19424519957101e-14,5.42101086242752e-20,1.11022302462516e-15,3.13638004456607e-15,1.2490009027033e-16,3.8102854205135e-15
"E100R1","exact","SAS_algorithm_tight","algorithm","all_outputs",2601,1,0.000768935024990388,0.99923106497501,0.99923106497501,0,0,0,0,,,0,0,2599,2599,0,0,2.22044604925031e-16,7.99360577730113e-15,2.55795384873636e-13,8.27180612553028e-25,1.55431223447522e-15,1.4210854715202e-14,1.11022302462516e-16,4.22328838567409e-15
"E100R1","exact","SAS_algorithm_tight","algorithm","both_point_converged",2601,0.99923106497501,0.000768935024990388,0.99923106497501,0.99923106497501,0,0,0,0,,,0,0,2599,2599,0,0,2.22044604925031e-16,7.99360577730113e-15,2.55795384873636e-13,8.27180612553028e-25,1.55431223447522e-15,1.4210854715202e-14,1.11022302462516e-16,4.22328838567409e-15
"E100R1","exact","SAS_algorithm_tight","algorithm","common_point_converged",2601,0.998462129950019,0.000768935024990388,0.998462129950019,0.998462129950019,0,0,0,0,,,0,0,2597,2597,0,0,2.22044604925031e-16,7.99360577730113e-15,2.55795384873636e-13,1.65436122510606e-24,1.55431223447522e-15,1.4210854715202e-14,1.11022302462516e-16,4.22772927777259e-15
"E100R1","exact","SAS_algorithm_tight","algorithm","common_inference_available",2601,0.991541714725106,0.000768935024990388,0.991541714725106,0.991541714725106,0,0,0,0,,,0,0,2579,2579,0,0,2.22044604925031e-16,7.105427357601e-15,2.55795384873636e-13,1.65436122510606e-24,1.55431223447522e-15,1.4210854715202e-14,1.11022302462516e-16,3.5527136788005e-15
"E200R1","exact","SAS_algorithm_tight","algorithm","all_outputs",10201,1,0.000196059209881384,0.999803940790118,0.999803940790118,0,0,0,0,,,0,0,10199,10199,0,0,0,6.88782364477457e-15,1.03206332369155e-12,0,2.55351295663786e-15,1.12132525487141e-14,0,4.44089209850063e-15
"E200R1","exact","SAS_algorithm_tight","algorithm","both_point_converged",10201,0.999803940790118,0.000196059209881384,0.999803940790118,0.999803940790118,0,0,0,0,,,0,0,10199,10199,0,0,0,6.88782364477457e-15,1.03206332369155e-12,0,2.55351295663786e-15,1.12132525487141e-14,0,4.44089209850063e-15
"E200R1","exact","SAS_algorithm_tight","algorithm","common_point_converged",10201,0.999607881580237,0.000196059209881384,0.999607881580237,0.999607881580237,0,0,0,0,,,0,0,10197,10197,0,0,0,6.89226453687276e-15,1.03206332369155e-12,0,2.55351295663786e-15,1.12132525487141e-14,0,4.44089209850063e-15
"E200R1","exact","SAS_algorithm_tight","algorithm","common_inference_available",10201,0.986962062542888,0.000196059209881384,0.986962062542888,0.986962062542888,0,0,0,0,,,0,0,10068,10068,0,0,0,5.32907051820075e-15,2.1316282072803e-13,0,2.44249065417534e-15,1.12132525487141e-14,0,4.16305878658817e-15
"E020R4","exact","SAS_algorithm_tight","algorithm","all_outputs",85,1,0.0235294117647059,0.976470588235294,0.976470588235294,0,0,0,0,,,0,0,83,83,0.0235294117647059,0,4.44089209850063e-16,3.5527136788005e-15,3.5527136788005e-15,0,5.55111512312578e-16,5.55111512312578e-16,2.22044604925031e-16,1.93622895494627e-15
"E020R4","exact","SAS_algorithm_tight","algorithm","both_point_converged",85,0.952941176470588,0.0235294117647059,0.952941176470588,0.952941176470588,0,0,0,0,,,0,0,81,81,0,0,4.44089209850063e-16,2.8421709430404e-15,3.5527136788005e-15,0,5.55111512312578e-16,5.55111512312578e-16,2.22044604925031e-16,1.95399252334028e-15
"E020R4","exact","SAS_algorithm_tight","algorithm","common_point_converged",85,0.952941176470588,0.0235294117647059,0.952941176470588,0.952941176470588,0,0,0,0,,,0,0,81,81,0,0,4.44089209850063e-16,2.8421709430404e-15,3.5527136788005e-15,0,5.55111512312578e-16,5.55111512312578e-16,2.22044604925031e-16,1.95399252334028e-15
"E020R4","exact","SAS_algorithm_tight","algorithm","common_inference_available",85,0.952941176470588,0.0235294117647059,0.952941176470588,0.952941176470588,0,0,0,0,,,0,0,81,81,0,0,4.44089209850063e-16,2.8421709430404e-15,3.5527136788005e-15,0,5.55111512312578e-16,5.55111512312578e-16,2.22044604925031e-16,1.95399252334028e-15
"E050R4","exact","SAS_algorithm_tight","algorithm","all_outputs",451,1,0.00443458980044346,0.995565410199557,0.995565410199557,0,0,0,0,,,0,0,449,449,0,0,4.44089209850063e-16,5.7909232964448e-15,3.90798504668055e-14,3.46944695195361e-18,8.34887714518116e-16,1.77635683940025e-15,1.11022302462516e-16,1.94511073914327e-15
"E050R4","exact","SAS_algorithm_tight","algorithm","both_point_converged",451,0.995565410199557,0.00443458980044346,0.995565410199557,0.995565410199557,0,0,0,0,,,0,0,449,449,0,0,4.44089209850063e-16,5.7909232964448e-15,3.90798504668055e-14,3.46944695195361e-18,8.34887714518116e-16,1.77635683940025e-15,1.11022302462516e-16,1.94511073914327e-15
"E050R4","exact","SAS_algorithm_tight","algorithm","common_point_converged",451,0.991130820399113,0.00443458980044346,0.991130820399113,0.991130820399113,0,0,0,0,,,0,0,447,447,0,0,4.44089209850063e-16,5.80868686483884e-15,3.90798504668055e-14,3.46944695195361e-18,8.3710816056737e-16,1.77635683940025e-15,1.11022302462516e-16,1.94733118519253e-15
"E050R4","exact","SAS_algorithm_tight","algorithm","common_inference_available",451,0.991130820399113,0.00443458980044346,0.991130820399113,0.991130820399113,0,0,0,0,,,0,0,447,447,0,0,4.44089209850063e-16,5.80868686483884e-15,3.90798504668055e-14,3.46944695195361e-18,8.3710816056737e-16,1.77635683940025e-15,1.11022302462516e-16,1.94733118519253e-15
"E100R4","exact","SAS_algorithm_tight","algorithm","all_outputs",1701,1,0.00117577895355673,0.998824221046443,0.998824221046443,0,0,0,0,,,0,0,1699,1699,0,0,2.22044604925031e-16,5.32907051820075e-15,3.36619621066347e-13,3.3881317890172e-21,1.1124434706744e-15,2.77555756156289e-15,1.11022302462516e-16,3.33510996597397e-15
"E100R4","exact","SAS_algorithm_tight","algorithm","both_point_converged",1701,0.998824221046443,0.00117577895355673,0.998824221046443,0.998824221046443,0,0,0,0,,,0,0,1699,1699,0,0,2.22044604925031e-16,5.32907051820075e-15,3.36619621066347e-13,3.3881317890172e-21,1.1124434706744e-15,2.77555756156289e-15,1.11022302462516e-16,3.33510996597397e-15
"E100R4","exact","SAS_algorithm_tight","algorithm","common_point_converged",1701,0.997648442092887,0.00117577895355673,0.997648442092887,0.997648442092887,0,0,0,0,,,0,0,1697,1697,0,0,2.22044604925031e-16,5.32907051820075e-15,3.36619621066347e-13,3.3881317890172e-21,1.11466391672365e-15,2.77555756156289e-15,1.11022302462516e-16,3.11750625314743e-15
"E100R4","exact","SAS_algorithm_tight","algorithm","common_inference_available",1701,0.997648442092887,0.00117577895355673,0.997648442092887,0.997648442092887,0,0,0,0,,,0,0,1697,1697,0,0,2.22044604925031e-16,5.32907051820075e-15,3.36619621066347e-13,3.3881317890172e-21,1.11466391672365e-15,2.77555756156289e-15,1.11022302462516e-16,3.11750625314743e-15
"E200R4","exact","SAS_algorithm_tight","algorithm","all_outputs",6601,1,0.00030298439630359,0.999697015603697,0.999697015603697,0,0,0,0,,,0,0,6599,6599,0,0,2.22044604925031e-16,6.21724893790088e-15,7.8337336617551e-13,0,1.66644475996233e-15,1.27675647831893e-14,2.77555756156289e-17,4.88942220044908e-15
"E200R4","exact","SAS_algorithm_tight","algorithm","both_point_converged",6601,0.999697015603697,0.00030298439630359,0.999697015603697,0.999697015603697,0,0,0,0,,,0,0,6599,6599,0,0,2.22044604925031e-16,6.21724893790088e-15,7.8337336617551e-13,0,1.66644475996233e-15,1.27675647831893e-14,2.77555756156289e-17,4.88942220044908e-15
"E200R4","exact","SAS_algorithm_tight","algorithm","common_point_converged",6601,0.999394031207393,0.00030298439630359,0.999394031207393,0.999394031207393,0,0,0,0,,,0,0,6597,6597,0,0,2.22044604925031e-16,6.21724893790088e-15,7.8337336617551e-13,0,1.66755498298698e-15,1.27675647831893e-14,2.77555756156289e-17,4.89386309254768e-15
"E200R4","exact","SAS_algorithm_tight","algorithm","common_inference_available",6601,0.995152249659143,0.00030298439630359,0.995152249659143,0.995152249659143,0,0,0,0,,,0,0,6569,6569,0,0,2.22044604925031e-16,6.06625860655179e-15,1.98951966012828e-13,0,1.68309810533172e-15,1.27675647831893e-14,2.77555756156289e-17,4.69846384021363e-15
"C40R00","simulation","SAS_algorithm_tight","algorithm","all_outputs",2500,1,0.048,0.952,0.952,0,0,0,0,0,0,0,0,2380,2380,0.0404,0,8.88178419700125e-16,9.76996261670138e-15,6.03961325396085e-14,1.11022302462516e-16,7.7715611723761e-16,2.44249065417534e-15,2.77555756156289e-16,3.99680288865056e-15
"C40R00","simulation","SAS_algorithm_tight","algorithm","both_point_converged",2500,0.9116,0.048,0.9116,0.9116,0,0,0,0,0,0,0,0,2279,2279,0,0,6.66133814775094e-16,8.88178419700125e-15,4.61852778244065e-14,1.11022302462516e-16,7.7715611723761e-16,2.44249065417534e-15,2.77555756156289e-16,3.5527136788005e-15
"C40R00","simulation","SAS_algorithm_tight","algorithm","common_point_converged",2500,0.8668,0.048,0.8668,0.8668,0,0,0,0,0,0,0,0,2167,2167,0,0,6.66133814775094e-16,7.105427357601e-15,4.61852778244065e-14,1.11022302462516e-16,6.66133814775094e-16,1.22124532708767e-15,2.22044604925031e-16,3.10862446895044e-15
"C40R00","simulation","SAS_algorithm_tight","algorithm","common_inference_available",2500,0.8568,0.048,0.8568,0.8568,0,0,0,0,0,0,0,0,2142,2142,0,0,6.66133814775094e-16,7.105427357601e-15,1.77635683940025e-14,1.11022302462516e-16,6.66133814775094e-16,1.22124532708767e-15,2.22044604925031e-16,3.10862446895044e-15
"C100R00","simulation","SAS_algorithm_tight","algorithm","all_outputs",2500,1,0.0032,0.9968,0.9968,0,0,0,0,0,0,0,0,2492,2492,0.0044,0,4.44089209850063e-16,3.5527136788005e-15,1.77635683940025e-14,1.11022302462516e-16,5.27355936696949e-16,1.22124532708767e-15,1.38777878078145e-16,1.77635683940025e-15
"C100R00","simulation","SAS_algorithm_tight","algorithm","both_point_converged",2500,0.9924,0.0032,0.9924,0.9924,0,0,0,0,0,0,0,0,2481,2481,0,0,4.44089209850063e-16,3.10862446895044e-15,1.77635683940025e-14,1.11022302462516e-16,4.9960036108132e-16,1.22124532708767e-15,1.17961196366423e-16,1.55431223447522e-15
"C100R00","simulation","SAS_algorithm_tight","algorithm","common_point_converged",2500,0.9832,0.0032,0.9832,0.9832,0,0,0,0,0,0,0,0,2458,2458,0,0,4.44089209850063e-16,2.66453525910038e-15,1.4210854715202e-14,1.11022302462516e-16,4.9960036108132e-16,8.88178419700125e-16,1.11022302462516e-16,9.99200722162641e-16
"C100R00","simulation","SAS_algorithm_tight","algorithm","common_inference_available",2500,0.9828,0.0032,0.9828,0.9828,0,0,0,0,0,0,0,0,2457,2457,0,0,4.44089209850063e-16,2.66453525910038e-15,1.4210854715202e-14,1.11022302462516e-16,4.9960036108132e-16,8.88178419700125e-16,1.11022302462516e-16,9.99200722162641e-16
"C40R50","simulation","SAS_algorithm_tight","algorithm","all_outputs",2500,1,0.048,0.952,0.952,0,0,0,0,0,0,0,0,2380,2380,0.0508,0,8.88178419700125e-16,1.06581410364015e-14,4.17443857259059e-14,1.11022302462516e-16,8.88178419700125e-16,4.88498130835069e-15,3.33066907387547e-16,4.44089209850063e-15
"C40R50","simulation","SAS_algorithm_tight","algorithm","both_point_converged",2500,0.9012,0.048,0.9012,0.9012,0,0,0,0,0,0,0,0,2253,2253,0,0,8.88178419700125e-16,9.76996261670138e-15,4.17443857259059e-14,1.11022302462516e-16,7.7715611723761e-16,4.88498130835069e-15,2.77555756156289e-16,3.99680288865056e-15
"C40R50","simulation","SAS_algorithm_tight","algorithm","common_point_converged",2500,0.8516,0.048,0.8516,0.8516,0,0,0,0,0,0,0,0,2129,2129,0,0,8.88178419700125e-16,7.105427357601e-15,1.86517468137026e-14,1.11022302462516e-16,6.66133814775094e-16,2.22044604925031e-15,2.4980018054066e-16,3.10862446895044e-15
"C40R50","simulation","SAS_algorithm_tight","algorithm","common_inference_available",2500,0.8404,0.048,0.8404,0.8404,0,0,0,0,0,0,0,0,2101,2101,0,0,8.88178419700125e-16,7.105427357601e-15,1.86517468137026e-14,1.11022302462516e-16,6.66133814775094e-16,2.22044604925031e-15,2.22044604925031e-16,3.10862446895044e-15
"C100R50","simulation","SAS_algorithm_tight","algorithm","all_outputs",2500,1,0.004,0.996,0.996,0,0,0,0,0,0,0,0,2490,2490,0.0036,0,4.44089209850063e-16,3.5527136788005e-15,3.73034936274053e-14,1.11022302462516e-16,5.55111512312578e-16,1.55431223447522e-15,1.38777878078145e-16,1.77635683940025e-15
"C100R50","simulation","SAS_algorithm_tight","algorithm","both_point_converged",2500,0.9924,0.004,0.9924,0.9924,0,0,0,0,0,0,0,0,2481,2481,0,0,4.44089209850063e-16,3.5527136788005e-15,3.73034936274053e-14,1.11022302462516e-16,5.55111512312578e-16,1.55431223447522e-15,1.38777878078145e-16,1.33226762955019e-15
"C100R50","simulation","SAS_algorithm_tight","algorithm","common_point_converged",2500,0.982,0.004,0.982,0.982,0,0,0,0,0,0,0,0,2455,2455,0,0,4.44089209850063e-16,2.66453525910038e-15,1.77635683940025e-14,1.11022302462516e-16,5.55111512312578e-16,9.99200722162641e-16,1.38777878078145e-16,1.33226762955019e-15
"C100R50","simulation","SAS_algorithm_tight","algorithm","common_inference_available",2500,0.9816,0.004,0.9816,0.9816,0,0,0,0,0,0,0,0,2454,2454,0,0,4.44089209850063e-16,2.66453525910038e-15,1.77635683940025e-14,1.11022302462516e-16,5.55111512312578e-16,9.99200722162641e-16,1.38777878078145e-16,1.33226762955019e-15
"C40R90","simulation","SAS_algorithm_tight","algorithm","all_outputs",2500,1,0.0524,0.9476,0.9476,0,0,0,0,0,0,0,0,2369,2369,0.0652,0,8.88178419700125e-16,2.30926389122033e-14,1.65201186064223e-13,2.22044604925031e-16,1.33226762955019e-15,1.38777878078145e-14,4.44089209850063e-16,8.3995310706797e-15
"C40R90","simulation","SAS_algorithm_tight","algorithm","both_point_converged",2500,0.8824,0.0524,0.8824,0.8824,0,0,0,0,0,0,0,0,2206,2206,0,0,8.88178419700125e-16,1.77635683940025e-14,5.86197757002083e-14,2.22044604925031e-16,1.22124532708767e-15,9.43689570931383e-15,4.44089209850063e-16,6.88338275267597e-15
"C40R90","simulation","SAS_algorithm_tight","algorithm","common_point_converged",2500,0.8172,0.0524,0.8172,0.8172,0,0,0,0,0,0,0,0,2043,2043,0,0,8.88178419700125e-16,1.15463194561016e-14,4.44089209850063e-14,2.22044604925031e-16,9.99200722162641e-16,2.66453525910038e-15,4.44089209850063e-16,4.66293670342566e-15
"C40R90","simulation","SAS_algorithm_tight","algorithm","common_inference_available",2500,0.8088,0.0524,0.8088,0.8088,0,0,0,0,0,0,0,0,2022,2022,0,0,8.88178419700125e-16,1.06581410364015e-14,4.44089209850063e-14,2.22044604925031e-16,9.99200722162641e-16,2.1094237467878e-15,4.44089209850063e-16,4.44089209850063e-15
"C100R90","simulation","SAS_algorithm_tight","algorithm","all_outputs",2500,1,0.0044,0.9956,0.9956,0,0,0,0,0,0,0,0,2489,2489,0.0052,0,4.44089209850063e-16,7.99360577730113e-15,2.39808173319034e-14,1.11022302462516e-16,7.7715611723761e-16,5.21804821573824e-15,2.22044604925031e-16,3.10862446895044e-15
"C100R90","simulation","SAS_algorithm_tight","algorithm","both_point_converged",2500,0.9904,0.0044,0.9904,0.9904,0,0,0,0,0,0,0,0,2476,2476,0,0,4.44089209850063e-16,7.105427357601e-15,2.1094237467878e-14,1.11022302462516e-16,7.7715611723761e-16,5.21804821573824e-15,2.22044604925031e-16,2.66453525910038e-15
"C100R90","simulation","SAS_algorithm_tight","algorithm","common_point_converged",2500,0.9792,0.0044,0.9792,0.9792,0,0,0,0,0,0,0,0,2448,2448,0,0,4.44089209850063e-16,4.44089209850063e-15,2.1094237467878e-14,1.11022302462516e-16,6.66133814775094e-16,5.21804821573824e-15,2.22044604925031e-16,1.77635683940025e-15
"C100R90","simulation","SAS_algorithm_tight","algorithm","common_inference_available",2500,0.9792,0.0044,0.9792,0.9792,0,0,0,0,0,0,0,0,2448,2448,0,0,4.44089209850063e-16,4.44089209850063e-15,2.1094237467878e-14,1.11022302462516e-16,6.66133814775094e-16,5.21804821573824e-15,2.22044604925031e-16,1.77635683940025e-15
"C40R99","simulation","SAS_algorithm_tight","algorithm","all_outputs",2500,1,0.0532,0.9468,0.9468,0,0,0,0,0,0,0,0,2367,2367,0.0696,0,5.99520433297585e-15,1.84741111297626e-13,4.45510295321583e-12,7.7715611723761e-16,1.45439216225896e-14,2.1493917756743e-13,1.77635683940025e-15,7.82707232360735e-14
"C40R99","simulation","SAS_algorithm_tight","algorithm","both_point_converged",2500,0.8772,0.0532,0.8772,0.8772,0,0,0,0,0,0,0,0,2193,2193,0,0,5.32907051820075e-15,1.66977542903624e-13,6.51922960059892e-13,6.66133814775094e-16,1.0991207943789e-14,2.1493917756743e-13,1.66533453693773e-15,6.03961325396085e-14
"C40R99","simulation","SAS_algorithm_tight","algorithm","common_point_converged",2500,0.7896,0.0532,0.7896,0.7896,0,0,0,0,0,0,0,0,1974,1974,0,0,4.66293670342566e-15,6.66133814775094e-14,2.02060590481778e-13,6.66133814775094e-16,7.88258347483861e-15,4.07451850037432e-14,1.55431223447522e-15,3.01980662698043e-14
"C40R99","simulation","SAS_algorithm_tight","algorithm","common_inference_available",2500,0.7812,0.0532,0.7812,0.7812,0,0,0,0,0,0,0,0,1953,1953,0,0,4.44089209850063e-15,6.30606677987089e-14,2.02060590481778e-13,6.66133814775094e-16,7.43849426498855e-15,4.07451850037432e-14,1.55431223447522e-15,2.97539770599542e-14
"C100R99","simulation","SAS_algorithm_tight","algorithm","all_outputs",2500,1,0.0044,0.9956,0.9956,0,0,0,0,0,0,0,0,2489,2489,0.0056,0,2.66453525910038e-15,5.32907051820075e-14,5.84421400162682e-13,3.33066907387547e-16,6.88338275267597e-15,4.2410519540681e-14,8.88178419700125e-16,2.53130849614536e-14
"C100R99","simulation","SAS_algorithm_tight","algorithm","both_point_converged",2500,0.99,0.0044,0.99,0.99,0,0,0,0,0,0,0,0,2475,2475,0,0,2.66453525910038e-15,5.15143483426073e-14,5.84421400162682e-13,3.33066907387547e-16,6.21724893790088e-15,4.2410519540681e-14,8.88178419700125e-16,2.42028619368284e-14
"C100R99","simulation","SAS_algorithm_tight","algorithm","common_point_converged",2500,0.9748,0.0044,0.9748,0.9748,0,0,0,0,0,0,0,0,2437,2437,0,0,2.66453525910038e-15,4.35207425653061e-14,5.84421400162682e-13,3.33066907387547e-16,5.21804821573824e-15,4.2410519540681e-14,8.88178419700125e-16,1.77635683940025e-14
"C100R99","simulation","SAS_algorithm_tight","algorithm","common_inference_available",2500,0.9744,0.0044,0.9744,0.9744,0,0,0,0,0,0,0,0,2436,2436,0,0,2.66453525910038e-15,4.35207425653061e-14,5.84421400162682e-13,3.33066907387547e-16,5.21804821573824e-15,4.2410519540681e-14,8.88178419700125e-16,1.77635683940025e-14
"E020R1","exact","SAS_maxit","iterations","all_outputs",121,1,0.0165289256198347,0.983471074380165,0.983471074380165,0,0,0,0,,,0,0,119,119,0,0,0,0,0,0,0,0,0,0
"E020R1","exact","SAS_maxit","iterations","both_point_converged",121,0.983471074380165,0.0165289256198347,0.983471074380165,0.983471074380165,0,0,0,0,,,0,0,119,119,0,0,0,0,0,0,0,0,0,0
"E020R1","exact","SAS_maxit","iterations","common_point_converged",121,0.966942148760331,0.0165289256198347,0.966942148760331,0.966942148760331,0,0,0,0,,,0,0,117,117,0,0,0,0,0,0,0,0,0,0
"E020R1","exact","SAS_maxit","iterations","common_inference_available",121,0.966942148760331,0.0165289256198347,0.966942148760331,0.966942148760331,0,0,0,0,,,0,0,117,117,0,0,0,0,0,0,0,0,0,0
"E050R1","exact","SAS_maxit","iterations","all_outputs",676,1,0.0029585798816568,0.997041420118343,0.997041420118343,0,0,0,0,,,0,0,674,674,0,0,0,0,0,0,0,0,0,0
"E050R1","exact","SAS_maxit","iterations","both_point_converged",676,0.997041420118343,0.0029585798816568,0.997041420118343,0.997041420118343,0,0,0,0,,,0,0,674,674,0,0,0,0,0,0,0,0,0,0
"E050R1","exact","SAS_maxit","iterations","common_point_converged",676,0.994082840236686,0.0029585798816568,0.994082840236686,0.994082840236686,0,0,0,0,,,0,0,672,672,0,0,0,0,0,0,0,0,0,0
"E050R1","exact","SAS_maxit","iterations","common_inference_available",676,0.994082840236686,0.0029585798816568,0.994082840236686,0.994082840236686,0,0,0,0,,,0,0,672,672,0,0,0,0,0,0,0,0,0,0
"E100R1","exact","SAS_maxit","iterations","all_outputs",2601,1,0.000768935024990388,0.99923106497501,0.99923106497501,0,0,0,0,,,0,0,2599,2599,0,0,0,0,0,0,0,0,0,0
"E100R1","exact","SAS_maxit","iterations","both_point_converged",2601,0.99923106497501,0.000768935024990388,0.99923106497501,0.99923106497501,0,0,0,0,,,0,0,2599,2599,0,0,0,0,0,0,0,0,0,0
"E100R1","exact","SAS_maxit","iterations","common_point_converged",2601,0.998462129950019,0.000768935024990388,0.998462129950019,0.998462129950019,0,0,0,0,,,0,0,2597,2597,0,0,0,0,0,0,0,0,0,0
"E100R1","exact","SAS_maxit","iterations","common_inference_available",2601,0.991541714725106,0.000768935024990388,0.991541714725106,0.991541714725106,0,0,0,0,,,0,0,2579,2579,0,0,0,0,0,0,0,0,0,0
"E200R1","exact","SAS_maxit","iterations","all_outputs",10201,1,0.000196059209881384,0.999803940790118,0.999803940790118,0,0,0,0,,,0,0,10199,10199,0,0,0,0,0,0,0,0,0,0
"E200R1","exact","SAS_maxit","iterations","both_point_converged",10201,0.999803940790118,0.000196059209881384,0.999803940790118,0.999803940790118,0,0,0,0,,,0,0,10199,10199,0,0,0,0,0,0,0,0,0,0
"E200R1","exact","SAS_maxit","iterations","common_point_converged",10201,0.999607881580237,0.000196059209881384,0.999607881580237,0.999607881580237,0,0,0,0,,,0,0,10197,10197,0,0,0,0,0,0,0,0,0,0
"E200R1","exact","SAS_maxit","iterations","common_inference_available",10201,0.986962062542888,0.000196059209881384,0.986962062542888,0.986962062542888,0,0,0,0,,,0,0,10068,10068,0,0,0,0,0,0,0,0,0,0
"E020R4","exact","SAS_maxit","iterations","all_outputs",85,1,0.0235294117647059,0.976470588235294,0.976470588235294,0,0,0,0,,,0,0,83,83,0,0,0,0,0,0,0,0,0,0
"E020R4","exact","SAS_maxit","iterations","both_point_converged",85,0.976470588235294,0.0235294117647059,0.976470588235294,0.976470588235294,0,0,0,0,,,0,0,83,83,0,0,0,0,0,0,0,0,0,0
"E020R4","exact","SAS_maxit","iterations","common_point_converged",85,0.952941176470588,0.0235294117647059,0.952941176470588,0.952941176470588,0,0,0,0,,,0,0,81,81,0,0,0,0,0,0,0,0,0,0
"E020R4","exact","SAS_maxit","iterations","common_inference_available",85,0.952941176470588,0.0235294117647059,0.952941176470588,0.952941176470588,0,0,0,0,,,0,0,81,81,0,0,0,0,0,0,0,0,0,0
"E050R4","exact","SAS_maxit","iterations","all_outputs",451,1,0.00443458980044346,0.995565410199557,0.995565410199557,0,0,0,0,,,0,0,449,449,0,0,0,0,0,0,0,0,0,0
"E050R4","exact","SAS_maxit","iterations","both_point_converged",451,0.995565410199557,0.00443458980044346,0.995565410199557,0.995565410199557,0,0,0,0,,,0,0,449,449,0,0,0,0,0,0,0,0,0,0
"E050R4","exact","SAS_maxit","iterations","common_point_converged",451,0.991130820399113,0.00443458980044346,0.991130820399113,0.991130820399113,0,0,0,0,,,0,0,447,447,0,0,0,0,0,0,0,0,0,0
"E050R4","exact","SAS_maxit","iterations","common_inference_available",451,0.991130820399113,0.00443458980044346,0.991130820399113,0.991130820399113,0,0,0,0,,,0,0,447,447,0,0,0,0,0,0,0,0,0,0
"E100R4","exact","SAS_maxit","iterations","all_outputs",1701,1,0.00117577895355673,0.998824221046443,0.998824221046443,0,0,0,0,,,0,0,1699,1699,0,0,0,0,0,0,0,0,0,0
"E100R4","exact","SAS_maxit","iterations","both_point_converged",1701,0.998824221046443,0.00117577895355673,0.998824221046443,0.998824221046443,0,0,0,0,,,0,0,1699,1699,0,0,0,0,0,0,0,0,0,0
"E100R4","exact","SAS_maxit","iterations","common_point_converged",1701,0.997648442092887,0.00117577895355673,0.997648442092887,0.997648442092887,0,0,0,0,,,0,0,1697,1697,0,0,0,0,0,0,0,0,0,0
"E100R4","exact","SAS_maxit","iterations","common_inference_available",1701,0.997648442092887,0.00117577895355673,0.997648442092887,0.997648442092887,0,0,0,0,,,0,0,1697,1697,0,0,0,0,0,0,0,0,0,0
"E200R4","exact","SAS_maxit","iterations","all_outputs",6601,1,0.00030298439630359,0.999697015603697,0.999697015603697,0,0,0,0,,,0,0,6599,6599,0,0,0,0,0,0,0,0,0,0
"E200R4","exact","SAS_maxit","iterations","both_point_converged",6601,0.999697015603697,0.00030298439630359,0.999697015603697,0.999697015603697,0,0,0,0,,,0,0,6599,6599,0,0,0,0,0,0,0,0,0,0
"E200R4","exact","SAS_maxit","iterations","common_point_converged",6601,0.999394031207393,0.00030298439630359,0.999394031207393,0.999394031207393,0,0,0,0,,,0,0,6597,6597,0,0,0,0,0,0,0,0,0,0
"E200R4","exact","SAS_maxit","iterations","common_inference_available",6601,0.995152249659143,0.00030298439630359,0.995152249659143,0.995152249659143,0,0,0,0,,,0,0,6569,6569,0,0,0,0,0,0,0,0,0,0
"C40R00","simulation","SAS_maxit","iterations","all_outputs",2500,1,0.048,0.952,0.952,0,0,0,0,0,0,0,0,2380,2380,0.0448,0,0,0,0.959399469137367,0,0,0.128231044031212,0,0
"C40R00","simulation","SAS_maxit","iterations","both_point_converged",2500,0.9072,0.048,0.9072,0.9072,0,0,0,0,0,0,0,0,2268,2268,0,0,0,0,0,0,0,0,0,0
"C40R00","simulation","SAS_maxit","iterations","common_point_converged",2500,0.8668,0.048,0.8668,0.8668,0,0,0,0,0,0,0,0,2167,2167,0,0,0,0,0,0,0,0,0,0
"C40R00","simulation","SAS_maxit","iterations","common_inference_available",2500,0.8568,0.048,0.8568,0.8568,0,0,0,0,0,0,0,0,2142,2142,0,0,0,0,0,0,0,0,0,0
"C100R00","simulation","SAS_maxit","iterations","all_outputs",2500,1,0.0032,0.9968,0.9968,0,0,0,0,0,0,0,0,2492,2492,0.0048,0,0,0,0.00103155272913913,0,0,8.18755936422555e-05,0,0
"C100R00","simulation","SAS_maxit","iterations","both_point_converged",2500,0.992,0.0032,0.992,0.992,0,0,0,0,0,0,0,0,2480,2480,0,0,0,0,0,0,0,0,0,0
"C100R00","simulation","SAS_maxit","iterations","common_point_converged",2500,0.9832,0.0032,0.9832,0.9832,0,0,0,0,0,0,0,0,2458,2458,0,0,0,0,0,0,0,0,0,0
"C100R00","simulation","SAS_maxit","iterations","common_inference_available",2500,0.9828,0.0032,0.9828,0.9828,0,0,0,0,0,0,0,0,2457,2457,0,0,0,0,0,0,0,0,0,0
"C40R50","simulation","SAS_maxit","iterations","all_outputs",2500,1,0.048,0.952,0.952,0,0,0,0,0,0,0,0,2380,2380,0.0552,0,0,0,0.959399469137555,0,0,0.128231044031209,0,0
"C40R50","simulation","SAS_maxit","iterations","both_point_converged",2500,0.8968,0.048,0.8968,0.8968,0,0,0,0,0,0,0,0,2242,2242,0,0,0,0,0,0,0,0,0,0
"C40R50","simulation","SAS_maxit","iterations","common_point_converged",2500,0.8516,0.048,0.8516,0.8516,0,0,0,0,0,0,0,0,2129,2129,0,0,0,0,0,0,0,0,0,0
"C40R50","simulation","SAS_maxit","iterations","common_inference_available",2500,0.8404,0.048,0.8404,0.8404,0,0,0,0,0,0,0,0,2101,2101,0,0,0,0,0,0,0,0,0,0
"C100R50","simulation","SAS_maxit","iterations","all_outputs",2500,1,0.004,0.996,0.996,0,0,0,0,0,0,0,0,2490,2490,0.0036,0,0,0,0,0,0,0,0,0
"C100R50","simulation","SAS_maxit","iterations","both_point_converged",2500,0.9924,0.004,0.9924,0.9924,0,0,0,0,0,0,0,0,2481,2481,0,0,0,0,0,0,0,0,0,0
"C100R50","simulation","SAS_maxit","iterations","common_point_converged",2500,0.982,0.004,0.982,0.982,0,0,0,0,0,0,0,0,2455,2455,0,0,0,0,0,0,0,0,0,0
"C100R50","simulation","SAS_maxit","iterations","common_inference_available",2500,0.9816,0.004,0.9816,0.9816,0,0,0,0,0,0,0,0,2454,2454,0,0,0,0,0,0,0,0,0,0
"C40R90","simulation","SAS_maxit","iterations","all_outputs",2500,1,0.0524,0.9476,0.9476,0,0,0,0,0,0,0,0,2369,2369,0.0708,0,0,0,0.462440543967265,0,0,0.128231044031211,0,0
"C40R90","simulation","SAS_maxit","iterations","both_point_converged",2500,0.8768,0.0524,0.8768,0.8768,0,0,0,0,0,0,0,0,2192,2192,0,0,0,0,0,0,0,0,0,0
"C40R90","simulation","SAS_maxit","iterations","common_point_converged",2500,0.8172,0.0524,0.8172,0.8172,0,0,0,0,0,0,0,0,2043,2043,0,0,0,0,0,0,0,0,0,0
"C40R90","simulation","SAS_maxit","iterations","common_inference_available",2500,0.8088,0.0524,0.8088,0.8088,0,0,0,0,0,0,0,0,2022,2022,0,0,0,0,0,0,0,0,0,0
"C100R90","simulation","SAS_maxit","iterations","all_outputs",2500,1,0.0044,0.9956,0.9956,0,0,0,0,0,0,0,0,2489,2489,0.0056,0,0,0,0.00394222122092192,0,0,0.000660489557419708,0,0
"C100R90","simulation","SAS_maxit","iterations","both_point_converged",2500,0.99,0.0044,0.99,0.99,0,0,0,0,0,0,0,0,2475,2475,0,0,0,0,0,0,0,0,0,0
"C100R90","simulation","SAS_maxit","iterations","common_point_converged",2500,0.9792,0.0044,0.9792,0.9792,0,0,0,0,0,0,0,0,2448,2448,0,0,0,0,0,0,0,0,0,0
"C100R90","simulation","SAS_maxit","iterations","common_inference_available",2500,0.9792,0.0044,0.9792,0.9792,0,0,0,0,0,0,0,0,2448,2448,0,0,0,0,0,0,0,0,0,0
"C40R99","simulation","SAS_maxit","iterations","all_outputs",2500,1,0.0532,0.9468,0.9468,0,0,0,0,0,0,0,0,2367,2367,0.0736,0,0,0,3.20429850697292,0,0,0.233788489952439,0,0
"C40R99","simulation","SAS_maxit","iterations","both_point_converged",2500,0.8732,0.0532,0.8732,0.8732,0,0,0,0,0,0,0,0,2183,2183,0,0,0,0,0,0,0,0,0,0
"C40R99","simulation","SAS_maxit","iterations","common_point_converged",2500,0.7896,0.0532,0.7896,0.7896,0,0,0,0,0,0,0,0,1974,1974,0,0,0,0,0,0,0,0,0,0
"C40R99","simulation","SAS_maxit","iterations","common_inference_available",2500,0.7812,0.0532,0.7812,0.7812,0,0,0,0,0,0,0,0,1953,1953,0,0,0,0,0,0,0,0,0,0
"C100R99","simulation","SAS_maxit","iterations","all_outputs",2500,1,0.0044,0.9956,0.9956,0,0,0,0,0,0,0,0,2489,2489,0.006,0,0,0,0.0171241555158215,0,0,0.000843533423762088,0,0
"C100R99","simulation","SAS_maxit","iterations","both_point_converged",2500,0.9896,0.0044,0.9896,0.9896,0,0,0,0,0,0,0,0,2474,2474,0,0,0,0,0,0,0,0,0,0
"C100R99","simulation","SAS_maxit","iterations","common_point_converged",2500,0.9748,0.0044,0.9748,0.9748,0,0,0,0,0,0,0,0,2437,2437,0,0,0,0,0,0,0,0,0,0
"C100R99","simulation","SAS_maxit","iterations","common_inference_available",2500,0.9744,0.0044,0.9744,0.9744,0,0,0,0,0,0,0,0,2436,2436,0,0,0,0,0,0,0,0,0,0
"E020R1","exact","SAS_gradient","threshold","all_outputs",121,1,0.0165289256198347,0.983471074380165,0.983471074380165,0,0,0,0,,,0,0,119,119,0,0,7.42658701253784e-05,0.000455421823760549,0.000455421823761348,1.62927488422948e-05,4.26787641107529e-05,4.26787641109039e-05,6.04384958546866e-05,0.000265488865358421
"E020R1","exact","SAS_gradient","threshold","both_point_converged",121,0.983471074380165,0.0165289256198347,0.983471074380165,0.983471074380165,0,0,0,0,,,0,0,119,119,0,0,7.42658701253784e-05,0.000455421823760549,0.000455421823761348,1.62927488422948e-05,4.26787641107529e-05,4.26787641109039e-05,6.04384958546866e-05,0.000265488865358421
"E020R1","exact","SAS_gradient","threshold","common_point_converged",121,0.966942148760331,0.0165289256198347,0.966942148760331,0.966942148760331,0,0,0,0,,,0,0,117,117,0,0,7.42658701251564e-05,0.000455421823760638,0.000455421823761348,1.62927488425169e-05,4.26787641107573e-05,4.26787641109039e-05,4.52849307983616e-05,0.000265488865358465
"E020R1","exact","SAS_gradient","threshold","common_inference_available",121,0.966942148760331,0.0165289256198347,0.966942148760331,0.966942148760331,0,0,0,0,,,0,0,117,117,0,0,7.42658701251564e-05,0.000455421823760638,0.000455421823761348,1.62927488425169e-05,4.26787641107573e-05,4.26787641109039e-05,4.52849307983616e-05,0.000265488865358465
"E050R1","exact","SAS_gradient","threshold","all_outputs",676,1,0.0029585798816568,0.997041420118343,0.997041420118343,0,0,0,0,,,0,0,674,674,0,0,4.48023662250607e-05,0.00106778589627694,0.00119696844132466,2.28503103395089e-06,0.00034110421255887,0.000347561038964939,2.99735348456842e-05,0.000460726899944381
"E050R1","exact","SAS_gradient","threshold","both_point_converged",676,0.997041420118343,0.0029585798816568,0.997041420118343,0.997041420118343,0,0,0,0,,,0,0,674,674,0,0,4.48023662250607e-05,0.00106778589627694,0.00119696844132466,2.28503103395089e-06,0.00034110421255887,0.000347561038964939,2.99735348456842e-05,0.000460726899944381
"E050R1","exact","SAS_gradient","threshold","common_point_converged",676,0.994082840236686,0.0029585798816568,0.994082840236686,0.994082840236686,0,0,0,0,,,0,0,672,672,0,0,4.30218928596515e-05,0.00106778589627702,0.00119696844132466,2.2850310346656e-06,0.000341104212558873,0.000347561038964939,2.99735348450181e-05,0.000460726899944399
"E050R1","exact","SAS_gradient","threshold","common_inference_available",676,0.994082840236686,0.0029585798816568,0.994082840236686,0.994082840236686,0,0,0,0,,,0,0,672,672,0,0,4.30218928596515e-05,0.00106778589627702,0.00119696844132466,2.2850310346656e-06,0.000341104212558873,0.000347561038964939,2.99735348450181e-05,0.000460726899944399
"E100R1","exact","SAS_gradient","threshold","all_outputs",2601,1,0.000768935024990388,0.99923106497501,0.99923106497501,0,0,0,0,,,0,0,2599,2599,0,0,8.41275822018872e-05,0.000475984216488961,0.00162521019614026,2.12373147248646e-07,0.000163879928911004,0.000167924613291293,6.30422867306246e-05,0.000310056611560157
"E100R1","exact","SAS_gradient","threshold","both_point_converged",2601,0.99923106497501,0.000768935024990388,0.99923106497501,0.99923106497501,0,0,0,0,,,0,0,2599,2599,0,0,8.41275822018872e-05,0.000475984216488961,0.00162521019614026,2.12373147248646e-07,0.000163879928911004,0.000167924613291293,6.30422867306246e-05,0.000310056611560157
"E100R1","exact","SAS_gradient","threshold","common_point_converged",2601,0.998462129950019,0.000768935024990388,0.998462129950019,0.998462129950019,0,0,0,0,,,0,0,2597,2597,0,0,8.41275822045517e-05,0.000475984216492051,0.00162521019614026,2.12373147373546e-07,0.000163885850706968,0.000167924613291293,6.3042286731263e-05,0.000310064796084788
"E100R1","exact","SAS_gradient","threshold","common_inference_available",2601,0.991541714725106,0.000768935024990388,0.991541714725106,0.991541714725106,0,0,0,0,,,0,0,2579,2579,0,0,8.2670295593168e-05,0.000469828509561426,0.00162521019614026,2.12373147248646e-07,0.000163939146870651,0.000167924613291293,6.29201482134079e-05,0.00031013845680647
"E200R1","exact","SAS_gradient","threshold","all_outputs",10201,1,0.000196059209881384,0.999803940790118,0.999803940790118,0,0,0,0,,,0,0,10199,10199,0,0,3.3889252156527e-05,0.000610056041660272,0.00255796320850266,4.66613990263327e-09,5.27564702632999e-05,0.000115891243816391,2.545624188377e-05,0.000382703492056073
"E200R1","exact","SAS_gradient","threshold","both_point_converged",10201,0.999803940790118,0.000196059209881384,0.999803940790118,0.999803940790118,0,0,0,0,,,0,0,10199,10199,0,0,3.3889252156527e-05,0.000610056041660272,0.00255796320850266,4.66613990263327e-09,5.27564702632999e-05,0.000115891243816391,2.545624188377e-05,0.000382703492056073
"E200R1","exact","SAS_gradient","threshold","common_point_converged",10201,0.999607881580237,0.000196059209881384,0.999607881580237,0.999607881580237,0,0,0,0,,,0,0,10197,10197,0,0,3.38892521458689e-05,0.000610056041660343,0.00255796320850266,4.666139904368e-09,5.27564702633398e-05,0.000115891243816391,2.54331060354218e-05,0.000382703492056322
"E200R1","exact","SAS_gradient","threshold","common_inference_available",10201,0.986962062542888,0.000196059209881384,0.986962062542888,0.986962062542888,0,0,0,0,,,0,0,10068,10068,0,0,3.33319338332583e-05,0.000530854804254382,0.00255796320669255,4.35280749479591e-09,5.27564702657712e-05,0.000115891243816391,2.53426068823615e-05,0.000347980233707039
"E020R4","exact","SAS_gradient","threshold","all_outputs",85,1,0.0235294117647059,0.976470588235294,0.976470588235294,0,0,0,0,,,0,0,83,83,0.0235294117647059,0,0.000203640397951954,0.000907161977326752,0.000907161977328208,2.22299893010147e-05,0.000135493534012008,0.000135493534012099,0.000133200866306638,0.000404195774754337
"E020R4","exact","SAS_gradient","threshold","both_point_converged",85,0.952941176470588,0.0235294117647059,0.952941176470588,0.952941176470588,0,0,0,0,,,0,0,81,81,0,0,0.000193344308264898,0.000907161977326787,0.000907161977328208,2.22299893015698e-05,0.00013549353401201,0.000135493534012099,0.00013320086630686,0.000404195774754346
"E020R4","exact","SAS_gradient","threshold","common_point_converged",85,0.952941176470588,0.0235294117647059,0.952941176470588,0.952941176470588,0,0,0,0,,,0,0,81,81,0,0,0.000193344308264898,0.000907161977326787,0.000907161977328208,2.22299893015698e-05,0.00013549353401201,0.000135493534012099,0.00013320086630686,0.000404195774754346
"E020R4","exact","SAS_gradient","threshold","common_inference_available",85,0.952941176470588,0.0235294117647059,0.952941176470588,0.952941176470588,0,0,0,0,,,0,0,81,81,0,0,0.000193344308264898,0.000907161977326787,0.000907161977328208,2.22299893015698e-05,0.00013549353401201,0.000135493534012099,0.00013320086630686,0.000404195774754346
"E050R4","exact","SAS_gradient","threshold","all_outputs",451,1,0.00443458980044346,0.995565410199557,0.995565410199557,0,0,0,0,,,0,0,449,449,0,0,0.000132581187953562,0.00140311894815248,0.00147190835976296,1.38706008237233e-05,0.000257067056010825,0.000288090375572647,0.000110115930704868,0.000604102132497637
"E050R4","exact","SAS_gradient","threshold","both_point_converged",451,0.995565410199557,0.00443458980044346,0.995565410199557,0.995565410199557,0,0,0,0,,,0,0,449,449,0,0,0.000132581187953562,0.00140311894815248,0.00147190835976296,1.38706008237233e-05,0.000257067056010825,0.000288090375572647,0.000110115930704868,0.000604102132497637
"E050R4","exact","SAS_gradient","threshold","common_point_converged",451,0.991130820399113,0.00443458980044346,0.991130820399113,0.991130820399113,0,0,0,0,,,0,0,447,447,0,0,0.000133292633769599,0.00140311894815248,0.00147190835976296,1.42098464780138e-05,0.000257067056010842,0.000288090375572647,0.00011187799866752,0.000604102132497655
"E050R4","exact","SAS_gradient","threshold","common_inference_available",451,0.991130820399113,0.00443458980044346,0.991130820399113,0.991130820399113,0,0,0,0,,,0,0,447,447,0,0,0.000133292633769599,0.00140311894815248,0.00147190835976296,1.42098464780138e-05,0.000257067056010842,0.000288090375572647,0.00011187799866752,0.000604102132497655
"E100R4","exact","SAS_gradient","threshold","all_outputs",1701,1,0.00117577895355673,0.998824221046443,0.998824221046443,0,0,0,0,,,0,0,1699,1699,0,0,0.000105130233583495,0.00100200960914876,0.00186232287803367,2.6110719379413e-06,0.000373912812047819,0.000476703257426658,7.56139399240574e-05,0.000512621325603035
"E100R4","exact","SAS_gradient","threshold","both_point_converged",1701,0.998824221046443,0.00117577895355673,0.998824221046443,0.998824221046443,0,0,0,0,,,0,0,1699,1699,0,0,0.000105130233583495,0.00100200960914876,0.00186232287803367,2.6110719379413e-06,0.000373912812047819,0.000476703257426658,7.56139399240574e-05,0.000512621325603035
"E100R4","exact","SAS_gradient","threshold","common_point_converged",1701,0.997648442092887,0.00117577895355673,0.997648442092887,0.997648442092887,0,0,0,0,,,0,0,1697,1697,0,0,0.000104946494001723,0.00100200960914876,0.00186232287803367,2.61107193799681e-06,0.000373912812047843,0.000476703257426658,7.55163406020998e-05,0.000512621325603035
"E100R4","exact","SAS_gradient","threshold","common_inference_available",1701,0.997648442092887,0.00117577895355673,0.997648442092887,0.997648442092887,0,0,0,0,,,0,0,1697,1697,0,0,0.000104946494001723,0.00100200960914876,0.00186232287803367,2.61107193799681e-06,0.000373912812047843,0.000476703257426658,7.55163406020998e-05,0.000512621325603035
"E200R4","exact","SAS_gradient","threshold","all_outputs",6601,1,0.00030298439630359,0.999697015603697,0.999697015603697,0,0,0,0,,,0,0,6599,6599,0,0,7.3761548939455e-05,0.000863181724548997,0.00330147360268818,2.84023993787127e-07,0.000426158592246399,0.00081195534618117,6.08692431400826e-05,0.000473908377399054
"E200R4","exact","SAS_gradient","threshold","both_point_converged",6601,0.999697015603697,0.00030298439630359,0.999697015603697,0.999697015603697,0,0,0,0,,,0,0,6599,6599,0,0,7.3761548939455e-05,0.000863181724548997,0.00330147360268818,2.84023993787127e-07,0.000426158592246399,0.00081195534618117,6.08692431400826e-05,0.000473908377399054
"E200R4","exact","SAS_gradient","threshold","common_point_converged",6601,0.999394031207393,0.00030298439630359,0.999394031207393,0.999394031207393,0,0,0,0,,,0,0,6597,6597,0,0,7.37615489438959e-05,0.000864250109695595,0.00330147360268818,2.84023993790163e-07,0.000426374795829915,0.00081195534618117,6.08692431436353e-05,0.000474113699490423
"E200R4","exact","SAS_gradient","threshold","common_inference_available",6601,0.995152249659143,0.00030298439630359,0.995152249659143,0.995152249659143,0,0,0,0,,,0,0,6569,6569,0,0,7.48931853298274e-05,0.000854454341289174,0.00330147360268818,2.90909674002804e-07,0.000429401645999078,0.00081195534618117,6.14599159027562e-05,0.000474165399489519
"C40R00","simulation","SAS_gradient","threshold","all_outputs",2500,1,0.048,0.952,0.952,0,0,0,0,0,0,0,0,2380,2380,0.0404,0,8.29982840708787e-05,0.00113068824347451,0.00256958142212937,1.42531903990495e-05,0.000121839011511637,0.000241847278276364,4.26276772905743e-05,0.000571238705243671
"C40R00","simulation","SAS_gradient","threshold","both_point_converged",2500,0.9116,0.048,0.9116,0.9116,0,0,0,0,0,0,0,0,2279,2279,0,0,8.9396726352664e-05,0.00123953638981611,0.00256958142212937,1.52338568396582e-05,0.000123091697157851,0.000241847278276364,4.58418951350126e-05,0.000574263327847602
"C40R00","simulation","SAS_gradient","threshold","common_point_converged",2500,0.8668,0.048,0.8668,0.8668,0,0,0,0,0,0,0,0,2167,2167,0,0,8.29251363403394e-05,0.00077310987292023,0.00223208883989301,1.44795593292057e-05,0.000102295328083701,0.000174553544597722,4.31908042102247e-05,0.000388678841970691
"C40R00","simulation","SAS_gradient","threshold","common_inference_available",2500,0.8568,0.048,0.8568,0.8568,0,0,0,0,0,0,0,0,2142,2142,0,0,8.2371647103674e-05,0.000756905247810025,0.00178477587561154,1.44572002076515e-05,0.000102295328083701,0.000174553544597722,4.26777201326667e-05,0.000382278340489872
"C100R00","simulation","SAS_gradient","threshold","all_outputs",2500,1,0.0032,0.9968,0.9968,0,0,0,0,0,0,0,0,2492,2492,0.0044,0,5.36298711786287e-05,0.000551654949830116,0.00145301562657796,9.15223001529686e-06,0.000126195215520708,0.000214257380921512,2.83410740913315e-05,0.000266600699112107
"C100R00","simulation","SAS_gradient","threshold","both_point_converged",2500,0.9924,0.0032,0.9924,0.9924,0,0,0,0,0,0,0,0,2481,2481,0,0,5.3909251347406e-05,0.000551654949830116,0.00145301562657796,9.27469567935102e-06,0.000126195215520708,0.000214257380921512,2.85116677356534e-05,0.000266600699112107
"C100R00","simulation","SAS_gradient","threshold","common_point_converged",2500,0.9832,0.0032,0.9832,0.9832,0,0,0,0,0,0,0,0,2458,2458,0,0,5.32091156810743e-05,0.000465713417342251,0.00112418350283505,9.22273299286402e-06,0.00012051710621197,0.000214257380921512,2.82089247818362e-05,0.000249739639551771
"C100R00","simulation","SAS_gradient","threshold","common_inference_available",2500,0.9828,0.0032,0.9828,0.9828,0,0,0,0,0,0,0,0,2457,2457,0,0,5.32091156810743e-05,0.000465713417342251,0.00112418350283505,9.22637874700705e-06,0.00012051710621197,0.000214257380921512,2.82089247818362e-05,0.000249739639551771
"C40R50","simulation","SAS_gradient","threshold","all_outputs",2500,1,0.048,0.952,0.952,0,0,0,0,0,0,0,0,2380,2380,0.0508,0,8.69466603261593e-05,0.00124867999720735,0.0120238137112025,1.44034333526832e-05,0.000128624461281479,0.000852543449394005,4.38102102156002e-05,0.000593644601190935
"C40R50","simulation","SAS_gradient","threshold","both_point_converged",2500,0.9012,0.048,0.9012,0.9012,0,0,0,0,0,0,0,0,2253,2253,0,0,9.465255957819e-05,0.00128470737729725,0.0120238137112025,1.5336940357491e-05,0.000129473033188221,0.000852543449394005,4.8246436548105e-05,0.000622965586128954
"C40R50","simulation","SAS_gradient","threshold","common_point_converged",2500,0.8516,0.048,0.8516,0.8516,0,0,0,0,0,0,0,0,2129,2129,0,0,8.76504113485055e-05,0.00075210905608003,0.00178477587561421,1.4712921364568e-05,0.000106080802315556,0.000202804597126405,4.46811853466733e-05,0.000379927371459754
"C40R50","simulation","SAS_gradient","threshold","common_inference_available",2500,0.8404,0.048,0.8404,0.8404,0,0,0,0,0,0,0,0,2101,2101,0,0,8.66492450806167e-05,0.000722106767495845,0.00178477587561421,1.47028697331519e-05,0.000106080802315556,0.000202804597126405,4.43155544211093e-05,0.000376948152672085
"C100R50","simulation","SAS_gradient","threshold","all_outputs",2500,1,0.004,0.996,0.996,0,0,0,0,0,0,0,0,2490,2490,0.0036,0,5.8066627917075e-05,0.000593463753553181,0.00164493983858804,9.67728206291429e-06,0.000128123616249143,0.00022863496101666,3.03453562670031e-05,0.000323706894755915
"C100R50","simulation","SAS_gradient","threshold","both_point_converged",2500,0.9924,0.004,0.9924,0.9924,0,0,0,0,0,0,0,0,2481,2481,0,0,5.8277621019176e-05,0.000593463753553181,0.00164493983858804,9.71331923249608e-06,0.000128123616249143,0.00022863496101666,3.05401313666076e-05,0.000323706894755915
"C100R50","simulation","SAS_gradient","threshold","common_point_converged",2500,0.982,0.004,0.982,0.982,0,0,0,0,0,0,0,0,2455,2455,0,0,5.77361548605992e-05,0.000561039439257449,0.00112418350286703,9.68276157242709e-06,0.00012459797294595,0.00022863496101666,3.01858856934789e-05,0.000303478212534403
"C100R50","simulation","SAS_gradient","threshold","common_inference_available",2500,0.9816,0.004,0.9816,0.9816,0,0,0,0,0,0,0,0,2454,2454,0,0,5.76977061826911e-05,0.000561039439257449,0.00112418350286703,9.68276157242709e-06,0.00012459797294595,0.00022863496101666,3.01753877058886e-05,0.000303478212534403
"C40R90","simulation","SAS_gradient","threshold","all_outputs",2500,1,0.0524,0.9476,0.9476,0,0,0,0,0,0,0,0,2369,2369,0.0652,0,9.5322014145971e-05,0.00152568070137526,0.0136513118798689,1.52577792813524e-05,0.000143886810582639,0.000852543449376131,4.73526287929071e-05,0.000713652324130454
"C40R90","simulation","SAS_gradient","threshold","both_point_converged",2500,0.8824,0.0524,0.8824,0.8824,0,0,0,0,0,0,0,0,2206,2206,0,0,0.000107069651036129,0.00154236724533963,0.0136513118798689,1.66867312819674e-05,0.000144432900163083,0.000852543449376131,5.41064543440051e-05,0.000724625469825657
"C40R90","simulation","SAS_gradient","threshold","common_point_converged",2500,0.8172,0.0524,0.8172,0.8172,0,0,0,0,0,0,0,0,2043,2043,0,0,9.54557627013131e-05,0.000793048714030853,0.00178477587561776,1.57767898536498e-05,0.000119137576766182,0.00019046451521787,4.90095904102927e-05,0.00040987776213397
"C40R90","simulation","SAS_gradient","threshold","common_inference_available",2500,0.8088,0.0524,0.8088,0.8088,0,0,0,0,0,0,0,0,2022,2022,0,0,9.46747184058516e-05,0.000784242566682636,0.00178477587561776,1.57935725642044e-05,0.000119137576766182,0.00019046451521787,4.87943698011528e-05,0.000406248186276326
"C100R90","simulation","SAS_gradient","threshold","all_outputs",2500,1,0.0044,0.9956,0.9956,0,0,0,0,0,0,0,0,2489,2489,0.0052,0,6.37171855173424e-05,0.000581504542482847,0.00140693611841147,9.95048261176468e-06,0.00012870477208915,0.000197551091738579,2.99206200332636e-05,0.000315778604593309
"C100R90","simulation","SAS_gradient","threshold","both_point_converged",2500,0.9904,0.0044,0.9904,0.9904,0,0,0,0,0,0,0,0,2476,2476,0,0,6.40523017887418e-05,0.000581504542482847,0.00140693611841147,1.00441801140772e-05,0.00012870477208915,0.000197551091738579,3.01770249637734e-05,0.000315778604593309
"C100R90","simulation","SAS_gradient","threshold","common_point_converged",2500,0.9792,0.0044,0.9792,0.9792,0,0,0,0,0,0,0,0,2448,2448,0,0,6.31866602995856e-05,0.000529696128987567,0.00123264391830169,9.99667513557068e-06,0.000124597972946061,0.000197551091738579,2.97445528971707e-05,0.000300639099306443
"C100R90","simulation","SAS_gradient","threshold","common_inference_available",2500,0.9792,0.0044,0.9792,0.9792,0,0,0,0,0,0,0,0,2448,2448,0,0,6.31866602995856e-05,0.000529696128987567,0.00123264391830169,9.99667513557068e-06,0.000124597972946061,0.000197551091738579,2.97445528971707e-05,0.000300639099306443
"C40R99","simulation","SAS_gradient","threshold","all_outputs",2500,1,0.0532,0.9468,0.9468,0,0,0,0,0,0,0,0,2367,2367,0.0696,0,0.000103093719293401,0.00153460810093087,0.00446912411668876,1.60236430842842e-05,0.000155731858768271,0.000932169641269964,5.21572297338402e-05,0.000729620175119905
"C40R99","simulation","SAS_gradient","threshold","both_point_converged",2500,0.8772,0.0532,0.8772,0.8772,0,0,0,0,0,0,0,0,2193,2193,0,0,0.000117514187326417,0.00163511892302548,0.00446912411668876,1.81626642193899e-05,0.000159753760702208,0.000932169641269964,5.89507323245364e-05,0.000786558197706011
"C40R99","simulation","SAS_gradient","threshold","common_point_converged",2500,0.7896,0.0532,0.7896,0.7896,0,0,0,0,0,0,0,0,1974,1974,0,0,0.00010133946359181,0.000793048714033517,0.00178477587562043,1.64706362651978e-05,0.000124899458440741,0.000190464515209321,5.18613320448225e-05,0.000391368168758621
"C40R99","simulation","SAS_gradient","threshold","common_inference_available",2500,0.7812,0.0532,0.7812,0.7812,0,0,0,0,0,0,0,0,1953,1953,0,0,9.99724875834218e-05,0.000773077407870915,0.00178477587562043,1.64706362651978e-05,0.000124899458440741,0.000190464515209321,5.09142332960281e-05,0.000387633579405078
"C100R99","simulation","SAS_gradient","threshold","all_outputs",2500,1,0.0044,0.9956,0.9956,0,0,0,0,0,0,0,0,2489,2489,0.0056,0,6.52584510558718e-05,0.000612194671192334,0.00260343126428175,1.08676845603783e-05,0.000126993372671524,0.000202887264765805,3.17564585802232e-05,0.000323802477877777
"C100R99","simulation","SAS_gradient","threshold","both_point_converged",2500,0.99,0.0044,0.99,0.99,0,0,0,0,0,0,0,0,2475,2475,0,0,6.58298840323646e-05,0.000612194671192334,0.00260343126428175,1.09937361729706e-05,0.000126993372671524,0.000202887264765805,3.20414804396707e-05,0.000323802477877777
"C100R99","simulation","SAS_gradient","threshold","common_point_converged",2500,0.9748,0.0044,0.9748,0.9748,0,0,0,0,0,0,0,0,2437,2437,0,0,6.4828537217565e-05,0.000561039439289424,0.00150390919061216,1.09169719106905e-05,0.000124682691983846,0.000197551091744907,3.16858844837536e-05,0.00031531417441677
"C100R99","simulation","SAS_gradient","threshold","common_inference_available",2500,0.9744,0.0044,0.9744,0.9744,0,0,0,0,0,0,0,0,2436,2436,0,0,6.46236072796569e-05,0.000548109914264572,0.00150390919061216,1.09169719106905e-05,0.000124682691983846,0.000197551091744907,3.16380278233552e-05,0.000308264502931976
"E020R1","exact","SAS_parameter","threshold","all_outputs",121,1,0.0165289256198347,0.983471074380165,0.983471074380165,0,0,0,0,,,0,0,119,119,0.0165289256198347,0,7.5016040820497e-05,0.000460020515195954,0.000460020515196113,1.6457298503969e-05,4.3109803756618e-05,4.3109803756769e-05,6.10490870380787e-05,0.000268170000918149
"E020R1","exact","SAS_parameter","threshold","both_point_converged",121,0.966942148760331,0.0165289256198347,0.966942148760331,0.966942148760331,0,0,0,0,,,0,0,117,117,0,0,7.50160407376743e-05,0.000460020515195971,0.000460020515196113,1.64572985045242e-05,4.31098037566224e-05,4.3109803756769e-05,4.57423379414124e-05,0.000268170000918175
"E020R1","exact","SAS_parameter","threshold","common_point_converged",121,0.966942148760331,0.0165289256198347,0.966942148760331,0.966942148760331,0,0,0,0,,,0,0,117,117,0,0,7.50160407376743e-05,0.000460020515195971,0.000460020515196113,1.64572985045242e-05,4.31098037566224e-05,4.3109803756769e-05,4.57423379414124e-05,0.000268170000918175
"E020R1","exact","SAS_parameter","threshold","common_inference_available",121,0.966942148760331,0.0165289256198347,0.966942148760331,0.966942148760331,0,0,0,0,,,0,0,117,117,0,0,7.50160407376743e-05,0.000460020515195971,0.000460020515196113,1.64572985045242e-05,4.31098037566224e-05,4.3109803756769e-05,4.57423379414124e-05,0.000268170000918175
"E050R1","exact","SAS_parameter","threshold","all_outputs",676,1,0.0029585798816568,0.997041420118343,0.997041420118343,0,0,0,0,,,0,0,674,674,0.0029585798816568,0,4.30971569096439e-05,0.00106950657901416,0.00119889852708255,2.2494650793875e-06,0.000341650753351412,0.000348117895073607,2.89220516731525e-05,0.000461469387927718
"E050R1","exact","SAS_parameter","threshold","both_point_converged",676,0.994082840236686,0.0029585798816568,0.994082840236686,0.994082840236686,0,0,0,0,,,0,0,672,672,0,0,4.13764432620756e-05,0.00106950657901427,0.00119889852708255,2.24946507947077e-06,0.000341650753351417,0.000348117895073607,2.892205167071e-05,0.000461469387927753
"E050R1","exact","SAS_parameter","threshold","common_point_converged",676,0.994082840236686,0.0029585798816568,0.994082840236686,0.994082840236686,0,0,0,0,,,0,0,672,672,0,0,4.13764432620756e-05,0.00106950657901427,0.00119889852708255,2.24946507947077e-06,0.000341650753351417,0.000348117895073607,2.892205167071e-05,0.000461469387927753
"E050R1","exact","SAS_parameter","threshold","common_inference_available",676,0.994082840236686,0.0029585798816568,0.994082840236686,0.994082840236686,0,0,0,0,,,0,0,672,672,0,0,4.13764432620756e-05,0.00106950657901427,0.00119889852708255,2.24946507947077e-06,0.000341650753351417,0.000348117895073607,2.892205167071e-05,0.000461469387927753
"E100R1","exact","SAS_parameter","threshold","all_outputs",2601,1,0.000768935024990388,0.99923106497501,0.99923106497501,0,0,0,0,,,0,0,2599,2599,0.000768935024990388,0,8.24759066215819e-05,0.000466605877715782,0.00162584967507584,2.08191250947176e-07,0.000160962791107004,0.000164632711836643,6.18054374678934e-05,0.000310181214300647
"E100R1","exact","SAS_parameter","threshold","both_point_converged",2601,0.998462129950019,0.000768935024990388,0.998462129950019,0.998462129950019,0,0,0,0,,,0,0,2597,2597,0,0,8.24759066242464e-05,0.000466605877717043,0.00162584967507584,2.08191251044321e-07,0.000160974163563208,0.000164632711836643,6.18054374681432e-05,0.000310189401800152
"E100R1","exact","SAS_parameter","threshold","common_point_converged",2601,0.998462129950019,0.000768935024990388,0.998462129950019,0.998462129950019,0,0,0,0,,,0,0,2597,2597,0,0,8.24759066242464e-05,0.000466605877717043,0.00162584967507584,2.08191251044321e-07,0.000160974163563208,0.000164632711836643,6.18054374681432e-05,0.000310189401800152
"E100R1","exact","SAS_parameter","threshold","common_inference_available",2601,0.991541714725106,0.000768935024990388,0.991541714725106,0.991541714725106,0,0,0,0,,,0,0,2579,2579,0,0,8.10473986012639e-05,0.000460571697547108,0.00162584967507584,2.08191250947176e-07,0.000161076515669038,0.000164632711836643,6.16838623219707e-05,0.000310263089295697
"E200R1","exact","SAS_parameter","threshold","all_outputs",10201,1,0.000196059209881384,0.999803940790118,0.999803940790118,0,0,0,0,,,0,0,10199,10199,0.000196059209881384,0,3.35529303621129e-05,0.000604131260841534,0.00253398607561195,4.75975128543882e-09,5.22332342802745e-05,0.000114758192825692,2.52039603236831e-05,0.000378986909704189
"E200R1","exact","SAS_parameter","threshold","both_point_converged",10201,0.999607881580237,0.000196059209881384,0.999607881580237,0.999607881580237,0,0,0,0,,,0,0,10197,10197,0,0,3.3552930347458e-05,0.000604131260841712,0.00253398607561195,4.75975128560145e-09,5.22332342803855e-05,0.000114758192825692,2.51809886426813e-05,0.000378986909704651
"E200R1","exact","SAS_parameter","threshold","common_point_converged",10201,0.999607881580237,0.000196059209881384,0.999607881580237,0.999607881580237,0,0,0,0,,,0,0,10197,10197,0,0,3.3552930347458e-05,0.000604131260841712,0.00253398607561195,4.75975128560145e-09,5.22332342803855e-05,0.000114758192825692,2.51809886426813e-05,0.000378986909704651
"E200R1","exact","SAS_parameter","threshold","common_inference_available",10201,0.986962062542888,0.000196059209881384,0.986962062542888,0.986962062542888,0,0,0,0,,,0,0,10068,10068,0,0,3.30015748173373e-05,0.000525687778077869,0.00253398607521227,4.49763907362085e-09,5.22332342861176e-05,0.000114758192825692,2.50914408952141e-05,0.00034459137933303
"E020R4","exact","SAS_parameter","threshold","all_outputs",85,1,0.0235294117647059,0.976470588235294,0.976470588235294,0,0,0,0,,,0,0,83,83,0.0235294117647059,0,0.000200508614006001,0.000910717669286853,0.000910717669286853,2.23172008370076e-05,0.000136024697771671,0.000136024697771853,0.000131151701645349,0.000405780131782052
"E020R4","exact","SAS_parameter","threshold","both_point_converged",85,0.952941176470588,0.0235294117647059,0.952941176470588,0.952941176470588,0,0,0,0,,,0,0,81,81,0,0,0.000190369077704311,0.000910717669286853,0.000910717669286853,2.23172008371186e-05,0.000136024697771675,0.000136024697771853,0.000131151701645349,0.000405780131782052
"E020R4","exact","SAS_parameter","threshold","common_point_converged",85,0.952941176470588,0.0235294117647059,0.952941176470588,0.952941176470588,0,0,0,0,,,0,0,81,81,0,0,0.000190369077704311,0.000910717669286853,0.000910717669286853,2.23172008371186e-05,0.000136024697771675,0.000136024697771853,0.000131151701645349,0.000405780131782052
"E020R4","exact","SAS_parameter","threshold","common_inference_available",85,0.952941176470588,0.0235294117647059,0.952941176470588,0.952941176470588,0,0,0,0,,,0,0,81,81,0,0,0.000190369077704311,0.000910717669286853,0.000910717669286853,2.23172008371186e-05,0.000136024697771675,0.000136024697771853,0.000131151701645349,0.000405780131782052
"E050R4","exact","SAS_parameter","threshold","all_outputs",451,1,0.00443458980044346,0.995565410199557,0.995565410199557,0,0,0,0,,,0,0,449,449,0.00443458980044346,0,0.000133920166675239,0.00141733008691826,0.00148681940892104,1.40110015909578e-05,0.000258844637827411,0.000290989197103686,0.000111228037226407,0.000610221417958634
"E050R4","exact","SAS_parameter","threshold","both_point_converged",451,0.991130820399113,0.00443458980044346,0.991130820399113,0.991130820399113,0,0,0,0,,,0,0,447,447,0,0,0.000134638873794835,0.00141733008691828,0.00148681940892104,1.43535727665789e-05,0.00025884463782744,0.000290989197103686,0.000113008508285883,0.000610221417958634
"E050R4","exact","SAS_parameter","threshold","common_point_converged",451,0.991130820399113,0.00443458980044346,0.991130820399113,0.991130820399113,0,0,0,0,,,0,0,447,447,0,0,0.000134638873794835,0.00141733008691828,0.00148681940892104,1.43535727665789e-05,0.00025884463782744,0.000290989197103686,0.000113008508285883,0.000610221417958634
"E050R4","exact","SAS_parameter","threshold","common_inference_available",451,0.991130820399113,0.00443458980044346,0.991130820399113,0.991130820399113,0,0,0,0,,,0,0,447,447,0,0,0.000134638873794835,0.00141733008691828,0.00148681940892104,1.43535727665789e-05,0.00025884463782744,0.000290989197103686,0.000113008508285883,0.000610221417958634
"E100R4","exact","SAS_parameter","threshold","all_outputs",1701,1,0.00117577895355673,0.998824221046443,0.998824221046443,0,0,0,0,,,0,0,1699,1699,0.00117577895355673,0,0.000103742717009858,0.00100444387945238,0.00186702478374201,2.48669216479369e-06,0.000374815732586935,0.000477882586799483,7.37071578238435e-05,0.000513906350495779
"E100R4","exact","SAS_parameter","threshold","both_point_converged",1701,0.997648442092887,0.00117577895355673,0.997648442092887,0.997648442092887,0,0,0,0,,,0,0,1697,1697,0,0,0.000103313301413888,0.00100444387945245,0.00186702478374201,2.48669216487696e-06,0.000374815732586962,0.000477882586799483,7.35250812054222e-05,0.000513906350495805
"E100R4","exact","SAS_parameter","threshold","common_point_converged",1701,0.997648442092887,0.00117577895355673,0.997648442092887,0.997648442092887,0,0,0,0,,,0,0,1697,1697,0,0,0.000103313301413888,0.00100444387945245,0.00186702478374201,2.48669216487696e-06,0.000374815732586962,0.000477882586799483,7.35250812054222e-05,0.000513906350495805
"E100R4","exact","SAS_parameter","threshold","common_inference_available",1701,0.997648442092887,0.00117577895355673,0.997648442092887,0.997648442092887,0,0,0,0,,,0,0,1697,1697,0,0,0.000103313301413888,0.00100444387945245,0.00186702478374201,2.48669216487696e-06,0.000374815732586962,0.000477882586799483,7.35250812054222e-05,0.000513906350495805
"E200R4","exact","SAS_parameter","threshold","all_outputs",6601,1,0.00030298439630359,0.999697015603697,0.999697015603697,0,0,0,0,,,0,0,6599,6599,0.00030298439630359,0,7.19575949865714e-05,0.00086331916462923,0.0033034819455029,2.83803418259232e-07,0.000426425885830685,0.000812431296582816,5.93842544640566e-05,0.000470509661171434
"E200R4","exact","SAS_parameter","threshold","both_point_converged",6601,0.999394031207393,0.00030298439630359,0.999394031207393,0.999394031207393,0,0,0,0,,,0,0,6597,6597,0,0,7.19575949867934e-05,0.000863990980604113,0.0033034819455029,2.8380341826964e-07,0.00042664221807608,0.000812431296582816,5.93842544645007e-05,0.000470790702911969
"E200R4","exact","SAS_parameter","threshold","common_point_converged",6601,0.999394031207393,0.00030298439630359,0.999394031207393,0.999394031207393,0,0,0,0,,,0,0,6597,6597,0,0,7.19575949867934e-05,0.000863990980604113,0.0033034819455029,2.8380341826964e-07,0.00042664221807608,0.000812431296582816,5.93842544645007e-05,0.000470790702911969
"E200R4","exact","SAS_parameter","threshold","common_inference_available",6601,0.995152249659143,0.00030298439630359,0.995152249659143,0.995152249659143,0,0,0,0,,,0,0,6569,6569,0,0,7.30768577907881e-05,0.0008549834456927,0.0033034819455029,2.87552204087001e-07,0.000429670869511548,0.000812431296582816,5.99628712662087e-05,0.000474454982337358
"C40R00","simulation","SAS_parameter","threshold","all_outputs",2500,1,0.048,0.952,0.952,0,0,0,0,0,0,0,0,2380,2380,0.0404,0,8.35791456741397e-05,0.00113947941422055,0.00259901720408617,1.441217731879e-05,0.000123050409511216,0.00024339297037046,4.31546619357182e-05,0.000576610737932803
"C40R00","simulation","SAS_parameter","threshold","both_point_converged",2500,0.9116,0.048,0.9116,0.9116,0,0,0,0,0,0,0,0,2279,2279,0,0,9.03161877641168e-05,0.0012485216962439,0.00259901720408617,1.53768033201995e-05,0.000124686743226521,0.00024339297037046,4.62475089005876e-05,0.000578728290852482
"C40R00","simulation","SAS_parameter","threshold","common_point_converged",2500,0.8668,0.048,0.8668,0.8668,0,0,0,0,0,0,0,0,2167,2167,0,0,8.34714770006073e-05,0.000777789553056962,0.00224873620402377,1.46919093950704e-05,0.000102901071131201,0.000176061933028326,4.36407471616686e-05,0.000391713797872395
"C40R00","simulation","SAS_parameter","threshold","common_inference_available",2500,0.8568,0.048,0.8568,0.8568,0,0,0,0,0,0,0,0,2142,2142,0,0,8.2742593721985e-05,0.000758016840219256,0.00179983091215519,1.46571812411622e-05,0.000102901071131201,0.000176061933028326,4.32098994989083e-05,0.000384592250020965
"C100R00","simulation","SAS_parameter","threshold","all_outputs",2500,1,0.0032,0.9968,0.9968,0,0,0,0,0,0,0,0,2492,2492,0.0044,0,5.4177025011759e-05,0.000555079187473329,0.00146830841042789,9.29853545073023e-06,0.000126540891023597,0.000215170408904508,2.85743122592774e-05,0.000267179282124108
"C100R00","simulation","SAS_parameter","threshold","both_point_converged",2500,0.9924,0.0032,0.9924,0.9924,0,0,0,0,0,0,0,0,2481,2481,0,0,5.43561299377604e-05,0.000555079187473329,0.00146830841042789,9.36622770220108e-06,0.000126540891023597,0.000215170408904508,2.88473437863312e-05,0.000267179282124108
"C100R00","simulation","SAS_parameter","threshold","common_point_converged",2500,0.9832,0.0032,0.9832,0.9832,0,0,0,0,0,0,0,0,2458,2458,0,0,5.40100755037631e-05,0.000469377853686836,0.00112868578573533,9.34169290978115e-06,0.000121069886814928,0.000215170408904508,2.84655641380471e-05,0.000251118771571024
"C100R00","simulation","SAS_parameter","threshold","common_inference_available",2500,0.9828,0.0032,0.9828,0.9828,0,0,0,0,0,0,0,0,2457,2457,0,0,5.40100755037631e-05,0.000469377853686836,0.00112868578573533,9.35827689696467e-06,0.000121069886814928,0.000215170408904508,2.84655641380471e-05,0.000251118771571024
"C40R50","simulation","SAS_parameter","threshold","all_outputs",2500,1,0.048,0.952,0.952,0,0,0,0,0,0,0,0,2380,2380,0.0508,0,8.81075200203085e-05,0.00126373883215436,0.0121560286789233,1.45236852873154e-05,0.000129879969274049,0.000861137580387195,4.41426772215259e-05,0.000599593450603564
"C40R50","simulation","SAS_parameter","threshold","both_point_converged",2500,0.9012,0.048,0.9012,0.9012,0,0,0,0,0,0,0,0,2253,2253,0,0,9.50705844671162e-05,0.00129758159615534,0.0121560286789233,1.55505419332513e-05,0.000130101723033738,0.000861137580387195,4.88037079073855e-05,0.000629331872514571
"C40R50","simulation","SAS_parameter","threshold","common_point_converged",2500,0.8516,0.048,0.8516,0.8516,0,0,0,0,0,0,0,0,2129,2129,0,0,8.90497037313587e-05,0.000759620900963043,0.00179983091437297,1.48365040313347e-05,0.000105880377626155,0.00020423723901497,4.50161074128097e-05,0.000384268288423861
"C40R50","simulation","SAS_parameter","threshold","common_inference_available",2500,0.8404,0.048,0.8404,0.8404,0,0,0,0,0,0,0,0,2101,2101,0,0,8.74658634195669e-05,0.000732179531414801,0.00179983091437297,1.48240061470517e-05,0.000105880377626155,0.00020423723901497,4.47235005063273e-05,0.000379146386228602
"C100R50","simulation","SAS_parameter","threshold","all_outputs",2500,1,0.004,0.996,0.996,0,0,0,0,0,0,0,0,2490,2490,0.0036,0,5.88586975882599e-05,0.000598809096021391,0.0016595913561801,9.76446143863274e-06,0.000129033464917772,0.000229480463447507,3.07364970496549e-05,0.000325596085528623
"C100R50","simulation","SAS_parameter","threshold","both_point_converged",2500,0.9924,0.004,0.9924,0.9924,0,0,0,0,0,0,0,0,2481,2481,0,0,5.91794317044148e-05,0.000598809096021391,0.0016595913561801,9.82337901578312e-06,0.000129033464917772,0.000229480463447507,3.0934536581595e-05,0.000325596085528623
"C100R50","simulation","SAS_parameter","threshold","common_point_converged",2500,0.982,0.004,0.982,0.982,0,0,0,0,0,0,0,0,2455,2455,0,0,5.84723839207602e-05,0.000563904174900376,0.00112868578571934,9.7700211161289e-06,0.000125031042631951,0.000229480463447507,3.0644679035241e-05,0.000305940740304544
"C100R50","simulation","SAS_parameter","threshold","common_inference_available",2500,0.9816,0.004,0.9816,0.9816,0,0,0,0,0,0,0,0,2454,2454,0,0,5.8405983546006e-05,0.000563904174900376,0.00112868578571934,9.7700211161289e-06,0.000125031042631951,0.000229480463447507,3.06258462384745e-05,0.000305940740304544
"C40R90","simulation","SAS_parameter","threshold","all_outputs",2500,1,0.0524,0.9476,0.9476,0,0,0,0,0,0,0,0,2369,2369,0.0652,0,9.59537442648539e-05,0.00153905702547874,0.0137835268476518,1.53881468858419e-05,0.000144392947184047,0.000861137580380644,4.81403363786909e-05,0.000719525745033867
"C40R90","simulation","SAS_parameter","threshold","both_point_converged",2500,0.8824,0.0524,0.8824,0.8824,0,0,0,0,0,0,0,0,2206,2206,0,0,0.000107222506107618,0.00155435748058341,0.0137835268476518,1.67937203897628e-05,0.000146023821909647,0.000861137580380644,5.45663423958676e-05,0.000728262549141601
"C40R90","simulation","SAS_parameter","threshold","common_point_converged",2500,0.8172,0.0524,0.8172,0.8172,0,0,0,0,0,0,0,0,2043,2043,0,0,9.68252469359943e-05,0.000799786663854718,0.00179983091215963,1.58944140616901e-05,0.000119340050922956,0.00019154239942909,4.9465249850611e-05,0.000413078677130141
"C40R90","simulation","SAS_parameter","threshold","common_inference_available",2500,0.8088,0.0524,0.8088,0.8088,0,0,0,0,0,0,0,0,2022,2022,0,0,9.52223737771263e-05,0.000789927094530185,0.00179983091215963,1.58957988716235e-05,0.000119340050922956,0.00019154239942909,4.8878522800333e-05,0.000409192895957755
"C100R90","simulation","SAS_parameter","threshold","all_outputs",2500,1,0.0044,0.9956,0.9956,0,0,0,0,0,0,0,0,2489,2489,0.0052,0,6.46639807033722e-05,0.000586222451023133,0.00142590116340013,1.01047829819123e-05,0.000129019186750123,0.000198952915791972,3.04123773203768e-05,0.000318019413739032
"C100R90","simulation","SAS_parameter","threshold","both_point_converged",2500,0.9904,0.0044,0.9904,0.9904,0,0,0,0,0,0,0,0,2476,2476,0,0,6.49565193557855e-05,0.000586222451023133,0.00142590116340013,1.01868035907726e-05,0.000129019186750123,0.000198952915791972,3.05697187679144e-05,0.000318019413739032
"C100R90","simulation","SAS_parameter","threshold","common_point_converged",2500,0.9792,0.0044,0.9792,0.9792,0,0,0,0,0,0,0,0,2448,2448,0,0,6.41953649394011e-05,0.000534501188617753,0.00124075335750184,1.01283866364987e-05,0.000126032249803232,0.000198952915791972,3.01941188268762e-05,0.000302624067316848
"C100R90","simulation","SAS_parameter","threshold","common_inference_available",2500,0.9792,0.0044,0.9792,0.9792,0,0,0,0,0,0,0,0,2448,2448,0,0,6.41953649394011e-05,0.000534501188617753,0.00124075335750184,1.01283866364987e-05,0.000126032249803232,0.000198952915791972,3.01941188268762e-05,0.000302624067316848
"C40R99","simulation","SAS_parameter","threshold","all_outputs",2500,1,0.0532,0.9468,0.9468,0,0,0,0,0,0,0,0,2367,2367,0.0696,0,0.000103739495341593,0.00154934689523234,0.00452762820955854,1.62079753649458e-05,0.000157242467063723,0.000941558389425001,5.25603540229014e-05,0.000735752833911807
"C40R99","simulation","SAS_parameter","threshold","both_point_converged",2500,0.8772,0.0532,0.8772,0.8772,0,0,0,0,0,0,0,0,2193,2193,0,0,0.000118779412465297,0.00164886277649323,0.00452762820955854,1.82498072970327e-05,0.000160492297002435,0.000941558389425001,5.92369318979102e-05,0.000794629771156297
"C40R99","simulation","SAS_parameter","threshold","common_point_converged",2500,0.7896,0.0532,0.7896,0.7896,0,0,0,0,0,0,0,0,1974,1974,0,0,0.000102373691712065,0.000799786663838731,0.00179983091213831,1.65063295034518e-05,0.000126231990602244,0.000191542399421651,5.22351985536851e-05,0.000393605013032428
"C40R99","simulation","SAS_parameter","threshold","common_inference_available",2500,0.7812,0.0532,0.7812,0.7812,0,0,0,0,0,0,0,0,1953,1953,0,0,0.00010070118205352,0.000775001501089001,0.00179983091213831,1.65063295034518e-05,0.000126231990602244,0.000191542399421651,5.14408181301815e-05,0.000389651212527209
"C100R99","simulation","SAS_parameter","threshold","all_outputs",2500,1,0.0044,0.9956,0.9956,0,0,0,0,0,0,0,0,2489,2489,0.0056,0,6.59008855836696e-05,0.000613567346913868,0.00263156994725477,1.10066517526874e-05,0.000128076187659421,0.000205015711244427,3.19998873825195e-05,0.000325596085784863
"C100R99","simulation","SAS_parameter","threshold","both_point_converged",2500,0.99,0.0044,0.99,0.99,0,0,0,0,0,0,0,0,2475,2475,0,0,6.63903977731195e-05,0.000613567346913868,0.00263156994725477,1.11021631600261e-05,0.000128076187659421,0.000205015711244427,3.23904121338758e-05,0.000325596085784863
"C100R99","simulation","SAS_parameter","threshold","common_point_converged",2500,0.9748,0.0044,0.9748,0.9748,0,0,0,0,0,0,0,0,2437,2437,0,0,6.53619760497826e-05,0.000564946892349205,0.00151674580364958,1.10616772599492e-05,0.000126032249804564,0.000198952915778206,3.18869575184344e-05,0.000317142567131778
"C100R99","simulation","SAS_parameter","threshold","common_inference_available",2500,0.9744,0.0044,0.9744,0.9744,0,0,0,0,0,0,0,0,2436,2436,0,0,6.53051095151902e-05,0.000551184657637815,0.00151674580364958,1.10616772599492e-05,0.000126032249804564,0.000198952915778206,3.18748687631043e-05,0.000311420339520918
"E020R1","exact","SAS_PL_control","profile","all_outputs",121,1,0.0165289256198347,0.983471074380165,0.983471074380165,0,0,0,0,,,0,0,119,119,0,0,1.87962692930199e-05,0.000171096590040882,0.000171096590289466,0,0,0,0,0
"E020R1","exact","SAS_PL_control","profile","both_point_converged",121,0.983471074380165,0.0165289256198347,0.983471074380165,0.983471074380165,0,0,0,0,,,0,0,119,119,0,0,1.87962692930199e-05,0.000171096590040882,0.000171096590289466,0,0,0,0,0
"E020R1","exact","SAS_PL_control","profile","common_point_converged",121,0.966942148760331,0.0165289256198347,0.966942148760331,0.966942148760331,0,0,0,0,,,0,0,117,117,0,0,1.87962692930199e-05,0.000171096590052713,0.000171096590289466,0,0,0,0,0
"E020R1","exact","SAS_PL_control","profile","common_inference_available",121,0.966942148760331,0.0165289256198347,0.966942148760331,0.966942148760331,0,0,0,0,,,0,0,117,117,0,0,1.87962692930199e-05,0.000171096590052713,0.000171096590289466,0,0,0,0,0
"E050R1","exact","SAS_PL_control","profile","all_outputs",676,1,0.0029585798816568,0.997041420118343,0.997041420118343,0,0,0,0,,,0,0,674,674,0,0,2.68127275160346e-07,6.10032279684525e-05,0.000138949977595004,0,0,0,0,0
"E050R1","exact","SAS_PL_control","profile","both_point_converged",676,0.997041420118343,0.0029585798816568,0.997041420118343,0.997041420118343,0,0,0,0,,,0,0,674,674,0,0,2.68127275160346e-07,6.10032279684525e-05,0.000138949977595004,0,0,0,0,0
"E050R1","exact","SAS_PL_control","profile","common_point_converged",676,0.994082840236686,0.0029585798816568,0.994082840236686,0.994082840236686,0,0,0,0,,,0,0,672,672,0,0,2.68127269442697e-07,6.10032279687012e-05,0.000138949977595004,0,0,0,0,0
"E050R1","exact","SAS_PL_control","profile","common_inference_available",676,0.994082840236686,0.0029585798816568,0.994082840236686,0.994082840236686,0,0,0,0,,,0,0,672,672,0,0,2.68127269442697e-07,6.10032279687012e-05,0.000138949977595004,0,0,0,0,0
"E100R1","exact","SAS_PL_control","profile","all_outputs",2601,1,0.000768935024990388,0.992310649750096,0.99923106497501,0,0,0,0,,,0,0,2581,2599,0,0,4.23669585281061e-06,2.93332094943642e-05,3.69917116360696e-05,0,0,0,0,0
"E100R1","exact","SAS_PL_control","profile","both_point_converged",2601,0.99923106497501,0.000768935024990388,0.992310649750096,0.99923106497501,0,0,0,0,,,0,0,2581,2599,0,0,4.23669585281061e-06,2.93332094943642e-05,3.69917116360696e-05,0,0,0,0,0
"E100R1","exact","SAS_PL_control","profile","common_point_converged",2601,0.998462129950019,0.000768935024990388,0.991541714725106,0.998462129950019,0,0,0,0,,,0,0,2579,2597,0,0,4.23669582616526e-06,2.91486266185981e-05,3.69917116360696e-05,0,0,0,0,0
"E100R1","exact","SAS_PL_control","profile","common_inference_available",2601,0.991541714725106,0.000768935024990388,0.991541714725106,0.991541714725106,0,0,0,0,,,0,0,2579,2579,0,0,4.23669582616526e-06,2.91486266185981e-05,3.69917116360696e-05,0,0,0,0,0
"E200R1","exact","SAS_PL_control","profile","all_outputs",10201,1,0.000196059209881384,0.987158121752769,0.999803940790118,0,0,0,0,,,0,0,10070,10199,0,0,3.61331627929395e-06,1.98334143659507e-05,6.93258937349839e-05,0,0,0,0,0
"E200R1","exact","SAS_PL_control","profile","both_point_converged",10201,0.999803940790118,0.000196059209881384,0.987158121752769,0.999803940790118,0,0,0,0,,,0,0,10070,10199,0,0,3.61331627929395e-06,1.98334143659507e-05,6.93258937349839e-05,0,0,0,0,0
"E200R1","exact","SAS_PL_control","profile","common_point_converged",10201,0.999607881580237,0.000196059209881384,0.986962062542888,0.999607881580237,0,0,0,0,,,0,0,10068,10197,0,0,3.61331620601923e-06,1.96890876681977e-05,6.93258937349839e-05,0,0,0,0,0
"E200R1","exact","SAS_PL_control","profile","common_inference_available",10201,0.986962062542888,0.000196059209881384,0.986962062542888,0.986962062542888,0,0,0,0,,,0,0,10068,10068,0,0,3.61331620601923e-06,1.96890876681977e-05,6.93258937349839e-05,0,0,0,0,0
"E020R4","exact","SAS_PL_control","profile","all_outputs",85,1,0.0235294117647059,0.976470588235294,0.976470588235294,0,0,0,0,,,0,0,83,83,0.0235294117647059,0,1.97864415278914e-05,0.000171564502101198,0.000171564502114308,0,0,0,0,0
"E020R4","exact","SAS_PL_control","profile","both_point_converged",85,0.952941176470588,0.0235294117647059,0.952941176470588,0.952941176470588,0,0,0,0,,,0,0,81,81,0,0,1.97864415421023e-05,0.000171564502101518,0.000171564502114308,0,0,0,0,0
"E020R4","exact","SAS_PL_control","profile","common_point_converged",85,0.952941176470588,0.0235294117647059,0.952941176470588,0.952941176470588,0,0,0,0,,,0,0,81,81,0,0,1.97864415421023e-05,0.000171564502101518,0.000171564502114308,0,0,0,0,0
"E020R4","exact","SAS_PL_control","profile","common_inference_available",85,0.952941176470588,0.0235294117647059,0.952941176470588,0.952941176470588,0,0,0,0,,,0,0,81,81,0,0,1.97864415421023e-05,0.000171564502101518,0.000171564502114308,0,0,0,0,0
"E050R4","exact","SAS_PL_control","profile","all_outputs",451,1,0.00443458980044346,0.995565410199557,0.995565410199557,0,0,0,0,,,0,0,449,449,0,0,2.6788719460491e-06,6.55647024310113e-05,0.000146664616996972,0,0,0,0,0
"E050R4","exact","SAS_PL_control","profile","both_point_converged",451,0.995565410199557,0.00443458980044346,0.995565410199557,0.995565410199557,0,0,0,0,,,0,0,449,449,0,0,2.6788719460491e-06,6.55647024310113e-05,0.000146664616996972,0,0,0,0,0
"E050R4","exact","SAS_PL_control","profile","common_point_converged",451,0.991130820399113,0.00443458980044346,0.991130820399113,0.991130820399113,0,0,0,0,,,0,0,447,447,0,0,2.67274365128856e-06,6.55647024321126e-05,0.000146664616996972,0,0,0,0,0
"E050R4","exact","SAS_PL_control","profile","common_inference_available",451,0.991130820399113,0.00443458980044346,0.991130820399113,0.991130820399113,0,0,0,0,,,0,0,447,447,0,0,2.67274365128856e-06,6.55647024321126e-05,0.000146664616996972,0,0,0,0,0
"E100R4","exact","SAS_PL_control","profile","all_outputs",1701,1,0.00117577895355673,0.998824221046443,0.998824221046443,0,0,0,0,,,0,0,1699,1699,0,0,2.35133389425712e-07,4.22797951843434e-05,0.000176108944847542,0,0,0,0,0
"E100R4","exact","SAS_PL_control","profile","both_point_converged",1701,0.998824221046443,0.00117577895355673,0.998824221046443,0.998824221046443,0,0,0,0,,,0,0,1699,1699,0,0,2.35133389425712e-07,4.22797951843434e-05,0.000176108944847542,0,0,0,0,0
"E100R4","exact","SAS_PL_control","profile","common_point_converged",1701,0.997648442092887,0.00117577895355673,0.997648442092887,0.997648442092887,0,0,0,0,,,0,0,1697,1697,0,0,2.35133292170175e-07,4.22797951849008e-05,0.000176108944847542,0,0,0,0,0
"E100R4","exact","SAS_PL_control","profile","common_inference_available",1701,0.997648442092887,0.00117577895355673,0.997648442092887,0.997648442092887,0,0,0,0,,,0,0,1697,1697,0,0,2.35133292170175e-07,4.22797951849008e-05,0.000176108944847542,0,0,0,0,0
"E200R4","exact","SAS_PL_control","profile","all_outputs",6601,1,0.00030298439630359,0.995455234055446,0.999697015603697,0,0,0,0,,,0,0,6571,6599,0,0,7.32062365527142e-06,2.67421257214018e-05,9.86098792639112e-05,0,0,0,0,0
"E200R4","exact","SAS_PL_control","profile","both_point_converged",6601,0.999697015603697,0.00030298439630359,0.995455234055446,0.999697015603697,0,0,0,0,,,0,0,6571,6599,0,0,7.32062365527142e-06,2.67421257214018e-05,9.86098792639112e-05,0,0,0,0,0
"E200R4","exact","SAS_PL_control","profile","common_point_converged",6601,0.999394031207393,0.00030298439630359,0.995152249659143,0.999394031207393,0,0,0,0,,,0,0,6569,6597,0,0,7.3188217819542e-06,2.6631245308657e-05,9.86098792639112e-05,0,0,0,0,0
"E200R4","exact","SAS_PL_control","profile","common_inference_available",6601,0.995152249659143,0.00030298439630359,0.995152249659143,0.995152249659143,0,0,0,0,,,0,0,6569,6569,0,0,7.3188217819542e-06,2.6631245308657e-05,9.86098792639112e-05,0,0,0,0,0
"C40R00","simulation","SAS_PL_control","profile","all_outputs",2500,1,0.048,0.9504,0.952,0,0,0,0,0,0,0,0,2376,2380,0.0404,0,5.0943237357437e-05,0.00074129211789753,3.93305419802511,0,0,0,0,0
"C40R00","simulation","SAS_PL_control","profile","both_point_converged",2500,0.9116,0.048,0.91,0.9116,0,0,0,0,0,0,0,0,2275,2279,0,0,4.80108738756257e-05,0.00068613730051581,3.93305419802511,0,0,0,0,0
"C40R00","simulation","SAS_PL_control","profile","common_point_converged",2500,0.8668,0.048,0.866,0.8668,0,0,0,0,0,0,0,0,2165,2167,0,0,4.48182995904656e-05,0.000533833813586071,3.93305419802511,0,0,0,0,0
"C40R00","simulation","SAS_PL_control","profile","common_inference_available",2500,0.8568,0.048,0.8568,0.8568,0,0,0,0,0,0,0,0,2142,2142,0,0,4.41061661229369e-05,0.000471208272026402,3.93305419802511,0,0,0,0,0
"C100R00","simulation","SAS_PL_control","profile","all_outputs",2500,1,0.0032,0.9968,0.9968,0,0,0,0,0,0,0,0,2492,2492,0.0044,0,2.25470831973773e-05,0.000303002089576232,0.001199001456472,0,0,0,0,0
"C100R00","simulation","SAS_PL_control","profile","both_point_converged",2500,0.9924,0.0032,0.9924,0.9924,0,0,0,0,0,0,0,0,2481,2481,0,0,2.23540689958668e-05,0.000279664989259132,0.001199001456472,0,0,0,0,0
"C100R00","simulation","SAS_PL_control","profile","common_point_converged",2500,0.9832,0.0032,0.9832,0.9832,0,0,0,0,0,0,0,0,2458,2458,0,0,2.20449417025481e-05,0.000247169974742611,0.000994670622315397,0,0,0,0,0
"C100R00","simulation","SAS_PL_control","profile","common_inference_available",2500,0.9828,0.0032,0.9828,0.9828,0,0,0,0,0,0,0,0,2457,2457,0,0,2.20449417025481e-05,0.000247169974742611,0.000994670622315397,0,0,0,0,0
"C40R50","simulation","SAS_PL_control","profile","all_outputs",2500,1,0.048,0.9504,0.952,0,0,0,0,0,0,0,0,2376,2380,0.0508,0,5.54280000861773e-05,0.000817892209987292,3.93305419802441,0,0,0,0,0
"C40R50","simulation","SAS_PL_control","profile","both_point_converged",2500,0.9012,0.048,0.8996,0.9012,0,0,0,0,0,0,0,0,2249,2253,0,0,5.19053547867188e-05,0.000698162511856282,3.93305419802441,0,0,0,0,0
"C40R50","simulation","SAS_PL_control","profile","common_point_converged",2500,0.8516,0.048,0.8512,0.8516,0,0,0,0,0,0,0,0,2128,2129,0,0,4.7633787875867e-05,0.000545601900689086,3.93305419802441,0,0,0,0,0
"C40R50","simulation","SAS_PL_control","profile","common_inference_available",2500,0.8404,0.048,0.8404,0.8404,0,0,0,0,0,0,0,0,2101,2101,0,0,4.68093776757605e-05,0.000482465329117332,3.93305419802441,0,0,0,0,0
"C100R50","simulation","SAS_PL_control","profile","all_outputs",2500,1,0.004,0.996,0.996,0,0,0,0,0,0,0,0,2490,2490,0.0036,0,2.47471003995692e-05,0.000282795575474282,0.00119900145647289,0,0,0,0,0
"C100R50","simulation","SAS_PL_control","profile","both_point_converged",2500,0.9924,0.004,0.9924,0.9924,0,0,0,0,0,0,0,0,2481,2481,0,0,2.45738535489259e-05,0.00027600819814122,0.00119900145647289,0,0,0,0,0
"C100R50","simulation","SAS_PL_control","profile","common_point_converged",2500,0.982,0.004,0.982,0.982,0,0,0,0,0,0,0,0,2455,2455,0,0,2.42236593437362e-05,0.000253481347962214,0.000522190454307569,0,0,0,0,0
"C100R50","simulation","SAS_PL_control","profile","common_inference_available",2500,0.9816,0.004,0.9816,0.9816,0,0,0,0,0,0,0,0,2454,2454,0,0,2.41383318844157e-05,0.000253481347962214,0.000522190454307569,0,0,0,0,0
"C40R90","simulation","SAS_PL_control","profile","all_outputs",2500,1,0.0524,0.9456,0.9476,0,0,0,0,0,0,0,0,2364,2369,0.0652,0,5.731274440679e-05,0.000921829584397571,0.99434178017125,0,0,0,0,0
"C40R90","simulation","SAS_PL_control","profile","both_point_converged",2500,0.8824,0.0524,0.8804,0.8824,0,0,0,0,0,0,0,0,2201,2206,0,0,5.19954341093865e-05,0.000760423695219004,0.20300424151056,0,0,0,0,0
"C40R90","simulation","SAS_PL_control","profile","common_point_converged",2500,0.8172,0.0524,0.8168,0.8172,0,0,0,0,0,0,0,0,2042,2043,0,0,4.7148663360419e-05,0.000567053874988233,0.20300424151056,0,0,0,0,0
"C40R90","simulation","SAS_PL_control","profile","common_inference_available",2500,0.8088,0.0524,0.8088,0.8088,0,0,0,0,0,0,0,0,2022,2022,0,0,4.63727776400802e-05,0.000554642564000396,0.20300424151056,0,0,0,0,0
"C100R90","simulation","SAS_PL_control","profile","all_outputs",2500,1,0.0044,0.9956,0.9956,0,0,0,0,0,0,0,0,2489,2489,0.0052,0,2.63429053806163e-05,0.000268670079957012,0.000493641996466287,0,0,0,0,0
"C100R90","simulation","SAS_PL_control","profile","both_point_converged",2500,0.9904,0.0044,0.9904,0.9904,0,0,0,0,0,0,0,0,2476,2476,0,0,2.60594547309978e-05,0.000259244780588475,0.000493641996466287,0,0,0,0,0
"C100R90","simulation","SAS_PL_control","profile","common_point_converged",2500,0.9792,0.0044,0.9792,0.9792,0,0,0,0,0,0,0,0,2448,2448,0,0,2.53557116880465e-05,0.000237454006733806,0.000447237397823486,0,0,0,0,0
"C100R90","simulation","SAS_PL_control","profile","common_inference_available",2500,0.9792,0.0044,0.9792,0.9792,0,0,0,0,0,0,0,0,2448,2448,0,0,2.53557116880465e-05,0.000237454006733806,0.000447237397823486,0,0,0,0,0
"C40R99","simulation","SAS_PL_control","profile","all_outputs",2500,1,0.0532,0.9448,0.9468,0,0,0,0,0,0,0,0,2362,2367,0.0696,0,5.72523983084494e-05,0.000957472960084971,0.994341780160948,0,0,0,0,0
"C40R99","simulation","SAS_PL_control","profile","both_point_converged",2500,0.8772,0.0532,0.8752,0.8772,0,0,0,0,0,0,0,0,2188,2193,0,0,5.18736720032109e-05,0.00077436189179636,0.751419760370308,0,0,0,0,0
"C40R99","simulation","SAS_PL_control","profile","common_point_converged",2500,0.7896,0.0532,0.7892,0.7896,0,0,0,0,0,0,0,0,1973,1974,0,0,4.5340188802534e-05,0.00051883652083351,0.203004241510553,0,0,0,0,0
"C40R99","simulation","SAS_PL_control","profile","common_inference_available",2500,0.7812,0.0532,0.7812,0.7812,0,0,0,0,0,0,0,0,1953,1953,0,0,4.49575635474986e-05,0.000514586231045833,0.203004241510553,0,0,0,0,0
"C100R99","simulation","SAS_PL_control","profile","all_outputs",2500,1,0.0044,0.9952,0.9956,0,0,0,0,0,0,0,0,2488,2489,0.0056,0,2.53005714641041e-05,0.000285223733674123,0.000624100388311177,0,0,0,0,0
"C100R99","simulation","SAS_PL_control","profile","both_point_converged",2500,0.99,0.0044,0.9896,0.99,0,0,0,0,0,0,0,0,2474,2475,0,0,2.52205203565836e-05,0.000265068641707167,0.000493641995844563,0,0,0,0,0
"C100R99","simulation","SAS_PL_control","profile","common_point_converged",2500,0.9748,0.0044,0.9744,0.9748,0,0,0,0,0,0,0,0,2436,2437,0,0,2.44684755690283e-05,0.000232456740619114,0.000454310770409805,0,0,0,0,0
"C100R99","simulation","SAS_PL_control","profile","common_inference_available",2500,0.9744,0.0044,0.9744,0.9744,0,0,0,0,0,0,0,0,2436,2436,0,0,2.44684755690283e-05,0.000232456740619114,0.000454310770409805,0,0,0,0,0
"E020R1","exact","FL_controls","combined_control","all_outputs",121,1,0.0165289256198347,0.983471074380165,0.983471074380165,0,0,0,0,,,0,0,119,119,0,0.983471074380165,1.87962767199679e-05,0.00017109786873295,0.000171097870224735,1.50723877823111e-12,1.46277727708366e-10,1.16491916668515e-07,3.34742124152854e-06,1.17368820253638e-05
"E020R1","exact","FL_controls","combined_control","both_point_converged",121,0,0.0165289256198347,0,0,0,0,,,,,0,0,0,0,0,0,,,,,,,,
"E020R1","exact","FL_controls","combined_control","common_point_converged",121,0.966942148760331,0.0165289256198347,0.966942148760331,0.966942148760331,0,0,0,0,,,0,0,117,117,0,0.966942148760331,1.87962767248528e-05,0.000171097868733305,0.000171097870224735,1.5137890940764e-12,1.46277843171561e-10,1.16491916668515e-07,3.34740886209772e-06,9.45119317671939e-06
"E020R1","exact","FL_controls","combined_control","common_inference_available",121,0.966942148760331,0.0165289256198347,0.966942148760331,0.966942148760331,0,0,0,0,,,0,0,117,117,0,0.966942148760331,1.87962767248528e-05,0.000171097868733305,0.000171097870224735,1.5137890940764e-12,1.46277843171561e-10,1.16491916668515e-07,3.34740886209772e-06,9.45119317671939e-06
"E050R1","exact","FL_controls","combined_control","all_outputs",676,1,0.0029585798816568,0.997041420118343,0.997041420118343,0,0,0,0,,,0,0,674,674,0,0.997041420118343,2.68131134406602e-07,6.10024809872467e-05,0.000138950305659691,4.86277684785819e-14,1.03621471403414e-10,2.77306228424479e-07,1.03012727031837e-06,4.79909612153495e-06
"E050R1","exact","FL_controls","combined_control","both_point_converged",676,0,0.0029585798816568,0,0,0,0,,,,,0,0,0,0,0,0,,,,,,,,
"E050R1","exact","FL_controls","combined_control","common_point_converged",676,0.994082840236686,0.0029585798816568,0.994082840236686,0.994082840236686,0,0,0,0,,,0,0,672,672,0,0.994082840236686,2.68131128466909e-07,6.10024810009779e-05,0.000138950305659691,4.90163465372007e-14,1.03623274405606e-10,2.77306228424479e-07,1.02756651121361e-06,4.79909615243468e-06
"E050R1","exact","FL_controls","combined_control","common_inference_available",676,0.994082840236686,0.0029585798816568,0.994082840236686,0.994082840236686,0,0,0,0,,,0,0,672,672,0,0.994082840236686,2.68131128466909e-07,6.10024810009779e-05,0.000138950305659691,4.90163465372007e-14,1.03623274405606e-10,2.77306228424479e-07,1.02756651121361e-06,4.79909615243468e-06
"E100R1","exact","FL_controls","combined_control","all_outputs",2601,1,0.000768935024990388,0.945405613225683,0.945405613225683,0,0,0,0,,,0,0,2459,2459,0,0.945405613225683,3.07197247964575e-06,3.00715483026259e-05,3.69915355804551e-05,1.55431223447522e-15,4.01410527040014e-11,4.46130075326678e-07,9.82909986735336e-08,2.66989074511392e-06
"E100R1","exact","FL_controls","combined_control","both_point_converged",2601,0,0.000768935024990388,0,0,0,0,,,,,0,0,0,0,0,0,,,,,,,,
"E100R1","exact","FL_controls","combined_control","common_point_converged",2601,0.998462129950019,0.000768935024990388,0.944636678200692,0.944636678200692,0,0,0,0,,,0,0,2457,2457,0,0.944636678200692,3.05799385015397e-06,2.91489484810903e-05,3.69915355804551e-05,1.55431223447522e-15,4.01444122388739e-11,4.46130075326678e-07,9.64501749578517e-08,2.66989074567237e-06
"E100R1","exact","FL_controls","combined_control","common_inference_available",2601,0.991541714725106,0.000768935024990388,0.943867743175702,0.943867743175702,0,0,0,0,,,0,0,2455,2455,0,0.943867743175702,3.05799384528287e-06,2.91489484829643e-05,3.69915355804551e-05,1.55431223447522e-15,4.01477717737464e-11,4.46130075326678e-07,9.82909986735336e-08,2.66989074623081e-06
"E200R1","exact","FL_controls","combined_control","all_outputs",10201,1,0.000196059209881384,0.963336927752181,0.963336927752181,0,0,0,0,,,0,0,9827,9827,0,0.963336927752181,3.64319445411709e-06,2.00240012000208e-05,0.00796429211607175,0,1.85007853481522e-11,1.14928195826813e-06,1.91792274978342e-07,1.12832214960612e-06
"E200R1","exact","FL_controls","combined_control","both_point_converged",10201,0,0.000196059209881384,0,0,0,0,,,,,0,0,0,0,0,0,,,,,,,,
"E200R1","exact","FL_controls","combined_control","common_point_converged",10201,0.999607881580237,0.000196059209881384,0.9631408685423,0.9631408685423,0,0,0,0,,,0,0,9825,9825,0,0.9631408685423,3.64308104683353e-06,2.00240010059716e-05,0.00796429211607175,0,1.85070003766442e-11,1.14928195826813e-06,1.91776028918289e-07,1.12832216824899e-06
"E200R1","exact","FL_controls","combined_control","common_inference_available",10201,0.986962062542888,0.000196059209881384,0.963042838937359,0.963042838937359,0,0,0,0,,,0,0,9824,9824,0,0.963042838937359,3.64308103595334e-06,2.00240010067398e-05,0.00796429211607175,0,1.85101078908902e-11,1.14928195826813e-06,1.91784151948315e-07,1.12832217757042e-06
"E020R4","exact","FL_controls","combined_control","all_outputs",85,1,0.0235294117647059,0.976470588235294,0.976470588235294,0,0,0,0,,,0,0,83,83,0,0.976470588235294,1.97864123165914e-05,0.000171562014113711,0.000171562014115167,2.66744404342489e-11,9.18276243933036e-10,9.18298548313601e-10,1.77726381571652e-05,3.27470213804082e-05
"E020R4","exact","FL_controls","combined_control","both_point_converged",85,0,0.0235294117647059,0,0,0,0,,,,,0,0,0,0,0,0,,,,,,,,
"E020R4","exact","FL_controls","combined_control","common_point_converged",85,0.952941176470588,0.0235294117647059,0.952941176470588,0.952941176470588,0,0,0,0,,,0,0,81,81,0,0.952941176470588,1.97864123174796e-05,0.000171562014113746,0.000171562014115167,2.66752175903662e-11,9.18276787942318e-10,9.18298548313601e-10,1.77726013594892e-05,3.27470214043224e-05
"E020R4","exact","FL_controls","combined_control","common_inference_available",85,0.952941176470588,0.0235294117647059,0.952941176470588,0.952941176470588,0,0,0,0,,,0,0,81,81,0,0.952941176470588,1.97864123174796e-05,0.000171562014113746,0.000171562014115167,2.66752175903662e-11,9.18276787942318e-10,9.18298548313601e-10,1.77726013594892e-05,3.27470214043224e-05
"E050R4","exact","FL_controls","combined_control","all_outputs",451,1,0.00443458980044346,0.995565410199557,0.995565410199557,0,0,0,0,,,0,0,449,449,0,0.995565410199557,3.00032150263307e-06,6.55653537589984e-05,0.000146664497968629,6.28497254240301e-13,6.1559640496256e-10,1.01847619227158e-09,4.47501268840966e-06,1.4007055630243e-05
"E050R4","exact","FL_controls","combined_control","both_point_converged",451,0,0.00443458980044346,0,0,0,0,,,,,0,0,0,0,0,0,,,,,,,,
"E050R4","exact","FL_controls","combined_control","common_point_converged",451,0.991130820399113,0.00443458980044346,0.991130820399113,0.991130820399113,0,0,0,0,,,0,0,447,447,0,0.991130820399113,3.00006777687045e-06,6.55653537610945e-05,0.000146664497968629,6.61914967281518e-13,6.15602897546808e-10,1.01847619227158e-09,4.62330077977829e-06,1.40070560997385e-05
"E050R4","exact","FL_controls","combined_control","common_inference_available",451,0.991130820399113,0.00443458980044346,0.991130820399113,0.991130820399113,0,0,0,0,,,0,0,447,447,0,0.991130820399113,3.00006777687045e-06,6.55653537610945e-05,0.000146664497968629,6.61914967281518e-13,6.15602897546808e-10,1.01847619227158e-09,4.62330077977829e-06,1.40070560997385e-05
"E100R4","exact","FL_controls","combined_control","all_outputs",1701,1,0.00117577895355673,0.990593768371546,0.990593768371546,0,0,0,0,,,0,0,1685,1685,0,0.990593768371546,2.23906646779071e-07,3.93441548579787e-05,0.000176109015008308,3.56381590904675e-14,4.53146427048523e-10,1.79940054034766e-06,2.20494076552669e-06,7.67373149944461e-06
"E100R4","exact","FL_controls","combined_control","both_point_converged",1701,0,0.00117577895355673,0,0,0,0,,,,,0,0,0,0,0,0,,,,,,,,
"E100R4","exact","FL_controls","combined_control","common_point_converged",1701,0.997648442092887,0.00117577895355673,0.989417989417989,0.989417989417989,0,0,0,0,,,0,0,1683,1683,0,0.989417989417989,2.17002982139114e-07,3.93441548597995e-05,0.000176109015008308,3.59712259978551e-14,4.53161861369011e-10,1.79940054034766e-06,2.2366183463074e-06,7.67373150070583e-06
"E100R4","exact","FL_controls","combined_control","common_inference_available",1701,0.997648442092887,0.00117577895355673,0.989417989417989,0.989417989417989,0,0,0,0,,,0,0,1683,1683,0,0.989417989417989,2.17002982139114e-07,3.93441548597995e-05,0.000176109015008308,3.59712259978551e-14,4.53161861369011e-10,1.79940054034766e-06,2.2366183463074e-06,7.67373150070583e-06
"E200R4","exact","FL_controls","combined_control","all_outputs",6601,1,0.00030298439630359,0.948189668232086,0.948189668232086,0,0,0,0,,,0,0,6259,6259,0,0.948189668232086,6.32927419269569e-06,2.7294258336017e-05,0.00138707931972926,4.44089209850063e-16,8.22325185723116e-11,3.77825792874376e-09,3.96781264289103e-07,3.93435232160844e-06
"E200R4","exact","FL_controls","combined_control","both_point_converged",6601,0,0.00030298439630359,0,0,0,0,,,,,0,0,0,0,0,0,,,,,,,,
"E200R4","exact","FL_controls","combined_control","common_point_converged",6601,0.999394031207393,0.00030298439630359,0.947886683835782,0.947886683835782,0,0,0,0,,,0,0,6257,6257,0,0.947886683835782,6.32022555957512e-06,2.7140728284536e-05,0.00138707931972926,4.44089209850063e-16,8.22338597217253e-11,3.77825792874376e-09,3.96804563596032e-07,3.93435261731412e-06
"E200R4","exact","FL_controls","combined_control","common_inference_available",6601,0.995152249659143,0.00030298439630359,0.947886683835782,0.947886683835782,0,0,0,0,,,0,0,6257,6257,0,0.947886683835782,6.32022555957512e-06,2.7140728284536e-05,0.00138707931972926,4.44089209850063e-16,8.22338597217253e-11,3.77825792874376e-09,3.96804563596032e-07,3.93435261731412e-06
"C40R00","simulation","FL_controls","combined_control","all_outputs",2500,1,0.048,0.952,0.952,0,0,0,0,0,0,0,0,2380,2380,0,0.952,5.43091115385863e-05,0.00169696334636349,3.9341075495242,4.38509228928297e-11,8.54403670036419e-09,0.0160545986843633,3.25964212646856e-06,6.59509894904708e-05
"C40R00","simulation","FL_controls","combined_control","both_point_converged",2500,0,0.048,0,0,0,0,,,,,0,0,0,0,0,0,,,,,,,,
"C40R00","simulation","FL_controls","combined_control","common_point_converged",2500,0.8668,0.048,0.8668,0.8668,0,0,0,0,0,0,0,0,2167,2167,0,0.8668,4.81551472510944e-05,0.00107444598843287,3.9341075495242,3.81834563967232e-11,6.6974221724081e-09,9.60925563453507e-07,2.85317200843238e-06,3.52432524981516e-05
"C40R00","simulation","FL_controls","combined_control","common_inference_available",2500,0.8568,0.048,0.8568,0.8568,0,0,0,0,0,0,0,0,2142,2142,0,0.8568,4.73094883431946e-05,0.000999210402965467,3.9341075495242,3.8001712887592e-11,6.6974221724081e-09,9.60925563453507e-07,2.82279063690272e-06,3.51523755340588e-05
"C100R00","simulation","FL_controls","combined_control","all_outputs",2500,1,0.0032,0.9968,0.9968,0,0,0,0,0,0,0,0,2492,2492,0,0.9968,2.31720842371885e-05,0.000455721712819823,0.121892761793184,9.33264576730153e-12,3.45829831438493e-09,9.90149734425572e-08,1.01445997024996e-06,2.59246354894493e-05
"C100R00","simulation","FL_controls","combined_control","both_point_converged",2500,0,0.0032,0,0,0,0,,,,,0,0,0,0,0,0,,,,,,,,
"C100R00","simulation","FL_controls","combined_control","common_point_converged",2500,0.9832,0.0032,0.9832,0.9832,0,0,0,0,0,0,0,0,2458,2458,0,0.9832,2.27506035126446e-05,0.000335842158053268,0.121892761793184,9.10227448969181e-12,2.22839802166419e-09,9.90149734425572e-08,9.88093605713836e-07,1.89110094066525e-05
"C100R00","simulation","FL_controls","combined_control","common_inference_available",2500,0.9828,0.0032,0.9828,0.9828,0,0,0,0,0,0,0,0,2457,2457,0,0.9828,2.27506035126446e-05,0.000335842158053268,0.121892761793184,9.10227448969181e-12,2.22839802166419e-09,9.90149734425572e-08,9.88093605713836e-07,1.85027864870735e-05
"C40R50","simulation","FL_controls","combined_control","all_outputs",2500,1,0.048,0.952,0.952,0,0,0,0,0,0,0,0,2380,2380,0,0.952,5.78761870801969e-05,0.00195886646213772,3.93410759572718,4.64239757747009e-11,7.0316863443054e-09,0.00438268986995483,3.38847273417819e-06,7.41039394407395e-05
"C40R50","simulation","FL_controls","combined_control","both_point_converged",2500,0,0.048,0,0,0,0,,,,,0,0,0,0,0,0,,,,,,,,
"C40R50","simulation","FL_controls","combined_control","common_point_converged",2500,0.8516,0.048,0.8516,0.8516,0,0,0,0,0,0,0,0,2129,2129,0,0.8516,5.08766890008339e-05,0.00139066422497303,3.93410759572718,4.04886124627524e-11,4.94881657875368e-09,2.29560762288195e-07,2.92794120881901e-06,3.23178342713781e-05
"C40R50","simulation","FL_controls","combined_control","common_inference_available",2500,0.8404,0.048,0.8404,0.8404,0,0,0,0,0,0,0,0,2101,2101,0,0.8404,5.03007610759276e-05,0.00130310753510265,3.93410759572718,4.01156885487808e-11,4.94881657875368e-09,2.29560762288195e-07,2.86363769719244e-06,3.17207060104296e-05
"C100R50","simulation","FL_controls","combined_control","all_outputs",2500,1,0.004,0.996,0.996,0,0,0,0,0,0,0,0,2490,2490,0,0.996,2.48371245152867e-05,0.000463495645874445,0.00570228956620822,7.89279752666516e-12,1.90867910365711e-09,2.67065907166852e-08,1.02597397377835e-06,2.12024971073532e-05
"C100R50","simulation","FL_controls","combined_control","both_point_converged",2500,0,0.004,0,0,0,0,,,,,0,0,0,0,0,0,,,,,,,,
"C100R50","simulation","FL_controls","combined_control","common_point_converged",2500,0.982,0.004,0.982,0.982,0,0,0,0,0,0,0,0,2455,2455,0,0.982,2.44445816020011e-05,0.000422227446161383,0.00570228956620822,7.7822193134125e-12,1.40816291960277e-09,1.28619463968249e-08,9.92726167270419e-07,1.57988092870376e-05
"C100R50","simulation","FL_controls","combined_control","common_inference_available",2500,0.9816,0.004,0.9816,0.9816,0,0,0,0,0,0,0,0,2454,2454,0,0.9816,2.44277677974303e-05,0.000422227446161383,0.00570228956620822,7.76778641409237e-12,1.40816291960277e-09,1.28619463968249e-08,9.89972560261343e-07,1.57924413727306e-05
"C40R90","simulation","FL_controls","combined_control","all_outputs",2500,1,0.0524,0.9476,0.9476,0,0,0,0,0,0,0,0,2369,2369,0,0.9476,6.01159819715313e-05,0.00243882885044111,28.6689747646262,2.29491980974217e-11,5.30349231198102e-09,0.0043826903369838,2.67842335510693e-06,6.08798656415166e-05
"C40R90","simulation","FL_controls","combined_control","both_point_converged",2500,0,0.0524,0,0,0,0,,,,,0,0,0,0,0,0,,,,,,,,
"C40R90","simulation","FL_controls","combined_control","common_point_converged",2500,0.8172,0.0524,0.8172,0.8172,0,0,0,0,0,0,0,0,2043,2043,0,0.8172,5.07718314655126e-05,0.00167434261033605,0.831664487558307,2.00673921924022e-11,3.11474934733269e-09,1.86327288709265e-07,2.20601633138529e-06,2.8201217308732e-05
"C40R90","simulation","FL_controls","combined_control","common_inference_available",2500,0.8088,0.0524,0.8088,0.8088,0,0,0,0,0,0,0,0,2022,2022,0,0.8088,5.04991443062153e-05,0.00130312804759125,0.831664487558307,2.00195415800408e-11,3.11474934733269e-09,1.86327288709265e-07,2.18588490952243e-06,2.81298240050465e-05
"C100R90","simulation","FL_controls","combined_control","all_outputs",2500,1,0.0044,0.9956,0.9956,0,0,0,0,0,0,0,0,2489,2489,0,0.9956,2.62255689267299e-05,0.000497185645071063,0.00232752144054293,4.31266133915642e-12,1.25184440591397e-09,2.54751594752634e-06,7.90413666962309e-07,1.60085702520796e-05
"C100R90","simulation","FL_controls","combined_control","both_point_converged",2500,0,0.0044,0,0,0,0,,,,,0,0,0,0,0,0,,,,,,,,
"C100R90","simulation","FL_controls","combined_control","common_point_converged",2500,0.9792,0.0044,0.9792,0.9792,0,0,0,0,0,0,0,0,2448,2448,0,0.9792,2.55548620393675e-05,0.000374872725555697,0.00232752144054293,4.23916457492624e-12,1.20522547497615e-09,4.2577647740849e-08,7.69292917812692e-07,1.38030273456602e-05
"C100R90","simulation","FL_controls","combined_control","common_inference_available",2500,0.9792,0.0044,0.9792,0.9792,0,0,0,0,0,0,0,0,2448,2448,0,0.9792,2.55548620393675e-05,0.000374872725555697,0.00232752144054293,4.23916457492624e-12,1.20522547497615e-09,4.2577647740849e-08,7.69292917812692e-07,1.38030273456602e-05
"C40R99","simulation","FL_controls","combined_control","all_outputs",2500,1,0.0532,0.9468,0.9468,0,0,0,0,0,0,0,0,2367,2367,0,0.9468,5.86685634003103e-05,0.0207202143158414,35.505271816341,5.35438360316220e-12,3.35422345454361e-09,0.0307284811331452,1.23877244018189e-06,3.52460341215277e-05
"C40R99","simulation","FL_controls","combined_control","both_point_converged",2500,0,0.0532,0,0,0,0,,,,,0,0,0,0,0,0,,,,,,,,
"C40R99","simulation","FL_controls","combined_control","common_point_converged",2500,0.7896,0.0532,0.7896,0.7896,0,0,0,0,0,0,0,0,1974,1974,0,0.7896,4.86623136826125e-05,0.00126104199089649,27.5169208615358,4.38538094726937e-12,2.3409666427554e-09,2.90311460426906e-08,9.57130434908748e-07,1.65929839033296e-05
"C40R99","simulation","FL_controls","combined_control","common_inference_available",2500,0.7812,0.0532,0.7812,0.7812,0,0,0,0,0,0,0,0,1953,1953,0,0.7812,4.83401651032445e-05,0.00119479673768641,27.5169208615358,4.38371561273243e-12,2.3409666427554e-09,2.90311460426906e-08,9.43383836549128e-07,1.65224118089391e-05
"C100R99","simulation","FL_controls","combined_control","all_outputs",2500,1,0.0044,0.9956,0.9956,0,0,0,0,0,0,0,0,2489,2489,0,0.9956,2.5316633426975e-05,0.000425605763692438,6.92527521535964,9.4269037020922e-13,5.24713272831434e-10,4.15561895794614e-06,3.6490297966596e-07,1.0088366387162e-05
"C100R99","simulation","FL_controls","combined_control","both_point_converged",2500,0,0.0044,0,0,0,0,,,,,0,0,0,0,0,0,,,,,,,,
"C100R99","simulation","FL_controls","combined_control","common_point_converged",2500,0.9748,0.0044,0.9748,0.9748,0,0,0,0,0,0,0,0,2437,2437,0,0.9748,2.43760589135888e-05,0.000332759558762774,0.00183189736762301,9.13602526964041e-13,4.94683405349861e-10,7.03016767023001e-09,3.57980620591114e-07,6.87454084702388e-06
"C100R99","simulation","FL_controls","combined_control","common_inference_available",2500,0.9744,0.0044,0.9744,0.9744,0,0,0,0,0,0,0,0,2436,2436,0,0.9744,2.43700851423334e-05,0.000332759558762774,0.00183189736762301,9.13269460056654e-13,4.94683405349861e-10,7.03016767023001e-09,3.57852300680861e-07,6.81605398500373e-06
